component_id,route,component,priority,untitled_ui,source_files,desktop_status,mobile_status,desktop_evidence,mobile_evidence,acceptance,blocker
G01,Shared component: all consuming routes,"Shared layout, typography and tokens",P1,https://www.untitledui.com/react/components/page-headers; https://www.untitledui.com/react/components/section-headers,src/components/premium.tsx; src/app/globals.css; DESIGN.md; AGENTS.md,Implemented; partial verification,Implemented; partial verification,"Single-tree namespaced PageHeader/SectionHeader; semantic metrics/actions retained; UI font overrides consolidated. 59 scoped tests, tsc, eslint pass. G01-goals-1440x900.png and G01-goals-1280x800.png under output/playwright/ui-upgrade.","Shared header in explicit workbench Goals passed focus, wrapping and bounds at 390x844,360x800,1023x800,1024x800; screenshots under output/playwright/ui-upgrade. This does not complete the companion Goals task.","No capped app PageShell, duplicated visible headings, inconsistent unit typography or new !important override cascade.","Paid Simple page/Section headers unavailable; local composition registered. 200% zoom, browser long-content/dynamic states, screen-reader/contrast and theme matrix outstanding. Earlier companion /goals summary blocker resolved by P33 full UI; regression checked in goals UI smoke. Broader shared acceptance remains outstanding."
G02,Shared component: all consuming routes,Desktop sidebar,P2,https://www.untitledui.com/react/components/sidebar-navigations,src/components/app/workbench-app-shell.tsx; src/components/app/nav-items.ts,Implemented; partial verification,Implemented; partial verification,"output/playwright/ui-upgrade/command-browser.log:1passed11.3s;12companion/workbench viewport renders, API error/retry, long synthetic session result, no-match, Escape/More focus restoration, desktop group collapse/Enter. Screenshots in command/.30 targeted shared tests pass.","output/playwright/ui-upgrade/command-browser.log:1passed11.3s;12companion/workbench viewport renders, API error/retry, long synthetic session result, no-match, Escape/More focus restoration, desktop group collapse/Enter. Screenshots in command/.30 targeted shared tests pass.",Search and navigation can reach all 98 route families or their canonical parent tasks; admin entries remain role-gated.,"Full98route-family navigation and entity authorization matrix, screenreader/zoom/themes, saved-item actions remain outstanding. Paid command-menu Actions stacked not available; accessible existing cmdk/Radix composition unified and registered."
G03,Shared component: all consuming routes,Global search and command menu,P2,https://www.untitledui.com/react/components/command-menus,src/components/app/global-command-centre.tsx; src/components/app/app-command-menu.tsx,Implemented; partial verification,Implemented; partial verification,"output/playwright/ui-upgrade/command-browser.log:1passed11.3s;12companion/workbench viewport renders, API error/retry, long synthetic session result, no-match, Escape/More focus restoration, desktop group collapse/Enter. Screenshots in command/.30 targeted shared tests pass.","output/playwright/ui-upgrade/command-browser.log:1passed11.3s;12companion/workbench viewport renders, API error/retry, long synthetic session result, no-match, Escape/More focus restoration, desktop group collapse/Enter. Screenshots in command/.30 targeted shared tests pass.","Keyboard shortcuts, selection, Escape and focus restoration work; results retain authorisation and correct entity IDs.","Full98route-family navigation and entity authorization matrix, screenreader/zoom/themes, saved-item actions remain outstanding. Paid command-menu Actions stacked not available; accessible existing cmdk/Radix composition unified and registered."
G04,Shared component: all consuming routes,Breadcrumbs and top toolbar,P2,https://www.untitledui.com/react/components/page-headers; https://www.untitledui.com/react/components/section-headers,src/components/app/desktop-workbench-chrome.tsx,In progress,In progress,Workbench chrome and breadcrumbs now wrap within available width with44px controls.,Workbench chrome and breadcrumbs now wrap within available width with44px controls.,Breadcrumbs preserve parent/entity context and one main content landmark remains.,"Entity breadcrumb audit, nested route context, screen-reader/zoom/theme matrix outstanding."
G05,Shared component: all consuming routes,Account menu and surface switch,P1,https://www.untitledui.com/react/components/avatars; https://www.untitledui.com/react/components/badges; https://www.untitledui.com/react/components/dropdowns,src/components/app/private-app-shell.tsx; src/components/app/app-surface-link.tsx; src/lib/app-surface-server.ts; src/components/app/mobile-screen.tsx,Implemented; partial verification,Implemented; partial verification,"Explicit companion body visible at1440x900,1280x800,1024x800; fixed spacing roles and bottom clearance; native switch roundtrip retains query. G05-today-companion-* screenshots under output/playwright/ui-upgrade.","Companion body visible at390x844,360x800,1023x800; More switch preserves route/query; native links retain beforeunload support. Same G05 screenshot set and browser-final.log.","At 1023/1024px and after an explicit surface choice there is exactly one visible usable main view, with no hydration or redirect loop.","Unsaved drafts on routes without DirtyFormBar, long account identity/avatar-error fixtures, full account action outcomes, screen-reader/zoom/theme checks outstanding. No new React Aria account adapter installed."
G06,Shared component: all consuming routes,Mobile bottom tabs and More navigation,P1,https://www.untitledui.com/react/components/sidebar-navigations,src/components/app/companion-app-shell.tsx; src/components/app/mobile-nav.tsx; src/components/mobile-tab-bar.tsx; src/lib/app-route-capabilities.ts,Implemented; partial verification,Implemented; partial verification,"Searchable More includes all authorised desktop canonical nav tasks plus Privacy; admin items use server role. Wide companion drawer bounded; 1440,1280,1024 browser search/empty/Escape-focus/44px target checks pass.","Same checks pass390x844,360x800,1023x800; five existing tabs preserved. G06-more-* screenshots under output/playwright/ui-upgrade. Unit tests verify player/admin navigation coverage and uniqueness.","44px targets, safe-area padding, active labels, focus trap and return-to-trigger work; no destination is silently dropped.","Many destination tasks still use mobile handoff/summary; this does not complete those tasks. 98-route destination/redirect audit, physical keyboard/safe-area, screen-reader, zoom and dark/contrast matrix remain outstanding."
G07,Shared component: all consuming routes,Notification centre,P2,https://www.untitledui.com/react/components/drawers; https://www.untitledui.com/react/components/section-footers,src/components/app/workbench/notification-centre.tsx,Implemented; partial verification,Implemented; partial verification," Standards-mode notification fixture passes server-confirmed read/failure/reload,dates/focus/bounds at1440/1280/1024; fixtures-final-browser.log.151isolated shared units and isolated Next typegen/tsc pass.", Same fixture passes390/360/1023 with visible close and preserved unread state on failure. No live personal mutations; fixtures-final-browser.log.,Counts and read state update from the server; opening one notification reaches the correct authorised entity.,"Implementation in active working tree; browser, types/lint and full acceptance pending. See UI-UPGRADE-PROGRESS.md continuation."
G08,Shared component: all consuming routes,"Saved views, columns, density, export and copy link",P2,https://www.untitledui.com/react/components/tables; https://www.untitledui.com/react/components/paginations,src/components/app/desktop-workbench-controls.tsx,In progress,In progress,Saved-view/column/density/export/copy toolbar exposed at all widths;44px controls and natural wrapping. Existing scope and persistence retained.,Saved-view/column/density/export/copy toolbar exposed at all widths;44px controls and natural wrapping. Existing scope and persistence retained.,Every consuming table is checked; no toolbar button is a decorative no-op or silently exports the wrong scope.,Every consuming table/export/persistence flow and companion-specific task verification outstanding.
G09,Shared component: all consuming routes,Chart and specialist golf-visual accessibility,P2,https://www.untitledui.com/react/components/section-headers; https://www.untitledui.com/react/components/select; https://www.untitledui.com/react/components/tooltips,src/components/app/chart-accessible-fallback.tsx; src/components/app/responsive-detail-panel.tsx,In progress,In progress,Detail drawer explicit44px Close; chart fallback semantic numeric/unit headers and shared CSV formula sanitization. Specialist renderers retained.,Detail drawer explicit44px Close; chart fallback semantic numeric/unit headers and shared CSV formula sanitization. Specialist renderers retained.,Selected entities remain consistent across visual/table/rail and reduced-motion/render failure has a usable fallback.,"Selection consistency, renderer-failure, reduced-motion and every visual/table consumer matrix outstanding."
G10,Shared component: all consuming routes,Shared forms and confirmation behaviour,P1,https://www.untitledui.com/react/components/modals; https://www.untitledui.com/react/components/buttons,src/components/app/confirm-submit-button.tsx; src/components/app/dirty-form-bar.tsx; src/components/ui/input.tsx; src/components/ui/select.tsx; src/components/ui/dialog.tsx,Implemented; partial verification,Implemented; partial verification,"output/playwright/ui-upgrade/forms-browser.log:1passed11.2s all6sizes; confirmed native name/value, required validation, onClick, failed-save retention, focus/visible final field above footer; React Aria text/select/submit names and current value APIs. Full caller acceptance not claimed. Shared commit8a970995;151tests pass in isolated staged snapshot and types pass after Next typegen. PWA notice moved inside shell to avoid chrome overlap; initial queue loading distinguished from failure.","output/playwright/ui-upgrade/forms-browser.log:1passed11.2s all6sizes; confirmed native name/value, required validation, onClick, failed-save retention, focus/visible final field above footer; React Aria text/select/submit names and current value APIs. Full caller acceptance not claimed.","React Aria event/value APIs are intentionally mapped; no blind Radix prop substitution, duplicate submit or lost draft.","Native and React Aria fixture passes; full caller draft/navigation, screenreader, theme/zoom and software-keyboard matrix outstanding. Paid modal code unavailable; accessible local Radix alternative registered."
G11,Shared component: all consuming routes,"Route loading, error and not-found boundaries",P2,https://www.untitledui.com/react/components/empty-states; https://www.untitledui.com/react/components/loading-indicators; https://www.untitledui.com/react/components/alerts,src/components/app/app-error-state.tsx; src/components/app/app-loading-skeleton.tsx; src/components/segment-error-state.tsx; src/app/global-error.tsx,In progress,In progress,"Inventoried91route boundaries; shared loading status and responsive grid, error recovery links on wide companion,44px actions.","Inventoried91route boundaries; shared loading status and responsive grid, error recovery links on wide companion,44px actions.","Inspect every existing loading.tsx, error.tsx, not-found.tsx and global-error.tsx; no failed route becomes a hidden blank body.","Per-route state fixtures, fault injection and complete viewport/AT/theme checks outstanding. Inventory alone is not acceptance."
G12,Shared component: all consuming routes,Install and update prompts,P2,https://www.untitledui.com/react/components/alerts; https://www.untitledui.com/react/components/notifications,src/components/pwa-register.tsx,In progress,In progress, Shared commit8a970995;151tests pass in isolated staged snapshot and types pass after Next typegen. PWA notice moved inside shell to avoid chrome overlap; initial queue loading distinguished from failure.,,Dismissal behaves consistently across reload/navigation according to a defined policy and update actions preserve unsynced work.,"Implementation in active working tree; browser, types/lint and full acceptance pending. See UI-UPGRADE-PROGRESS.md continuation."
G13,Shared component: all consuming routes,Offline queue and sync status,P2,https://www.untitledui.com/react/components/alerts; https://www.untitledui.com/react/components/notifications,src/components/app/companion-sync-status.tsx; src/components/pwa-register.tsx,In progress,In progress,,,"No cross-account cache leakage, silent lost queue item or false synced state after partial failure.","Implementation in active working tree; browser, types/lint and full acceptance pending. See UI-UPGRADE-PROGRESS.md continuation."
G14,Shared component: all consuming routes,Status labels and achievement feedback,P2,https://www.untitledui.com/react/components/alerts; https://www.untitledui.com/react/components/notifications,src/components/premium.tsx; src/components/achievement-notifications.tsx,In progress,In progress,"Status pills naturally wrap; achievement notices moved into normal flow, neutral cards/tier labels; hover/focus pauses dismissal.","Status pills naturally wrap; achievement notices moved into normal flow, neutral cards/tier labels; hover/focus pauses dismissal.","Colour is not the only status signal, large numbers wrap safely and duplicate unlock notifications are prevented.","Long-content/queued-toast/timing browser fixtures, theme/AT/zoom checks outstanding."
P01-C01,/progress,Progress heading and score explanation,P1,https://www.untitledui.com/react/components/page-headers; https://www.untitledui.com/react/components/section-headers,src/app/(app)/progress/page.tsx,Implemented; partial verification,Implemented; partial verification,"One shared Progress title and current composite snapshot; unchanged golf calculation; no missing-evidence zero. Types pass; browser matrix running. App matrix passes1440x900/1280x800/1024x800; four URL tabs, exact audited unavailable club, Back/Forward/reload, keyboard Arrow/Home. Scoped axe0 at1440. output/playwright/ui-upgrade/progress-final-browser.log1passed49.2s, per-tab screenshots in progress-final.","One shared Progress title and current composite snapshot; unchanged golf calculation; no missing-evidence zero. Types pass; browser matrix running. Same app matrix passes390x844/360x800/1023x800 in explicit companion and workbench; scoped axe0 at360, screenshots in progress-final. Standards-mode control fixture covers long names,zero/steady,carry versus total,period Apply/Reset and source table at all6sizes; fixtures-final-browser.log3passed26.5s.",A score of zero and no change render accurately; no negative zero or claim of improvement when the selected evidence is unchanged.,"Partial acceptance: physical software keyboard/safe-area and screen-reader interaction, native browser200% zoom, full loading/service-error/empty scenario matrix and end-to-end destination task checks remain outstanding. Shared inherited acceptance remains tracked separately."
P01-C02,/progress,"Performance, Goals, Load and Timeline navigation",P1,https://www.untitledui.com/react/components/tabs,src/app/(app)/progress/page.tsx; src/components/ui/tabs.tsx; src/app/progress/progress-companion.tsx,Implemented; partial verification,Implemented; partial verification,"Same four React Aria Underline tabs on both surfaces; validated URL state retains comparison/date/hash; Scoring retained under Performance and full existing timeline available on companion. App matrix passes1440x900/1280x800/1024x800; four URL tabs, exact audited unavailable club, Back/Forward/reload, keyboard Arrow/Home. Scoped axe0 at1440. output/playwright/ui-upgrade/progress-final-browser.log1passed49.2s, per-tab screenshots in progress-final.","Same four React Aria Underline tabs on both surfaces; validated URL state retains comparison/date/hash; Scoring retained under Performance and full existing timeline available on companion. Same app matrix passes390x844/360x800/1023x800 in explicit companion and workbench; scoped axe0 at360, screenshots in progress-final. Standards-mode control fixture covers long names,zero/steady,carry versus total,period Apply/Reset and source table at all6sizes; fixtures-final-browser.log3passed26.5s.",Reload and Back/Forward restore the selected tab and comparison; each tab has a labelled panel.,"Partial acceptance: physical software keyboard/safe-area and screen-reader interaction, native browser200% zoom, full loading/service-error/empty scenario matrix and end-to-end destination task checks remain outstanding. Shared inherited acceptance remains tracked separately."
P01-C03,/progress,"Club, measure and period comparison controls",P1,https://www.untitledui.com/react/components/filter-bars; https://www.untitledui.com/react/components/drawers; https://www.untitledui.com/react/components/date-pickers,src/app/(app)/progress/page.tsx,Implemented; partial verification,Implemented; partial verification,"Owner-filtered dated session comparison with carry/total/control, search/count, period drawer Apply/Reset/Clear; explicit invalid club/measure/date errors, no fallback for requested unavailable club.5pure tests pass. App matrix passes1440x900/1280x800/1024x800; four URL tabs, exact audited unavailable club, Back/Forward/reload, keyboard Arrow/Home. Scoped axe0 at1440. output/playwright/ui-upgrade/progress-final-browser.log1passed49.2s, per-tab screenshots in progress-final.","Owner-filtered dated session comparison with carry/total/control, search/count, period drawer Apply/Reset/Clear; explicit invalid club/measure/date errors, no fallback for requested unavailable club.5pure tests pass. Same app matrix passes390x844/360x800/1023x800 in explicit companion and workbench; scoped axe0 at360, screenshots in progress-final. Standards-mode control fixture covers long names,zero/steady,carry versus total,period Apply/Reset and source table at all6sizes; fixtures-final-browser.log3passed26.5s.",Opening David's exact supplied URL visibly reflects its valid comparison scope or explicitly reports an unavailable club. No hard-coded Driver fallback.,"Partial acceptance: physical software keyboard/safe-area and screen-reader interaction, native browser200% zoom, full loading/service-error/empty scenario matrix and end-to-end destination task checks remain outstanding. Shared inherited acceptance remains tracked separately."
P01-C04,/progress,Historical performance trend,P1,https://www.untitledui.com/react/components/line-bar-charts,src/app/(app)/progress/page.tsx,Implemented; partial verification,Implemented; partial verification,"Removed reconstructed score-minus-momentum trend. Current composite explicitly has no stored history; measured dated session list supports tap selection/source counts/table, steady equal values and sparse states.5pure tests pass. App matrix passes1440x900/1280x800/1024x800; four URL tabs, exact audited unavailable club, Back/Forward/reload, keyboard Arrow/Home. Scoped axe0 at1440. output/playwright/ui-upgrade/progress-final-browser.log1passed49.2s, per-tab screenshots in progress-final.","Removed reconstructed score-minus-momentum trend. Current composite explicitly has no stored history; measured dated session list supports tap selection/source counts/table, steady equal values and sparse states.5pure tests pass. Same app matrix passes390x844/360x800/1023x800 in explicit companion and workbench; scoped axe0 at360, screenshots in progress-final. Standards-mode control fixture covers long names,zero/steady,carry versus total,period Apply/Reset and source table at all6sizes; fixtures-final-browser.log3passed26.5s.","Every plotted point maps to real evidence and a defined calculation window. Two identical values are described as steady, not forward.","Partial acceptance: physical software keyboard/safe-area and screen-reader interaction, native browser200% zoom, full loading/service-error/empty scenario matrix and end-to-end destination task checks remain outstanding. Shared inherited acceptance remains tracked separately."
P01-C05,/progress,Seven-day evidence strip,P1,https://www.untitledui.com/react/components/metrics; https://www.untitledui.com/react/components/tooltips,src/app/(app)/progress/page.tsx,Implemented; partial verification,Implemented; partial verification,"Adjacent7-day windows rank only measured lateral-miss changes with >=3values per session; same weekly component on both surfaces, explicit UTC windows/counts/source links. Future records excluded. Current practice priority separated from decline.  App matrix passes1440x900/1280x800/1024x800; four URL tabs, exact audited unavailable club, Back/Forward/reload, keyboard Arrow/Home. Scoped axe0 at1440. output/playwright/ui-upgrade/progress-final-browser.log1passed49.2s, per-tab screenshots in progress-final.","Same measured weekly evidence component and single practice recommendation as desktop.  Same app matrix passes390x844/360x800/1023x800 in explicit companion and workbench; scoped axe0 at360, screenshots in progress-final. Standards-mode control fixture covers long names,zero/steady,carry versus total,period Apply/Reset and source table at all6sizes; fixtures-final-browser.log3passed26.5s.",The headline blocker and first recommended practice item agree; a practice priority is not falsely labelled the largest weekly decline.,"Partial acceptance: physical software keyboard/safe-area and screen-reader interaction, native browser200% zoom, full loading/service-error/empty scenario matrix and end-to-end destination task checks remain outstanding. Shared inherited acceptance remains tracked separately."
P01-C06,/progress,Primary blocker and next practice callout,P1,https://www.untitledui.com/react/components/section-headers; https://www.untitledui.com/react/components/badges; https://www.untitledui.com/react/components/buttons,src/app/(app)/progress/page.tsx,Implemented; partial verification,Implemented; partial verification,"Both surfaces select the first existing practice priority via one helper; reason/confidence/sample and club-targeted Practice URL agree. Removed unconditional unrelated Driver panel/diagnosis from Progress. App matrix passes1440x900/1280x800/1024x800; four URL tabs, exact audited unavailable club, Back/Forward/reload, keyboard Arrow/Home. Scoped axe0 at1440. output/playwright/ui-upgrade/progress-final-browser.log1passed49.2s, per-tab screenshots in progress-final.","Both surfaces select the first existing practice priority via one helper; reason/confidence/sample and club-targeted Practice URL agree. Removed unconditional unrelated Driver panel/diagnosis from Progress. Same app matrix passes390x844/360x800/1023x800 in explicit companion and workbench; scoped axe0 at360, screenshots in progress-final. Standards-mode control fixture covers long names,zero/steady,carry versus total,period Apply/Reset and source table at all6sizes; fixtures-final-browser.log3passed26.5s.","A single authoritative selector determines the blocker across the headline, card and destination parameters.","Partial acceptance: physical software keyboard/safe-area and screen-reader interaction, native browser200% zoom, full loading/service-error/empty scenario matrix and end-to-end destination task checks remain outstanding. Shared inherited acceptance remains tracked separately."
P01-C07,/progress,Measured goal progress,P1,https://www.untitledui.com/react/components/section-headers; https://www.untitledui.com/react/components/badges; https://www.untitledui.com/react/components/buttons,src/app/(app)/progress/page.tsx,Implemented; partial verification,Implemented; partial verification,"All saved goals now appear; desktop includes evidence source, honest saved-state explanation and edit link, matching companion values; natural wrapping and units retained. App matrix passes1440x900/1280x800/1024x800; four URL tabs, exact audited unavailable club, Back/Forward/reload, keyboard Arrow/Home. Scoped axe0 at1440. output/playwright/ui-upgrade/progress-final-browser.log1passed49.2s, per-tab screenshots in progress-final.","All saved goals now appear; desktop includes evidence source, honest saved-state explanation and edit link, matching companion values; natural wrapping and units retained. Same app matrix passes390x844/360x800/1023x800 in explicit companion and workbench; scoped axe0 at360, screenshots in progress-final. Standards-mode control fixture covers long names,zero/steady,carry versus total,period Apply/Reset and source table at all6sizes; fixtures-final-browser.log3passed26.5s.",Goal figures match /goals for the same saved state; empty goals offer creation.,"Partial acceptance: physical software keyboard/safe-area and screen-reader interaction, native browser200% zoom, full loading/service-error/empty scenario matrix and end-to-end destination task checks remain outstanding. Shared inherited acceptance remains tracked separately."
P01-C08,/progress,Training load story and history,P1,https://www.untitledui.com/react/components/line-bar-charts,src/app/(app)/progress/page.tsx; src/components/progress/progress-training-load-chart.tsx,Implemented; partial verification,Implemented; partial verification,"Selectable7d/4w/3m/6m/1y URL range, existing training selector/renderer, date inspection and semantic table; missing values remain unavailable.  App matrix passes1440x900/1280x800/1024x800; four URL tabs, exact audited unavailable club, Back/Forward/reload, keyboard Arrow/Home. Scoped axe0 at1440. output/playwright/ui-upgrade/progress-final-browser.log1passed49.2s, per-tab screenshots in progress-final.","Existing mobile renderer retained; same range/date values/table and readiness advice with workload explanation.  Same app matrix passes390x844/360x800/1023x800 in explicit companion and workbench; scoped axe0 at360, screenshots in progress-final. Standards-mode control fixture covers long names,zero/steady,carry versus total,period Apply/Reset and source table at all6sizes; fixtures-final-browser.log3passed26.5s.",Values agree with /stats/training-over-time and unsupported dates remain gaps.,"Partial acceptance: physical software keyboard/safe-area and screen-reader interaction, native browser200% zoom, full loading/service-error/empty scenario matrix and end-to-end destination task checks remain outstanding. Shared inherited acceptance remains tracked separately."
P01-C09,/progress,Evidence timeline,P1,https://www.untitledui.com/react/components/activity-feeds; https://www.untitledui.com/react/components/dropdowns,src/app/(app)/progress/page.tsx,Implemented; partial verification,Implemented; partial verification,"Chronological event IDs preserve repeated titles, stable equal-timestamp ordering, scoped source links; six saved snapshots and loaded year explicitly labelled. Goal-specific edit dates unavailable and not inferred from unrelated preferences.  App matrix passes1440x900/1280x800/1024x800; four URL tabs, exact audited unavailable club, Back/Forward/reload, keyboard Arrow/Home. Scoped axe0 at1440. output/playwright/ui-upgrade/progress-final-browser.log1passed49.2s, per-tab screenshots in progress-final. Final timeline fixture passes6sizes:12→15pagination preserves duplicate titles by ID; event filter returns8Practice records; dark CSS200%zoom layout at1440/360 checked. progress-controls-final-browser.log1passed7.7s. This CSS zoom check does not certify native browser zoom.","Same full stream; compact header, Event type filter and Load more12at-a-time implemented after initial app matrix. Final pagination fixture running.  Same app matrix passes390x844/360x800/1023x800 in explicit companion and workbench; scoped axe0 at360, screenshots in progress-final. Standards-mode control fixture covers long names,zero/steady,carry versus total,period Apply/Reset and source table at all6sizes; fixtures-final-browser.log3passed26.5s. Same final pagination/filter/long-content test passes all6sizes; screenshot P01-timeline-360.png. Compact header now exposes actual events sooner.","Every item links to the correct accessible entity, with stable ordering for equal timestamps.","Partial acceptance: physical software keyboard/safe-area and screen-reader interaction, native browser200% zoom, full loading/service-error/empty scenario matrix and end-to-end destination task checks remain outstanding. Shared inherited acceptance remains tracked separately. historical goal edit timestamps do not exist."
P01-C10,/progress,First baseline and incomplete evidence states,P1,https://www.untitledui.com/react/components/empty-states; https://www.untitledui.com/react/components/loading-indicators; https://www.untitledui.com/react/components/alerts,src/app/(app)/progress/page.tsx,Implemented; partial verification,Implemented; partial verification,"Empty evidence retains Goals/Load/Timeline; current snapshot distinguishes missing evidence from zero; comparison distinguishes unavailable club, invalid period, no matches and missing measured fields. App matrix passes1440x900/1280x800/1024x800; four URL tabs, exact audited unavailable club, Back/Forward/reload, keyboard Arrow/Home. Scoped axe0 at1440. output/playwright/ui-upgrade/progress-final-browser.log1passed49.2s, per-tab screenshots in progress-final.","Empty evidence retains Goals/Load/Timeline; current snapshot distinguishes missing evidence from zero; comparison distinguishes unavailable club, invalid period, no matches and missing measured fields. Same app matrix passes390x844/360x800/1023x800 in explicit companion and workbench; scoped axe0 at360, screenshots in progress-final. Standards-mode control fixture covers long names,zero/steady,carry versus total,period Apply/Reset and source table at all6sizes; fixtures-final-browser.log3passed26.5s.","No empty chart, invented zero score or desktop handoff substitutes for missing evidence.","Partial acceptance: physical software keyboard/safe-area and screen-reader interaction, native browser200% zoom, full loading/service-error/empty scenario matrix and end-to-end destination task checks remain outstanding. Shared inherited acceptance remains tracked separately."
P02-C01,/today,Today title and latest-session answer,P2,https://www.untitledui.com/react/components/page-headers; https://www.untitledui.com/react/components/section-headers,src/app/(app)/today/page.tsx; src/app/(app)/today/today-companion-page.tsx,Implemented; partial verification,Implemented; partial verification,"Compact Today header, latest-session answer retained, extra hero heading changed to h2. UI implementation applied; quick checks pending. UI smoke exercised both surfaces at 1440x900,1280x800,390x844,360x800,1023x800,1024x800: all four tabs, one h1, retained-panel visibility and no page overflow assertions passed; 12 screenshots in today-ui-ready. Overall smoke failed on one Unexpected end of JSON input pageerror; cause outstanding. Lint/types pass before final history/readiness refinement.","Compact Today header, latest-session answer retained, extra hero heading changed to h2. UI implementation applied; quick checks pending. UI smoke exercised both surfaces at 1440x900,1280x800,390x844,360x800,1023x800,1024x800: all four tabs, one h1, retained-panel visibility and no page overflow assertions passed; 12 screenshots in today-ui-ready. Overall smoke failed on one Unexpected end of JSON input pageerror; cause outstanding. Lint/types pass before final history/readiness refinement.",One visible h1; latest session date/type matches its linked record.,"Today UI batch under final quick checks. Browser viewport/long/empty/loading/error/selection/action acceptance deferred to integration pass; no complete claim. One runtime JSON pageerror needs attribution/fix; native zoom/AT, complete correction and dynamic-state acceptance deferred. UI implemented does not mean accepted."
P02-C02,/today,Driver development summary on Today,P2,https://www.untitledui.com/react/components/metrics; https://www.untitledui.com/react/components/tooltips,src/app/(app)/today/page.tsx; src/components/analysis/driver-development-panel.tsx,Implemented; partial verification,Implemented; partial verification,"Driver signal now context-dependent and disclosed below the main answer. UI implementation applied; quick checks pending. UI smoke exercised both surfaces at 1440x900,1280x800,390x844,360x800,1023x800,1024x800: all four tabs, one h1, retained-panel visibility and no page overflow assertions passed; 12 screenshots in today-ui-ready. Overall smoke failed on one Unexpected end of JSON input pageerror; cause outstanding. Lint/types pass before final history/readiness refinement.","Driver signal now context-dependent and disclosed below the main answer. UI implementation applied; quick checks pending. UI smoke exercised both surfaces at 1440x900,1280x800,390x844,360x800,1023x800,1024x800: all four tabs, one h1, retained-panel visibility and no page overflow assertions passed; 12 screenshots in today-ui-ready. Overall smoke failed on one Unexpected end of JSON input pageerror; cause outstanding. Lint/types pass before final history/readiness refinement.",No contradiction with /speed or duplicated primary page title.,"Today UI batch under final quick checks. Browser viewport/long/empty/loading/error/selection/action acceptance deferred to integration pass; no complete claim. One runtime JSON pageerror needs attribution/fix; native zoom/AT, complete correction and dynamic-state acceptance deferred. UI implemented does not mean accepted."
P02-C03,/today,"Overview, Practice, Evidence and Data quality tabs",P2,https://www.untitledui.com/react/components/tabs,src/app/(app)/today/page.tsx; src/components/ui/tabs.tsx,Implemented; partial verification,Implemented; partial verification,"Controlled namespaced four-section tabs preserve URL query and mounted panel state; equivalent phone tasks added. UI implementation applied; quick checks pending. UI smoke exercised both surfaces at 1440x900,1280x800,390x844,360x800,1023x800,1024x800: all four tabs, one h1, retained-panel visibility and no page overflow assertions passed; 12 screenshots in today-ui-ready. Overall smoke failed on one Unexpected end of JSON input pageerror; cause outstanding. Lint/types pass before final history/readiness refinement.","Controlled namespaced four-section tabs preserve URL query and mounted panel state; equivalent phone tasks added. UI implementation applied; quick checks pending. UI smoke exercised both surfaces at 1440x900,1280x800,390x844,360x800,1023x800,1024x800: all four tabs, one h1, retained-panel visibility and no page overflow assertions passed; 12 screenshots in today-ui-ready. Overall smoke failed on one Unexpected end of JSON input pageerror; cause outstanding. Lint/types pass before final history/readiness refinement.",All four content areas have a functional destination on both surfaces.,"Today UI batch under final quick checks. Browser viewport/long/empty/loading/error/selection/action acceptance deferred to integration pass; no complete claim. One runtime JSON pageerror needs attribution/fix; native zoom/AT, complete correction and dynamic-state acceptance deferred. UI implemented does not mean accepted."
P02-C04,/today,"Latest verdict, change and scoring trust",P2,https://www.untitledui.com/react/components/metrics; https://www.untitledui.com/react/components/tooltips,src/app/(app)/today/page.tsx; src/components/app/today-primary-answer.tsx,Implemented; partial verification,Implemented; partial verification,"Existing verdict/scoring readouts retained with explicit directional limitation beside the affected evidence. UI implementation applied; quick checks pending. UI smoke exercised both surfaces at 1440x900,1280x800,390x844,360x800,1023x800,1024x800: all four tabs, one h1, retained-panel visibility and no page overflow assertions passed; 12 screenshots in today-ui-ready. Overall smoke failed on one Unexpected end of JSON input pageerror; cause outstanding. Lint/types pass before final history/readiness refinement.","Existing verdict/scoring readouts retained with explicit directional limitation beside the affected evidence. UI implementation applied; quick checks pending. UI smoke exercised both surfaces at 1440x900,1280x800,390x844,360x800,1023x800,1024x800: all four tabs, one h1, retained-panel visibility and no page overflow assertions passed; 12 screenshots in today-ui-ready. Overall smoke failed on one Unexpected end of JSON input pageerror; cause outstanding. Lint/types pass before final history/readiness refinement.",A distance-valid but alignment-limited session keeps its valid distance evidence and warning.,"Today UI batch under final quick checks. Browser viewport/long/empty/loading/error/selection/action acceptance deferred to integration pass; no complete claim. One runtime JSON pageerror needs attribution/fix; native zoom/AT, complete correction and dynamic-state acceptance deferred. UI implemented does not mean accepted."
P02-C05,/today,Shot patterns and dispersion,P2,https://www.untitledui.com/react/components/section-headers; https://www.untitledui.com/react/components/select; https://www.untitledui.com/react/components/tooltips,src/app/(app)/today/page.tsx; src/app/today/today-shot-charts.tsx; src/components/app/mobile-shot-pattern-charts.tsx,Implemented; partial verification,Implemented; partial verification,"Original renderers retained; explicit shot selector complements plot interactions; mobile includes raw evidence with trust filtering. UI implementation applied; quick checks pending. UI smoke exercised both surfaces at 1440x900,1280x800,390x844,360x800,1023x800,1024x800: all four tabs, one h1, retained-panel visibility and no page overflow assertions passed; 12 screenshots in today-ui-ready. Overall smoke failed on one Unexpected end of JSON input pageerror; cause outstanding. Lint/types pass before final history/readiness refinement.","Original renderers retained; explicit shot selector complements plot interactions; mobile includes raw evidence with trust filtering. UI implementation applied; quick checks pending. UI smoke exercised both surfaces at 1440x900,1280x800,390x844,360x800,1023x800,1024x800: all four tabs, one h1, retained-panel visibility and no page overflow assertions passed; 12 screenshots in today-ui-ready. Overall smoke failed on one Unexpected end of JSON input pageerror; cause outstanding. Lint/types pass before final history/readiness refinement.","Selected shot ID stays consistent across plot, table and rail.","Today UI batch under final quick checks. Browser viewport/long/empty/loading/error/selection/action acceptance deferred to integration pass; no complete claim. One runtime JSON pageerror needs attribution/fix; native zoom/AT, complete correction and dynamic-state acceptance deferred. UI implemented does not mean accepted."
P02-C06,/today,Selected shot details,P2,https://www.untitledui.com/react/components/drawers; https://www.untitledui.com/react/components/section-footers,src/app/(app)/today/page.tsx; src/app/today/today-shot-charts.tsx; src/app/today/today-selected-shot-rail.tsx,Implemented; partial verification,Implemented; partial verification,"Selected-shot source/history now reachable in bounded mobile drawer with visible close and shared review rail. UI implementation applied; quick checks pending. UI smoke exercised both surfaces at 1440x900,1280x800,390x844,360x800,1023x800,1024x800: all four tabs, one h1, retained-panel visibility and no page overflow assertions passed; 12 screenshots in today-ui-ready. Overall smoke failed on one Unexpected end of JSON input pageerror; cause outstanding. Lint/types pass before final history/readiness refinement.","Selected-shot source/history now reachable in bounded mobile drawer with visible close and shared review rail. UI implementation applied; quick checks pending. UI smoke exercised both surfaces at 1440x900,1280x800,390x844,360x800,1023x800,1024x800: all four tabs, one h1, retained-panel visibility and no page overflow assertions passed; 12 screenshots in today-ui-ready. Overall smoke failed on one Unexpected end of JSON input pageerror; cause outstanding. Lint/types pass before final history/readiness refinement.","Missing measurements display as unavailable, never zero.","Today UI batch under final quick checks. Browser viewport/long/empty/loading/error/selection/action acceptance deferred to integration pass; no complete claim. One runtime JSON pageerror needs attribution/fix; native zoom/AT, complete correction and dynamic-state acceptance deferred. UI implemented does not mean accepted."
P02-C07,/today,Shot evidence and review actions,P2,https://www.untitledui.com/react/components/tables; https://www.untitledui.com/react/components/paginations,src/app/(app)/today/page.tsx; src/app/shots/shots-master-detail-table.tsx,Implemented; partial verification,Implemented; partial verification,"Phone selected-shot rail exposes reversible review and existing owner-scoped club correction; raw source preserved. UI implementation applied; quick checks pending. UI smoke exercised both surfaces at 1440x900,1280x800,390x844,360x800,1023x800,1024x800: all four tabs, one h1, retained-panel visibility and no page overflow assertions passed; 12 screenshots in today-ui-ready. Overall smoke failed on one Unexpected end of JSON input pageerror; cause outstanding. Lint/types pass before final history/readiness refinement.","Phone selected-shot rail exposes reversible review and existing owner-scoped club correction; raw source preserved. UI implementation applied; quick checks pending. UI smoke exercised both surfaces at 1440x900,1280x800,390x844,360x800,1023x800,1024x800: all four tabs, one h1, retained-panel visibility and no page overflow assertions passed; 12 screenshots in today-ui-ready. Overall smoke failed on one Unexpected end of JSON input pageerror; cause outstanding. Lint/types pass before final history/readiness refinement.","Excluding is reversible, original data remains available and affected summaries refresh consistently.","Today UI batch under final quick checks. Browser viewport/long/empty/loading/error/selection/action acceptance deferred to integration pass; no complete claim. One runtime JSON pageerror needs attribution/fix; native zoom/AT, complete correction and dynamic-state acceptance deferred. UI implemented does not mean accepted."
P02-C08,/today,Alignment and data-quality checks,P2,https://www.untitledui.com/react/components/alerts; https://www.untitledui.com/react/components/notifications,src/app/(app)/today/page.tsx,Implemented; partial verification,Implemented; partial verification,"Session-specific alignment/direction warnings distinguish limited lateral evidence from valid carry/total/speed. UI implementation applied; quick checks pending. UI smoke exercised both surfaces at 1440x900,1280x800,390x844,360x800,1023x800,1024x800: all four tabs, one h1, retained-panel visibility and no page overflow assertions passed; 12 screenshots in today-ui-ready. Overall smoke failed on one Unexpected end of JSON input pageerror; cause outstanding. Lint/types pass before final history/readiness refinement.","Session-specific alignment/direction warnings distinguish limited lateral evidence from valid carry/total/speed. UI implementation applied; quick checks pending. UI smoke exercised both surfaces at 1440x900,1280x800,390x844,360x800,1023x800,1024x800: all four tabs, one h1, retained-panel visibility and no page overflow assertions passed; 12 screenshots in today-ui-ready. Overall smoke failed on one Unexpected end of JSON input pageerror; cause outstanding. Lint/types pass before final history/readiness refinement.",Alignment concerns do not silently invalidate trustworthy carry or ball-speed data.,"Today UI batch under final quick checks. Browser viewport/long/empty/loading/error/selection/action acceptance deferred to integration pass; no complete claim. One runtime JSON pageerror needs attribution/fix; native zoom/AT, complete correction and dynamic-state acceptance deferred. UI implemented does not mean accepted."
P02-C09,/today,"Practice prescription, club performance and current loop",P2,https://www.untitledui.com/react/components/section-headers; https://www.untitledui.com/react/components/badges; https://www.untitledui.com/react/components/buttons,src/app/(app)/today/page.tsx,Implemented; partial verification,Implemented; partial verification,"Existing plan/result and recommendation actions retained together in Practice; no new default drill. UI implementation applied; quick checks pending. UI smoke exercised both surfaces at 1440x900,1280x800,390x844,360x800,1023x800,1024x800: all four tabs, one h1, retained-panel visibility and no page overflow assertions passed; 12 screenshots in today-ui-ready. Overall smoke failed on one Unexpected end of JSON input pageerror; cause outstanding. Lint/types pass before final history/readiness refinement.","Existing plan/result and recommendation actions retained together in Practice; no new default drill. UI implementation applied; quick checks pending. UI smoke exercised both surfaces at 1440x900,1280x800,390x844,360x800,1023x800,1024x800: all four tabs, one h1, retained-panel visibility and no page overflow assertions passed; 12 screenshots in today-ui-ready. Overall smoke failed on one Unexpected end of JSON input pageerror; cause outstanding. Lint/types pass before final history/readiness refinement.","The CTA carries the same club/focus and uses saved evidence, not a generic default drill.","Today UI batch under final quick checks. Browser viewport/long/empty/loading/error/selection/action acceptance deferred to integration pass; no complete claim. One runtime JSON pageerror needs attribution/fix; native zoom/AT, complete correction and dynamic-state acceptance deferred. UI implemented does not mean accepted."
P03-C01,/dashboard,Dashboard overview and priority,P2,https://www.untitledui.com/react/components/page-headers; https://www.untitledui.com/react/components/section-headers,src/app/(app)/dashboard/page.tsx,Implemented; partial verification,Implemented; partial verification,"Compact full-width Dashboard with the same complete task and section links on both surfaces; removed phone redirect and desktop-only handoff. App smoke passed 11.2s: both surfaces at all six sizes, one h1, sections visible, no overflow/pageerrors; 12 screenshots dashboard-ui-smoke. Lint/types pass; 15 route/capability tests pass.","Compact full-width Dashboard with the same complete task and section links on both surfaces; removed phone redirect and desktop-only handoff. App smoke passed 11.2s: both surfaces at all six sizes, one h1, sections visible, no overflow/pageerrors; 12 screenshots dashboard-ui-smoke. Lint/types pass; 15 route/capability tests pass.",Mobile /dashboard shows useful content and chosen actions without silently redirecting to Today.,"Full keyboard/AT/native zoom, dynamic states and saved-plan/speed fixture consistency checks remain outstanding. Paid metrics example unavailable; local semantic metric composition registered. Browser smoke does not cover every interaction."
P03-C02,/dashboard,Driver and speed status,P2,https://www.untitledui.com/react/components/metrics; https://www.untitledui.com/react/components/tooltips,src/app/(app)/dashboard/page.tsx; src/components/analysis/driver-development-panel.tsx,Implemented; partial verification,Implemented; partial verification,"Speed Centre summary reused; source/sample-labelled no-ball, transfer, playing and course metrics; actual driver confidence disclosure. App smoke passed 11.2s: both surfaces at all six sizes, one h1, sections visible, no overflow/pageerrors; 12 screenshots dashboard-ui-smoke. Lint/types pass; 15 route/capability tests pass.","Speed Centre summary reused; source/sample-labelled no-ball, transfer, playing and course metrics; actual driver confidence disclosure. App smoke passed 11.2s: both surfaces at all six sizes, one h1, sections visible, no overflow/pageerrors; 12 screenshots dashboard-ui-smoke. Lint/types pass; 15 route/capability tests pass.",The same saved speed session produces the same summary on Dashboard and Speed Centre.,"Full keyboard/AT/native zoom, dynamic states and saved-plan/speed fixture consistency checks remain outstanding. Paid metrics example unavailable; local semantic metric composition registered. Browser smoke does not cover every interaction."
P03-C03,/dashboard,Recommended practice,P2,https://www.untitledui.com/react/components/section-headers; https://www.untitledui.com/react/components/badges; https://www.untitledui.com/react/components/buttons,src/app/(app)/dashboard/page.tsx,Implemented; partial verification,Implemented; partial verification,"Saved plan ID or focused club/source-session practice handoff; specific drill/reason/duration/evidence. No fake completed balls or analytics link labelled Start. App smoke passed 11.2s: both surfaces at all six sizes, one h1, sections visible, no overflow/pageerrors; 12 screenshots dashboard-ui-smoke. Lint/types pass; 15 route/capability tests pass.","Saved plan ID or focused club/source-session practice handoff; specific drill/reason/duration/evidence. No fake completed balls or analytics link labelled Start. App smoke passed 11.2s: both surfaces at all six sizes, one h1, sections visible, no overflow/pageerrors; 12 screenshots dashboard-ui-smoke. Lint/types pass; 15 route/capability tests pass.",Starting the plan retains its specific target and evidence context.,"Full keyboard/AT/native zoom, dynamic states and saved-plan/speed fixture consistency checks remain outstanding. Paid metrics example unavailable; local semantic metric composition registered. Browser smoke does not cover every interaction."
P03-C04,/dashboard,Since last session,P2,https://www.untitledui.com/react/components/line-bar-charts,src/app/(app)/dashboard/page.tsx,Implemented; partial verification,Implemented; partial verification,"Dated per-club measured comparisons shared with Progress; source counts, selected measurement, date filter, tap detail and table; no fictional baseline delta. App smoke passed 11.2s: both surfaces at all six sizes, one h1, sections visible, no overflow/pageerrors; 12 screenshots dashboard-ui-smoke. Lint/types pass; 15 route/capability tests pass.","Dated per-club measured comparisons shared with Progress; source counts, selected measurement, date filter, tap detail and table; no fictional baseline delta. App smoke passed 11.2s: both surfaces at all six sizes, one h1, sections visible, no overflow/pageerrors; 12 screenshots dashboard-ui-smoke. Lint/types pass; 15 route/capability tests pass.",No comparison appears without a compatible baseline.,"Full keyboard/AT/native zoom, dynamic states and saved-plan/speed fixture consistency checks remain outstanding. Paid metrics example unavailable; local semantic metric composition registered. Browser smoke does not cover every interaction."
P03-C05,/dashboard,Club selector and delivery chart,P2,https://www.untitledui.com/react/components/section-headers; https://www.untitledui.com/react/components/select; https://www.untitledui.com/react/components/tooltips,src/app/(app)/dashboard/page.tsx; src/app/dashboard/face-path-club-selector.tsx,Implemented; partial verification,Implemented; partial verification,"Desktop Aria club select and mobile searchable sheet; chart/diagnosis/sample share selection ID; text metrics/full accessible fallback retained. App smoke passed 11.2s: both surfaces at all six sizes, one h1, sections visible, no overflow/pageerrors; 12 screenshots dashboard-ui-smoke. Lint/types pass; 15 route/capability tests pass.","Desktop Aria club select and mobile searchable sheet; chart/diagnosis/sample share selection ID; text metrics/full accessible fallback retained. App smoke passed 11.2s: both surfaces at all six sizes, one h1, sections visible, no overflow/pageerrors; 12 screenshots dashboard-ui-smoke. Lint/types pass; 15 route/capability tests pass.","Changing club updates visual, sample count and diagnosis together.","Full keyboard/AT/native zoom, dynamic states and saved-plan/speed fixture consistency checks remain outstanding. Paid metrics example unavailable; local semantic metric composition registered. Browser smoke does not cover every interaction."
P03-C06,/dashboard,Round readiness and next action,P2,https://www.untitledui.com/react/components/section-headers; https://www.untitledui.com/react/components/badges; https://www.untitledui.com/react/components/buttons,src/app/(app)/dashboard/page.tsx,Implemented; partial verification,Implemented; partial verification,"Actual permitted course hole/tee counts, trusted bag and dated recent evidence with repair actions; removed cosmetic percentage. App smoke passed 11.2s: both surfaces at all six sizes, one h1, sections visible, no overflow/pageerrors; 12 screenshots dashboard-ui-smoke. Lint/types pass; 15 route/capability tests pass.","Actual permitted course hole/tee counts, trusted bag and dated recent evidence with repair actions; removed cosmetic percentage. App smoke passed 11.2s: both surfaces at all six sizes, one h1, sections visible, no overflow/pageerrors; 12 screenshots dashboard-ui-smoke. Lint/types pass; 15 route/capability tests pass.",Readiness comes from existing conditions rather than a cosmetic progress percentage.,"Full keyboard/AT/native zoom, dynamic states and saved-plan/speed fixture consistency checks remain outstanding. Paid metrics example unavailable; local semantic metric composition registered. Browser smoke does not cover every interaction."
P03-C07,/dashboard,First-run and unavailable-service states,P2,https://www.untitledui.com/react/components/empty-states; https://www.untitledui.com/react/components/loading-indicators; https://www.untitledui.com/react/components/alerts,src/app/(app)/dashboard/page.tsx,Implemented; partial verification,Implemented; partial verification,"User-facing service recovery and first-import empty state; setup variables not exposed. App smoke passed 11.2s: both surfaces at all six sizes, one h1, sections visible, no overflow/pageerrors; 12 screenshots dashboard-ui-smoke. Lint/types pass; 15 route/capability tests pass.","User-facing service recovery and first-import empty state; setup variables not exposed. App smoke passed 11.2s: both surfaces at all six sizes, one h1, sections visible, no overflow/pageerrors; 12 screenshots dashboard-ui-smoke. Lint/types pass; 15 route/capability tests pass.",No raw DATABASE_URL setup instructions appear to ordinary users.,"Full keyboard/AT/native zoom, dynamic states and saved-plan/speed fixture consistency checks remain outstanding. Paid metrics example unavailable; local semantic metric composition registered. Browser smoke does not cover every interaction."
P04-C01,/sessions,History header and import action,P2,https://www.untitledui.com/react/components/page-headers; https://www.untitledui.com/react/components/section-headers,src/app/(app)/sessions/page.tsx; src/app/(app)/sessions/sessions-companion-page.tsx,Implemented; partial verification,Implemented; partial verification,"Shared compact History title/import; URL search/type/source/club/period filters, active chips and Clear all; mobile Apply/Reset sheet; chronological IDs and selected preview preserved; paginated owner-scoped shot measurements, full source/history sheet, scoped CSV; older-history load control. 12 filter/view unit checks pass. App UI smoke passed13.0s: both surfaces six sizes, search/no-match/reset, 390px full shot sheet, inaccessible UUID404; no overflow/pageerrors. Screenshots sessions-ui-final. Lint clean; workspace tsc only unrelated concurrent integration-test typing error, other thread confirms fixed.","Shared compact History title/import; URL search/type/source/club/period filters, active chips and Clear all; mobile Apply/Reset sheet; chronological IDs and selected preview preserved; paginated owner-scoped shot measurements, full source/history sheet, scoped CSV; older-history load control. 12 filter/view unit checks pass. App UI smoke passed13.0s: both surfaces six sizes, search/no-match/reset, 390px full shot sheet, inaccessible UUID404; no overflow/pageerrors. Screenshots sessions-ui-final. Lint clean; workspace tsc only unrelated concurrent integration-test typing error, other thread confirms fixed.","Practice, simulator and round records are clearly distinguished.","Native zoom/AT, complete large-history paging/Back scroll fixture and all permission/service states deferred. Search and filters explicitly cover loaded history; full-dataset server search and scalable cursor loading remain a follow-up. New GET uses owner predicates; cross-account fixture still outstanding."
P04-C02,/sessions,History search and filters,P2,https://www.untitledui.com/react/components/filter-bars; https://www.untitledui.com/react/components/drawers; https://www.untitledui.com/react/components/date-pickers,src/app/(app)/sessions/page.tsx; src/app/sessions/session-history-filter-sheet.tsx,Implemented; partial verification,Implemented; partial verification,"Shared compact History title/import; URL search/type/source/club/period filters, active chips and Clear all; mobile Apply/Reset sheet; chronological IDs and selected preview preserved; paginated owner-scoped shot measurements, full source/history sheet, scoped CSV; older-history load control. 12 filter/view unit checks pass. App UI smoke passed13.0s: both surfaces six sizes, search/no-match/reset, 390px full shot sheet, inaccessible UUID404; no overflow/pageerrors. Screenshots sessions-ui-final. Lint clean; workspace tsc only unrelated concurrent integration-test typing error, other thread confirms fixed.","Shared compact History title/import; URL search/type/source/club/period filters, active chips and Clear all; mobile Apply/Reset sheet; chronological IDs and selected preview preserved; paginated owner-scoped shot measurements, full source/history sheet, scoped CSV; older-history load control. 12 filter/view unit checks pass. App UI smoke passed13.0s: both surfaces six sizes, search/no-match/reset, 390px full shot sheet, inaccessible UUID404; no overflow/pageerrors. Screenshots sessions-ui-final. Lint clean; workspace tsc only unrelated concurrent integration-test typing error, other thread confirms fixed.",Back from a session restores filters and scroll position.,"Native zoom/AT, complete large-history paging/Back scroll fixture and all permission/service states deferred. Search and filters explicitly cover loaded history; full-dataset server search and scalable cursor loading remain a follow-up. New GET uses owner predicates; cross-account fixture still outstanding."
P04-C03,/sessions,Chronological session list,P2,https://www.untitledui.com/react/components/section-headers; https://www.untitledui.com/react/components/badges; https://www.untitledui.com/react/components/buttons,src/app/(app)/sessions/page.tsx; src/app/sessions/session-timeline.tsx; src/app/sessions/sessions-companion-list.tsx,Implemented; partial verification,Implemented; partial verification,"Shared compact History title/import; URL search/type/source/club/period filters, active chips and Clear all; mobile Apply/Reset sheet; chronological IDs and selected preview preserved; paginated owner-scoped shot measurements, full source/history sheet, scoped CSV; older-history load control. 12 filter/view unit checks pass. App UI smoke passed13.0s: both surfaces six sizes, search/no-match/reset, 390px full shot sheet, inaccessible UUID404; no overflow/pageerrors. Screenshots sessions-ui-final. Lint clean; workspace tsc only unrelated concurrent integration-test typing error, other thread confirms fixed.","Shared compact History title/import; URL search/type/source/club/period filters, active chips and Clear all; mobile Apply/Reset sheet; chronological IDs and selected preview preserved; paginated owner-scoped shot measurements, full source/history sheet, scoped CSV; older-history load control. 12 filter/view unit checks pass. App UI smoke passed13.0s: both surfaces six sizes, search/no-match/reset, 390px full shot sheet, inaccessible UUID404; no overflow/pageerrors. Screenshots sessions-ui-final. Lint clean; workspace tsc only unrelated concurrent integration-test typing error, other thread confirms fixed.",Pagination/load-more preserves order and does not duplicate sessions.,"Native zoom/AT, complete large-history paging/Back scroll fixture and all permission/service states deferred. Search and filters explicitly cover loaded history; full-dataset server search and scalable cursor loading remain a follow-up. New GET uses owner predicates; cross-account fixture still outstanding."
P04-C04,/sessions,Selected-session preview,P2,https://www.untitledui.com/react/components/metrics; https://www.untitledui.com/react/components/tooltips,src/app/(app)/sessions/page.tsx; src/app/sessions/session-timeline.tsx,Implemented; partial verification,Implemented; partial verification,"Shared compact History title/import; URL search/type/source/club/period filters, active chips and Clear all; mobile Apply/Reset sheet; chronological IDs and selected preview preserved; paginated owner-scoped shot measurements, full source/history sheet, scoped CSV; older-history load control. 12 filter/view unit checks pass. App UI smoke passed13.0s: both surfaces six sizes, search/no-match/reset, 390px full shot sheet, inaccessible UUID404; no overflow/pageerrors. Screenshots sessions-ui-final. Lint clean; workspace tsc only unrelated concurrent integration-test typing error, other thread confirms fixed.","Shared compact History title/import; URL search/type/source/club/period filters, active chips and Clear all; mobile Apply/Reset sheet; chronological IDs and selected preview preserved; paginated owner-scoped shot measurements, full source/history sheet, scoped CSV; older-history load control. 12 filter/view unit checks pass. App UI smoke passed13.0s: both surfaces six sizes, search/no-match/reset, 390px full shot sheet, inaccessible UUID404; no overflow/pageerrors. Screenshots sessions-ui-final. Lint clean; workspace tsc only unrelated concurrent integration-test typing error, other thread confirms fixed.",Changing selection updates every preview field from the same session ID.,"Native zoom/AT, complete large-history paging/Back scroll fixture and all permission/service states deferred. Search and filters explicitly cover loaded history; full-dataset server search and scalable cursor loading remain a follow-up. New GET uses owner predicates; cross-account fixture still outstanding."
P04-C05,/sessions,Preview shot evidence and detail,P2,https://www.untitledui.com/react/components/tables; https://www.untitledui.com/react/components/paginations,src/app/(app)/sessions/page.tsx; src/app/shots/shots-master-detail-table.tsx; src/app/today/today-shot-charts.tsx; src/app/today/today-selected-shot-rail.tsx,Implemented; partial verification,Implemented; partial verification,"Shared compact History title/import; URL search/type/source/club/period filters, active chips and Clear all; mobile Apply/Reset sheet; chronological IDs and selected preview preserved; paginated owner-scoped shot measurements, full source/history sheet, scoped CSV; older-history load control. 12 filter/view unit checks pass. App UI smoke passed13.0s: both surfaces six sizes, search/no-match/reset, 390px full shot sheet, inaccessible UUID404; no overflow/pageerrors. Screenshots sessions-ui-final. Lint clean; workspace tsc only unrelated concurrent integration-test typing error, other thread confirms fixed.","Shared compact History title/import; URL search/type/source/club/period filters, active chips and Clear all; mobile Apply/Reset sheet; chronological IDs and selected preview preserved; paginated owner-scoped shot measurements, full source/history sheet, scoped CSV; older-history load control. 12 filter/view unit checks pass. App UI smoke passed13.0s: both surfaces six sizes, search/no-match/reset, 390px full shot sheet, inaccessible UUID404; no overflow/pageerrors. Screenshots sessions-ui-final. Lint clean; workspace tsc only unrelated concurrent integration-test typing error, other thread confirms fixed.",No stale shot is displayed after selecting a different session.,"Native zoom/AT, complete large-history paging/Back scroll fixture and all permission/service states deferred. Search and filters explicitly cover loaded history; full-dataset server search and scalable cursor loading remain a follow-up. New GET uses owner predicates; cross-account fixture still outstanding."
P05-C01,/sessions/[sessionId],Session identity and verdict,P2,https://www.untitledui.com/react/components/page-headers; https://www.untitledui.com/react/components/section-headers,src/app/(app)/sessions/[sessionId]/page.tsx; src/app/sessions/mobile-session-story.tsx,Implemented; partial verification,Implemented; partial verification,"Responsive session identity, qualified comparison presentation, source baseline links, plan decisions, same shot patterns and complete paginated editable ledger. App smoke passed 25.6s across both surfaces at 1440x900,1280x800,1023x800,1024x800; session-detail-ui-smoke.log. Final TypeScript passed ui-through-goals-types.log.","Full session task on companion and explicit workbench at 390x844/360x800; three retained URL tabs, all-club metrics, source/history details and correction controls. Same passing app smoke; screenshots in session-detail-ui-smoke. No mutation performed.",One visible h1 and no unsupported verdict for a tiny or unmeasured sample.,"UI implemented; full acceptance remains pending: mutation fixtures, complete baseline/empty/error/permission combinations, native zoom, screen reader and theme matrix. Final small all-club/source-link refinements type/lint checked after browser smoke. New synthetic carry-only regression: session club summary151yd but Performance snapshot median carry is missing for valid150/152yd inputs. Evidence isolated-import-browser screenshot; fix pending."
P05-C02,/sessions/[sessionId],Important numbers and club summary,P2,https://www.untitledui.com/react/components/tables; https://www.untitledui.com/react/components/paginations,src/app/(app)/sessions/[sessionId]/page.tsx; src/components/app/connected-metric-bar.tsx,Implemented; partial verification,Implemented; partial verification,"Responsive session identity, qualified comparison presentation, source baseline links, plan decisions, same shot patterns and complete paginated editable ledger. App smoke passed 25.6s across both surfaces at 1440x900,1280x800,1023x800,1024x800; session-detail-ui-smoke.log. Final TypeScript passed ui-through-goals-types.log.","Full session task on companion and explicit workbench at 390x844/360x800; three retained URL tabs, all-club metrics, source/history details and correction controls. Same passing app smoke; screenshots in session-detail-ui-smoke. No mutation performed.",All figures match selected-session aggregates and exclusions.,"UI implemented; full acceptance remains pending: mutation fixtures, complete baseline/empty/error/permission combinations, native zoom, screen reader and theme matrix. Final small all-club/source-link refinements type/lint checked after browser smoke. New synthetic carry-only regression: session club summary151yd but Performance snapshot median carry is missing for valid150/152yd inputs. Evidence isolated-import-browser screenshot; fix pending."
P05-C03,/sessions/[sessionId],What happened explanation,P2,https://www.untitledui.com/react/components/section-headers; https://www.untitledui.com/react/components/content-dividers,src/app/(app)/sessions/[sessionId]/page.tsx,Implemented; partial verification,Implemented; partial verification,"Responsive session identity, qualified comparison presentation, source baseline links, plan decisions, same shot patterns and complete paginated editable ledger. App smoke passed 25.6s across both surfaces at 1440x900,1280x800,1023x800,1024x800; session-detail-ui-smoke.log. Final TypeScript passed ui-through-goals-types.log.","Full session task on companion and explicit workbench at 390x844/360x800; three retained URL tabs, all-club metrics, source/history details and correction controls. Same passing app smoke; screenshots in session-detail-ui-smoke. No mutation performed.",Claims identify comparable baselines and uncertainty.,"UI implemented; full acceptance remains pending: mutation fixtures, complete baseline/empty/error/permission combinations, native zoom, screen reader and theme matrix. Final small all-club/source-link refinements type/lint checked after browser smoke. New synthetic carry-only regression: session club summary151yd but Performance snapshot median carry is missing for valid150/152yd inputs. Evidence isolated-import-browser screenshot; fix pending."
P05-C04,/sessions/[sessionId],Plan versus actual,P2,https://www.untitledui.com/react/components/progress-steps; https://www.untitledui.com/react/components/progress-indicators,src/app/(app)/sessions/[sessionId]/page.tsx,Implemented; partial verification,Implemented; partial verification,"Responsive session identity, qualified comparison presentation, source baseline links, plan decisions, same shot patterns and complete paginated editable ledger. App smoke passed 25.6s across both surfaces at 1440x900,1280x800,1023x800,1024x800; session-detail-ui-smoke.log. Final TypeScript passed ui-through-goals-types.log.","Full session task on companion and explicit workbench at 390x844/360x800; three retained URL tabs, all-club metrics, source/history details and correction controls. Same passing app smoke; screenshots in session-detail-ui-smoke. No mutation performed.",Unmeasured practice never counts as a measured target success.,"UI implemented; full acceptance remains pending: mutation fixtures, complete baseline/empty/error/permission combinations, native zoom, screen reader and theme matrix. Final small all-club/source-link refinements type/lint checked after browser smoke. New synthetic carry-only regression: session club summary151yd but Performance snapshot median carry is missing for valid150/152yd inputs. Evidence isolated-import-browser screenshot; fix pending."
P05-C05,/sessions/[sessionId],Dispersion report and shot selection,P2,https://www.untitledui.com/react/components/section-headers; https://www.untitledui.com/react/components/select; https://www.untitledui.com/react/components/tooltips,src/app/(app)/sessions/[sessionId]/page.tsx; src/app/today/today-shot-charts.tsx; src/app/sessions/mobile-session-story.tsx,Implemented; partial verification,Implemented; partial verification,"Responsive session identity, qualified comparison presentation, source baseline links, plan decisions, same shot patterns and complete paginated editable ledger. App smoke passed 25.6s across both surfaces at 1440x900,1280x800,1023x800,1024x800; session-detail-ui-smoke.log. Final TypeScript passed ui-through-goals-types.log.","Full session task on companion and explicit workbench at 390x844/360x800; three retained URL tabs, all-club metrics, source/history details and correction controls. Same passing app smoke; screenshots in session-detail-ui-smoke. No mutation performed.",Coordinates and units remain identical across desktop and companion.,"UI implemented; full acceptance remains pending: mutation fixtures, complete baseline/empty/error/permission combinations, native zoom, screen reader and theme matrix. Final small all-club/source-link refinements type/lint checked after browser smoke. New synthetic carry-only regression: session club summary151yd but Performance snapshot median carry is missing for valid150/152yd inputs. Evidence isolated-import-browser screenshot; fix pending."
P05-C06,/sessions/[sessionId],Shot evidence ledger,P2,https://www.untitledui.com/react/components/tables; https://www.untitledui.com/react/components/paginations,src/app/(app)/sessions/[sessionId]/page.tsx; src/app/shots/shots-master-detail-table.tsx,Implemented; partial verification,Implemented; partial verification,"Responsive session identity, qualified comparison presentation, source baseline links, plan decisions, same shot patterns and complete paginated editable ledger. App smoke passed 25.6s across both surfaces at 1440x900,1280x800,1023x800,1024x800; session-detail-ui-smoke.log. Final TypeScript passed ui-through-goals-types.log.","Full session task on companion and explicit workbench at 390x844/360x800; three retained URL tabs, all-club metrics, source/history details and correction controls. Same passing app smoke; screenshots in session-detail-ui-smoke. No mutation performed.",Changes retain raw data and refresh session and bag summaries correctly.,"UI implemented; full acceptance remains pending: mutation fixtures, complete baseline/empty/error/permission combinations, native zoom, screen reader and theme matrix. Final small all-club/source-link refinements type/lint checked after browser smoke. New synthetic carry-only regression: session club summary151yd but Performance snapshot median carry is missing for valid150/152yd inputs. Evidence isolated-import-browser screenshot; fix pending."
P05-C07,/sessions/[sessionId],Alignment and unmeasured-session states,P2,https://www.untitledui.com/react/components/alerts; https://www.untitledui.com/react/components/notifications,src/app/(app)/sessions/[sessionId]/page.tsx; src/components/analysis/session-alignment-panel.tsx; src/app/sessions/mobile-unmeasured-session.tsx,Implemented; partial verification,Implemented; partial verification,"Responsive session identity, qualified comparison presentation, source baseline links, plan decisions, same shot patterns and complete paginated editable ledger. App smoke passed 25.6s across both surfaces at 1440x900,1280x800,1023x800,1024x800; session-detail-ui-smoke.log. Final TypeScript passed ui-through-goals-types.log.","Full session task on companion and explicit workbench at 390x844/360x800; three retained URL tabs, all-club metrics, source/history details and correction controls. Same passing app smoke; screenshots in session-detail-ui-smoke. No mutation performed.",A three-shot or missing-delivery session does not imply a full performance diagnosis.,"UI implemented; full acceptance remains pending: mutation fixtures, complete baseline/empty/error/permission combinations, native zoom, screen reader and theme matrix. Final small all-club/source-link refinements type/lint checked after browser smoke. New synthetic carry-only regression: session club summary151yd but Performance snapshot median carry is missing for valid150/152yd inputs. Evidence isolated-import-browser screenshot; fix pending."
P06-C01,/shots,"Shot search, filters and active scope",P2,https://www.untitledui.com/react/components/filter-bars; https://www.untitledui.com/react/components/drawers; https://www.untitledui.com/react/components/date-pickers,src/app/(app)/shots/page.tsx; src/app/shots/shot-filter-toolbar.tsx; src/app/shots/mobile-shot-filters.tsx,Implemented; partial verification,Implemented; partial verification,"Shared header and complete query-key filters, active chips, server sort and labelled page-only export, existing column/density/saved views and correction controls. App smoke passed16.6s both surfaces at1440x900/1280x800/1023x800/1024x800; shots-ui-fixed.log. Scoped lint/types passed.","Full compact rows on explicit workbench and companion; shared Apply/Reset/Cancel sheet, all Flight/Source/History tabs, correct-club/review controls, page export and result range. Smoke passed390x844/360x800 plusbreakpoints; empty search, copied/reloaded query, Clear filters and focus return verified.14captures in shots-ui-fixed;390workbench inspected.",Refresh and copied links reproduce the same accessible result scope.,"Full acceptance pending: export download/column/density matrix, all filter combinations and compatible selection fixtures, authorised mutation/error fixtures, full keyboard/nativezoom/AT/theme states. Dev issue badge visible in screenshot requires attribution; no pageerrors in passing smoke. Paid reference exports unavailable locally; accessible composition documented."
P06-C02,/shots,Shot table and column tools,P2,https://www.untitledui.com/react/components/tables; https://www.untitledui.com/react/components/paginations,src/app/(app)/shots/page.tsx; src/app/shots/shots-master-detail-table.tsx,Implemented; partial verification,Implemented; partial verification,"Shared header and complete query-key filters, active chips, server sort and labelled page-only export, existing column/density/saved views and correction controls. App smoke passed16.6s both surfaces at1440x900/1280x800/1023x800/1024x800; shots-ui-fixed.log. Scoped lint/types passed.","Full compact rows on explicit workbench and companion; shared Apply/Reset/Cancel sheet, all Flight/Source/History tabs, correct-club/review controls, page export and result range. Smoke passed390x844/360x800 plusbreakpoints; empty search, copied/reloaded query, Clear filters and focus return verified.14captures in shots-ui-fixed;390workbench inspected.","Export/sort applies to the documented dataset scope, not silently just the current visible rows.","Full acceptance pending: export download/column/density matrix, all filter combinations and compatible selection fixtures, authorised mutation/error fixtures, full keyboard/nativezoom/AT/theme states. Dev issue badge visible in screenshot requires attribution; no pageerrors in passing smoke. Paid reference exports unavailable locally; accessible composition documented."
P06-C03,/shots,"Flight, Source and History detail",P2,https://www.untitledui.com/react/components/drawers; https://www.untitledui.com/react/components/section-footers,src/app/(app)/shots/page.tsx; src/app/shots/shots-master-detail-table.tsx,Implemented; partial verification,Implemented; partial verification,"Shared header and complete query-key filters, active chips, server sort and labelled page-only export, existing column/density/saved views and correction controls. App smoke passed16.6s both surfaces at1440x900/1280x800/1023x800/1024x800; shots-ui-fixed.log. Scoped lint/types passed.","Full compact rows on explicit workbench and companion; shared Apply/Reset/Cancel sheet, all Flight/Source/History tabs, correct-club/review controls, page export and result range. Smoke passed390x844/360x800 plusbreakpoints; empty search, copied/reloaded query, Clear filters and focus return verified.14captures in shots-ui-fixed;390workbench inspected.",Switching rows clears stale source/history content.,"Full acceptance pending: export download/column/density matrix, all filter combinations and compatible selection fixtures, authorised mutation/error fixtures, full keyboard/nativezoom/AT/theme states. Dev issue badge visible in screenshot requires attribution; no pageerrors in passing smoke. Paid reference exports unavailable locally; accessible composition documented."
P06-C04,/shots,"Keep, exclude and correct club controls",P2,https://www.untitledui.com/react/components/modals; https://www.untitledui.com/react/components/buttons,src/app/(app)/shots/page.tsx,Implemented; partial verification,Implemented; partial verification,"Shared header and complete query-key filters, active chips, server sort and labelled page-only export, existing column/density/saved views and correction controls. App smoke passed16.6s both surfaces at1440x900/1280x800/1023x800/1024x800; shots-ui-fixed.log. Scoped lint/types passed.","Full compact rows on explicit workbench and companion; shared Apply/Reset/Cancel sheet, all Flight/Source/History tabs, correct-club/review controls, page export and result range. Smoke passed390x844/360x800 plusbreakpoints; empty search, copied/reloaded query, Clear filters and focus return verified.14captures in shots-ui-fixed;390workbench inspected.",No permanent deletion is substituted for an exclusion.,"Full acceptance pending: export download/column/density matrix, all filter combinations and compatible selection fixtures, authorised mutation/error fixtures, full keyboard/nativezoom/AT/theme states. Dev issue badge visible in screenshot requires attribution; no pageerrors in passing smoke. Paid reference exports unavailable locally; accessible composition documented."
P06-C05,/shots,Pagination and empty results,P2,https://www.untitledui.com/react/components/tables; https://www.untitledui.com/react/components/paginations,src/app/(app)/shots/page.tsx,Implemented; partial verification,Implemented; partial verification,"Shared header and complete query-key filters, active chips, server sort and labelled page-only export, existing column/density/saved views and correction controls. App smoke passed16.6s both surfaces at1440x900/1280x800/1023x800/1024x800; shots-ui-fixed.log. Scoped lint/types passed.","Full compact rows on explicit workbench and companion; shared Apply/Reset/Cancel sheet, all Flight/Source/History tabs, correct-club/review controls, page export and result range. Smoke passed390x844/360x800 plusbreakpoints; empty search, copied/reloaded query, Clear filters and focus return verified.14captures in shots-ui-fixed;390workbench inspected.",No matching shots offers Clear filters; no account data offers Import.,"Full acceptance pending: export download/column/density matrix, all filter combinations and compatible selection fixtures, authorised mutation/error fixtures, full keyboard/nativezoom/AT/theme states. Dev issue badge visible in screenshot requires attribution; no pageerrors in passing smoke. Paid reference exports unavailable locally; accessible composition documented."
P07-C01,/shots/review,Suggestion queue and reason,P2,https://www.untitledui.com/react/components/section-headers; https://www.untitledui.com/react/components/badges; https://www.untitledui.com/react/components/buttons,src/app/(app)/shots/review/page.tsx; src/app/shots/mobile-automatic-review.tsx,Implemented; partial verification,Implemented; partial verification,"Compact shared header, full suggestion reasons/identity/counts, controlled Keep confirmation with duplicate guard/error retention/Undo; owner-filtered exact-shot evidence drawer and club correction. Scope lint/types pass; app smoke1passed24.3s both surfaces×six sizes. automatic-review-ui-retry.log.","Same full queue and evidence/correction actions, safe-area scroll sheet, full text, large distinct actions and preserved queue. Passing viewport smoke1440/1280/390/360/1023/1024; invalid shot GET404. Row-specific interaction conditional on available suggestions; full deterministic mutation fixture deferred.",Suggestions explain their evidence; low carry alone is not automatically labelled invalid.,"Acceptance still outstanding: deterministic populated/empty/error queue fixtures, Keep/Exclude/Undo mutations and concurrency, complete keyboard/native zoom/AT/theme checks. Initial browser attempt blocked by sandbox startup; scoped retry outside sandbox passed."
P07-C02,/shots/review,Keep and exclude decisions,P2,https://www.untitledui.com/react/components/modals; https://www.untitledui.com/react/components/buttons,src/app/(app)/shots/review/page.tsx; src/app/shots/mobile-automatic-review.tsx,Implemented; partial verification,Implemented; partial verification,"Compact shared header, full suggestion reasons/identity/counts, controlled Keep confirmation with duplicate guard/error retention/Undo; owner-filtered exact-shot evidence drawer and club correction. Scope lint/types pass; app smoke1passed24.3s both surfaces×six sizes. automatic-review-ui-retry.log.","Same full queue and evidence/correction actions, safe-area scroll sheet, full text, large distinct actions and preserved queue. Passing viewport smoke1440/1280/390/360/1023/1024; invalid shot GET404. Row-specific interaction conditional on available suggestions; full deterministic mutation fixture deferred.",A decision applies once to the selected shot and can be reversed where supported.,"Acceptance still outstanding: deterministic populated/empty/error queue fixtures, Keep/Exclude/Undo mutations and concurrency, complete keyboard/native zoom/AT/theme checks. Initial browser attempt blocked by sandbox startup; scoped retry outside sandbox passed."
P07-C03,/shots/review,Full evidence and club correction,P2,https://www.untitledui.com/react/components/drawers; https://www.untitledui.com/react/components/section-footers,src/app/(app)/shots/review/page.tsx; src/app/shots/shots-master-detail-table.tsx,Implemented; partial verification,Implemented; partial verification,"Compact shared header, full suggestion reasons/identity/counts, controlled Keep confirmation with duplicate guard/error retention/Undo; owner-filtered exact-shot evidence drawer and club correction. Scope lint/types pass; app smoke1passed24.3s both surfaces×six sizes. automatic-review-ui-retry.log.","Same full queue and evidence/correction actions, safe-area scroll sheet, full text, large distinct actions and preserved queue. Passing viewport smoke1440/1280/390/360/1023/1024; invalid shot GET404. Row-specific interaction conditional on available suggestions; full deterministic mutation fixture deferred.",A corrected club uses the existing authorised mutation and refreshes the queue.,"Acceptance still outstanding: deterministic populated/empty/error queue fixtures, Keep/Exclude/Undo mutations and concurrency, complete keyboard/native zoom/AT/theme checks. Initial browser attempt blocked by sandbox startup; scoped retry outside sandbox passed."
P08-C01,/bag,Bag health and selected context,P2,https://www.untitledui.com/react/components/page-headers; https://www.untitledui.com/react/components/section-headers,src/app/(app)/bag/page.tsx,Implemented; partial verification,Implemented; partial verification,Compact same-data health header; six retained URL tabs; unit-aware target inputs/search/reset; existing ladder/geometry; shared club context; benchmark gates; stock-sample review and exact source actions; selectable pattern layers/heat/evolution; complete history and labelled recomputed score estimates; simulator Reset. Lint/types pass. Bag UI smoke1passed32.3s at allsixsizes×bothsurfaces.,"All six complete task areas available with touch explorer preserved. Natural history/evolution rows, table-contained scrolling, full stock sample Sheet and correction/review controls; stock drawer1passed26.1s at sixsizes, search/reset. Target input/reset and pattern layer hide/reset1passed8.1s at360. Logs bag-ui-smoke,bag-stock-ui,bag-controls-ui under output/playwright/ui-upgrade.","Bag score, blocker and recommendation agree with the same underlying readout.","Full acceptance deferred: account-metre roundtrip fixture, all benchmark permission/small-sample cases, mutations/restore consistency, nativezoom/AT/theme/physical gesture/render failure checks. Existing bag score history is recomputed with current methodology and limited loaded shots, explicitly labelled; full dated source coverage for monthly history remains outstanding. No save/deletion performed in UI smoke."
P08-C02,/bag,"Distances, Clubs, Scoring, Fitting, History and Evidence",P2,https://www.untitledui.com/react/components/tabs,src/app/(app)/bag/page.tsx; src/components/ui/tabs.tsx,Implemented; partial verification,Implemented; partial verification,Compact same-data health header; six retained URL tabs; unit-aware target inputs/search/reset; existing ladder/geometry; shared club context; benchmark gates; stock-sample review and exact source actions; selectable pattern layers/heat/evolution; complete history and labelled recomputed score estimates; simulator Reset. Lint/types pass. Bag UI smoke1passed32.3s at allsixsizes×bothsurfaces.,"All six complete task areas available with touch explorer preserved. Natural history/evolution rows, table-contained scrolling, full stock sample Sheet and correction/review controls; stock drawer1passed26.1s at sixsizes, search/reset. Target input/reset and pattern layer hide/reset1passed8.1s at360. Logs bag-ui-smoke,bag-stock-ui,bag-controls-ui under output/playwright/ui-upgrade.",Every desktop tab has a functional mobile equivalent.,"Full acceptance deferred: account-metre roundtrip fixture, all benchmark permission/small-sample cases, mutations/restore consistency, nativezoom/AT/theme/physical gesture/render failure checks. Existing bag score history is recomputed with current methodology and limited loaded shots, explicitly labelled; full dated source coverage for monthly history remains outstanding. No save/deletion performed in UI smoke."
P08-C03,/bag,Target distance and club search,P2,https://www.untitledui.com/react/components/filter-bars; https://www.untitledui.com/react/components/drawers; https://www.untitledui.com/react/components/date-pickers,src/app/(app)/bag/page.tsx; src/app/bag/target-distance-selector.tsx,Implemented; partial verification,Implemented; partial verification,Compact same-data health header; six retained URL tabs; unit-aware target inputs/search/reset; existing ladder/geometry; shared club context; benchmark gates; stock-sample review and exact source actions; selectable pattern layers/heat/evolution; complete history and labelled recomputed score estimates; simulator Reset. Lint/types pass. Bag UI smoke1passed32.3s at allsixsizes×bothsurfaces.,"All six complete task areas available with touch explorer preserved. Natural history/evolution rows, table-contained scrolling, full stock sample Sheet and correction/review controls; stock drawer1passed26.1s at sixsizes, search/reset. Target input/reset and pattern layer hide/reset1passed8.1s at360. Logs bag-ui-smoke,bag-stock-ui,bag-controls-ui under output/playwright/ui-upgrade.",Input conversion preserves stored yards and round-trips in the selected unit.,"Full acceptance deferred: account-metre roundtrip fixture, all benchmark permission/small-sample cases, mutations/restore consistency, nativezoom/AT/theme/physical gesture/render failure checks. Existing bag score history is recomputed with current methodology and limited loaded shots, explicitly labelled; full dated source coverage for monthly history remains outstanding. No save/deletion performed in UI smoke."
P08-C04,/bag,Distance ladder and carry gaps,P2,https://www.untitledui.com/react/components/section-headers; https://www.untitledui.com/react/components/select; https://www.untitledui.com/react/components/tooltips,src/app/(app)/bag/page.tsx; src/app/bag/mobile-bag-ladder.tsx,Implemented; partial verification,Implemented; partial verification,Compact same-data health header; six retained URL tabs; unit-aware target inputs/search/reset; existing ladder/geometry; shared club context; benchmark gates; stock-sample review and exact source actions; selectable pattern layers/heat/evolution; complete history and labelled recomputed score estimates; simulator Reset. Lint/types pass. Bag UI smoke1passed32.3s at allsixsizes×bothsurfaces.,"All six complete task areas available with touch explorer preserved. Natural history/evolution rows, table-contained scrolling, full stock sample Sheet and correction/review controls; stock drawer1passed26.1s at sixsizes, search/reset. Target input/reset and pattern layer hide/reset1passed8.1s at360. Logs bag-ui-smoke,bag-stock-ui,bag-controls-ui under output/playwright/ui-upgrade.","Visual scale, gaps and table values agree; no arbitrary bar lengths.","Full acceptance deferred: account-metre roundtrip fixture, all benchmark permission/small-sample cases, mutations/restore consistency, nativezoom/AT/theme/physical gesture/render failure checks. Existing bag score history is recomputed with current methodology and limited loaded shots, explicitly labelled; full dated source coverage for monthly history remains outstanding. No save/deletion performed in UI smoke."
P08-C05,/bag,Club browser and detail panel,P2,https://www.untitledui.com/react/components/section-headers; https://www.untitledui.com/react/components/badges; https://www.untitledui.com/react/components/buttons,src/app/(app)/bag/page.tsx; src/app/bag/club-intelligence-panel.tsx,Implemented; partial verification,Implemented; partial verification,Compact same-data health header; six retained URL tabs; unit-aware target inputs/search/reset; existing ladder/geometry; shared club context; benchmark gates; stock-sample review and exact source actions; selectable pattern layers/heat/evolution; complete history and labelled recomputed score estimates; simulator Reset. Lint/types pass. Bag UI smoke1passed32.3s at allsixsizes×bothsurfaces.,"All six complete task areas available with touch explorer preserved. Natural history/evolution rows, table-contained scrolling, full stock sample Sheet and correction/review controls; stock drawer1passed26.1s at sixsizes, search/reset. Target input/reset and pattern layer hide/reset1passed8.1s at360. Logs bag-ui-smoke,bag-stock-ui,bag-controls-ui under output/playwright/ui-upgrade.",Club choice updates all dependent values and links to the correct club ID.,"Full acceptance deferred: account-metre roundtrip fixture, all benchmark permission/small-sample cases, mutations/restore consistency, nativezoom/AT/theme/physical gesture/render failure checks. Existing bag score history is recomputed with current methodology and limited loaded shots, explicitly labelled; full dated source coverage for monthly history remains outstanding. No save/deletion performed in UI smoke."
P08-C06,/bag,Distance benchmarks and peer context,P2,https://www.untitledui.com/react/components/tabs,src/app/(app)/bag/page.tsx; src/app/bag/distance-benchmark-panel.tsx,Implemented; partial verification,Implemented; partial verification,Compact same-data health header; six retained URL tabs; unit-aware target inputs/search/reset; existing ladder/geometry; shared club context; benchmark gates; stock-sample review and exact source actions; selectable pattern layers/heat/evolution; complete history and labelled recomputed score estimates; simulator Reset. Lint/types pass. Bag UI smoke1passed32.3s at allsixsizes×bothsurfaces.,"All six complete task areas available with touch explorer preserved. Natural history/evolution rows, table-contained scrolling, full stock sample Sheet and correction/review controls; stock drawer1passed26.1s at sixsizes, search/reset. Target input/reset and pattern layer hide/reset1passed8.1s at360. Logs bag-ui-smoke,bag-stock-ui,bag-controls-ui under output/playwright/ui-upgrade.","No gated peer data leaks; absent benchmarks are unavailable, not zero or invented.","Full acceptance deferred: account-metre roundtrip fixture, all benchmark permission/small-sample cases, mutations/restore consistency, nativezoom/AT/theme/physical gesture/render failure checks. Existing bag score history is recomputed with current methodology and limited loaded shots, explicitly labelled; full dated source coverage for monthly history remains outstanding. No save/deletion performed in UI smoke."
P08-C07,/bag,Best-stock sample filters,P2,https://www.untitledui.com/react/components/filter-bars; https://www.untitledui.com/react/components/drawers; https://www.untitledui.com/react/components/date-pickers,src/app/(app)/bag/page.tsx,Implemented; partial verification,Implemented; partial verification,Compact same-data health header; six retained URL tabs; unit-aware target inputs/search/reset; existing ladder/geometry; shared club context; benchmark gates; stock-sample review and exact source actions; selectable pattern layers/heat/evolution; complete history and labelled recomputed score estimates; simulator Reset. Lint/types pass. Bag UI smoke1passed32.3s at allsixsizes×bothsurfaces.,"All six complete task areas available with touch explorer preserved. Natural history/evolution rows, table-contained scrolling, full stock sample Sheet and correction/review controls; stock drawer1passed26.1s at sixsizes, search/reset. Target input/reset and pattern layer hide/reset1passed8.1s at360. Logs bag-ui-smoke,bag-stock-ui,bag-controls-ui under output/playwright/ui-upgrade.","Changing filters updates ladder, recommended numbers and evidence consistently.","Full acceptance deferred: account-metre roundtrip fixture, all benchmark permission/small-sample cases, mutations/restore consistency, nativezoom/AT/theme/physical gesture/render failure checks. Existing bag score history is recomputed with current methodology and limited loaded shots, explicitly labelled; full dated source coverage for monthly history remains outstanding. No save/deletion performed in UI smoke."
P08-C08,/bag,Shot-pattern overlays,P2,https://www.untitledui.com/react/components/section-headers; https://www.untitledui.com/react/components/select; https://www.untitledui.com/react/components/tooltips,src/app/(app)/bag/page.tsx,Implemented; partial verification,Implemented; partial verification,Compact same-data health header; six retained URL tabs; unit-aware target inputs/search/reset; existing ladder/geometry; shared club context; benchmark gates; stock-sample review and exact source actions; selectable pattern layers/heat/evolution; complete history and labelled recomputed score estimates; simulator Reset. Lint/types pass. Bag UI smoke1passed32.3s at allsixsizes×bothsurfaces.,"All six complete task areas available with touch explorer preserved. Natural history/evolution rows, table-contained scrolling, full stock sample Sheet and correction/review controls; stock drawer1passed26.1s at sixsizes, search/reset. Target input/reset and pattern layer hide/reset1passed8.1s at360. Logs bag-ui-smoke,bag-stock-ui,bag-controls-ui under output/playwright/ui-upgrade.",Disabled/insufficient layers are explained rather than plotted as certainty.,"Full acceptance deferred: account-metre roundtrip fixture, all benchmark permission/small-sample cases, mutations/restore consistency, nativezoom/AT/theme/physical gesture/render failure checks. Existing bag score history is recomputed with current methodology and limited loaded shots, explicitly labelled; full dated source coverage for monthly history remains outstanding. No save/deletion performed in UI smoke."
P08-C09,/bag,Confidence by club and carry window,P2,https://www.untitledui.com/react/components/section-headers; https://www.untitledui.com/react/components/select; https://www.untitledui.com/react/components/tooltips,src/app/(app)/bag/page.tsx,Implemented; partial verification,Implemented; partial verification,Compact same-data health header; six retained URL tabs; unit-aware target inputs/search/reset; existing ladder/geometry; shared club context; benchmark gates; stock-sample review and exact source actions; selectable pattern layers/heat/evolution; complete history and labelled recomputed score estimates; simulator Reset. Lint/types pass. Bag UI smoke1passed32.3s at allsixsizes×bothsurfaces.,"All six complete task areas available with touch explorer preserved. Natural history/evolution rows, table-contained scrolling, full stock sample Sheet and correction/review controls; stock drawer1passed26.1s at sixsizes, search/reset. Target input/reset and pattern layer hide/reset1passed8.1s at360. Logs bag-ui-smoke,bag-stock-ui,bag-controls-ui under output/playwright/ui-upgrade.",Confidence is understandable without colour perception or hover.,"Full acceptance deferred: account-metre roundtrip fixture, all benchmark permission/small-sample cases, mutations/restore consistency, nativezoom/AT/theme/physical gesture/render failure checks. Existing bag score history is recomputed with current methodology and limited loaded shots, explicitly labelled; full dated source coverage for monthly history remains outstanding. No save/deletion performed in UI smoke."
P08-C10,/bag,"Full, three-quarter and half wedge matrix",P2,https://www.untitledui.com/react/components/tables; https://www.untitledui.com/react/components/paginations,src/app/(app)/bag/page.tsx,Implemented; partial verification,Implemented; partial verification,Compact same-data health header; six retained URL tabs; unit-aware target inputs/search/reset; existing ladder/geometry; shared club context; benchmark gates; stock-sample review and exact source actions; selectable pattern layers/heat/evolution; complete history and labelled recomputed score estimates; simulator Reset. Lint/types pass. Bag UI smoke1passed32.3s at allsixsizes×bothsurfaces.,"All six complete task areas available with touch explorer preserved. Natural history/evolution rows, table-contained scrolling, full stock sample Sheet and correction/review controls; stock drawer1passed26.1s at sixsizes, search/reset. Target input/reset and pattern layer hide/reset1passed8.1s at360. Logs bag-ui-smoke,bag-stock-ui,bag-controls-ui under output/playwright/ui-upgrade.",Missing partial-shot data stays missing; full-shot values are not copied into empty cells.,"Full acceptance deferred: account-metre roundtrip fixture, all benchmark permission/small-sample cases, mutations/restore consistency, nativezoom/AT/theme/physical gesture/render failure checks. Existing bag score history is recomputed with current methodology and limited loaded shots, explicitly labelled; full dated source coverage for monthly history remains outstanding. No save/deletion performed in UI smoke."
P08-C11,/bag,Bag builder and gapping recommendations,P2,https://www.untitledui.com/react/components/section-headers; https://www.untitledui.com/react/components/badges; https://www.untitledui.com/react/components/buttons,src/app/(app)/bag/page.tsx,Implemented; partial verification,Implemented; partial verification,Compact same-data health header; six retained URL tabs; unit-aware target inputs/search/reset; existing ladder/geometry; shared club context; benchmark gates; stock-sample review and exact source actions; selectable pattern layers/heat/evolution; complete history and labelled recomputed score estimates; simulator Reset. Lint/types pass. Bag UI smoke1passed32.3s at allsixsizes×bothsurfaces.,"All six complete task areas available with touch explorer preserved. Natural history/evolution rows, table-contained scrolling, full stock sample Sheet and correction/review controls; stock drawer1passed26.1s at sixsizes, search/reset. Target input/reset and pattern layer hide/reset1passed8.1s at360. Logs bag-ui-smoke,bag-stock-ui,bag-controls-ui under output/playwright/ui-upgrade.",No equipment recommendation silently changes saved bag contents.,"Full acceptance deferred: account-metre roundtrip fixture, all benchmark permission/small-sample cases, mutations/restore consistency, nativezoom/AT/theme/physical gesture/render failure checks. Existing bag score history is recomputed with current methodology and limited loaded shots, explicitly labelled; full dated source coverage for monthly history remains outstanding. No save/deletion performed in UI smoke."
P08-C12,/bag,What happens if I change a club?,P2,https://www.untitledui.com/react/components/sliders; https://www.untitledui.com/react/components/inputs,src/app/(app)/bag/page.tsx; src/app/bag/lazy-bag-simulator.tsx,Implemented; partial verification,Implemented; partial verification,Compact same-data health header; six retained URL tabs; unit-aware target inputs/search/reset; existing ladder/geometry; shared club context; benchmark gates; stock-sample review and exact source actions; selectable pattern layers/heat/evolution; complete history and labelled recomputed score estimates; simulator Reset. Lint/types pass. Bag UI smoke1passed32.3s at allsixsizes×bothsurfaces.,"All six complete task areas available with touch explorer preserved. Natural history/evolution rows, table-contained scrolling, full stock sample Sheet and correction/review controls; stock drawer1passed26.1s at sixsizes, search/reset. Target input/reset and pattern layer hide/reset1passed8.1s at360. Logs bag-ui-smoke,bag-stock-ui,bag-controls-ui under output/playwright/ui-upgrade.",Reset returns to the current saved bag; simulations do not persist equipment changes.,"Full acceptance deferred: account-metre roundtrip fixture, all benchmark permission/small-sample cases, mutations/restore consistency, nativezoom/AT/theme/physical gesture/render failure checks. Existing bag score history is recomputed with current methodology and limited loaded shots, explicitly labelled; full dated source coverage for monthly history remains outstanding. No save/deletion performed in UI smoke."
P08-C13,/bag,Personal bests and supporting distance table,P2,https://www.untitledui.com/react/components/tables; https://www.untitledui.com/react/components/paginations,src/app/(app)/bag/page.tsx,Implemented; partial verification,Implemented; partial verification,Compact same-data health header; six retained URL tabs; unit-aware target inputs/search/reset; existing ladder/geometry; shared club context; benchmark gates; stock-sample review and exact source actions; selectable pattern layers/heat/evolution; complete history and labelled recomputed score estimates; simulator Reset. Lint/types pass. Bag UI smoke1passed32.3s at allsixsizes×bothsurfaces.,"All six complete task areas available with touch explorer preserved. Natural history/evolution rows, table-contained scrolling, full stock sample Sheet and correction/review controls; stock drawer1passed26.1s at sixsizes, search/reset. Target input/reset and pattern layer hide/reset1passed8.1s at360. Logs bag-ui-smoke,bag-stock-ui,bag-controls-ui under output/playwright/ui-upgrade.",Peak total is not substituted for a trusted carry recommendation.,"Full acceptance deferred: account-metre roundtrip fixture, all benchmark permission/small-sample cases, mutations/restore consistency, nativezoom/AT/theme/physical gesture/render failure checks. Existing bag score history is recomputed with current methodology and limited loaded shots, explicitly labelled; full dated source coverage for monthly history remains outstanding. No save/deletion performed in UI smoke."
P08-C14,/bag,Club evolution and bag score history,P2,https://www.untitledui.com/react/components/line-bar-charts,src/app/(app)/bag/page.tsx,Implemented; partial verification,Implemented; partial verification,Compact same-data health header; six retained URL tabs; unit-aware target inputs/search/reset; existing ladder/geometry; shared club context; benchmark gates; stock-sample review and exact source actions; selectable pattern layers/heat/evolution; complete history and labelled recomputed score estimates; simulator Reset. Lint/types pass. Bag UI smoke1passed32.3s at allsixsizes×bothsurfaces.,"All six complete task areas available with touch explorer preserved. Natural history/evolution rows, table-contained scrolling, full stock sample Sheet and correction/review controls; stock drawer1passed26.1s at sixsizes, search/reset. Target input/reset and pattern layer hide/reset1passed8.1s at360. Logs bag-ui-smoke,bag-stock-ui,bag-controls-ui under output/playwright/ui-upgrade.",All points link to dated evidence; methodology changes are labelled.,"Full acceptance deferred: account-metre roundtrip fixture, all benchmark permission/small-sample cases, mutations/restore consistency, nativezoom/AT/theme/physical gesture/render failure checks. Existing bag score history is recomputed with current methodology and limited loaded shots, explicitly labelled; full dated source coverage for monthly history remains outstanding. No save/deletion performed in UI smoke."
P08-C15,/bag,Equipment and baseline history,P2,https://www.untitledui.com/react/components/activity-feeds; https://www.untitledui.com/react/components/dropdowns,src/app/(app)/bag/page.tsx,Implemented; partial verification,Implemented; partial verification,Compact same-data health header; six retained URL tabs; unit-aware target inputs/search/reset; existing ladder/geometry; shared club context; benchmark gates; stock-sample review and exact source actions; selectable pattern layers/heat/evolution; complete history and labelled recomputed score estimates; simulator Reset. Lint/types pass. Bag UI smoke1passed32.3s at allsixsizes×bothsurfaces.,"All six complete task areas available with touch explorer preserved. Natural history/evolution rows, table-contained scrolling, full stock sample Sheet and correction/review controls; stock drawer1passed26.1s at sixsizes, search/reset. Target input/reset and pattern layer hide/reset1passed8.1s at360. Logs bag-ui-smoke,bag-stock-ui,bag-controls-ui under output/playwright/ui-upgrade.",Retired clubs remain discoverable without entering the active recommendation set.,"Full acceptance deferred: account-metre roundtrip fixture, all benchmark permission/small-sample cases, mutations/restore consistency, nativezoom/AT/theme/physical gesture/render failure checks. Existing bag score history is recomputed with current methodology and limited loaded shots, explicitly labelled; full dated source coverage for monthly history remains outstanding. No save/deletion performed in UI smoke."
P08-C16,/bag,Speed potential reference,P2,https://www.untitledui.com/react/components/metrics; https://www.untitledui.com/react/components/tooltips,src/app/(app)/bag/page.tsx,Implemented; partial verification,Implemented; partial verification,Compact same-data health header; six retained URL tabs; unit-aware target inputs/search/reset; existing ladder/geometry; shared club context; benchmark gates; stock-sample review and exact source actions; selectable pattern layers/heat/evolution; complete history and labelled recomputed score estimates; simulator Reset. Lint/types pass. Bag UI smoke1passed32.3s at allsixsizes×bothsurfaces.,"All six complete task areas available with touch explorer preserved. Natural history/evolution rows, table-contained scrolling, full stock sample Sheet and correction/review controls; stock drawer1passed26.1s at sixsizes, search/reset. Target input/reset and pattern layer hide/reset1passed8.1s at360. Logs bag-ui-smoke,bag-stock-ui,bag-controls-ui under output/playwright/ui-upgrade.",Moving a speed target never changes the bag's trusted carry values.,"Full acceptance deferred: account-metre roundtrip fixture, all benchmark permission/small-sample cases, mutations/restore consistency, nativezoom/AT/theme/physical gesture/render failure checks. Existing bag score history is recomputed with current methodology and limited loaded shots, explicitly labelled; full dated source coverage for monthly history remains outstanding. No save/deletion performed in UI smoke."
P09-C01,/bag/[clubId],"Club identity, specification and primary number",P2,https://www.untitledui.com/react/components/page-headers; https://www.untitledui.com/react/components/section-headers,src/app/(app)/bag/[clubId]/page.tsx; src/app/bag/[clubId]/club-detail-client.tsx,Implemented; partial verification,Implemented; partial verification,"Club profile six retained analysis tabs, range/shot URL selection, full source/history/correction. Browser smoke passed 41.1s across six requested sizes and both surfaces; 12 screenshots club-ui-smoke. Final TypeScript and scoped lint passed. Selected-shot URL and qualified monthly-source refinements followed smoke.","Club profile six retained analysis tabs, range/shot URL selection, full source/history/correction. Browser smoke passed 41.1s across six requested sizes and both surfaces; 12 screenshots club-ui-smoke. Final TypeScript and scoped lint passed. Selected-shot URL and qualified monthly-source refinements followed smoke.",An unavailable/retired club has a meaningful state and correct back-to-bag action.,"Full acceptance pending: mutation fixtures, all loading/error/empty and permissions, screen reader, zoom/theme matrix; final URL/month refinements need browser check. Broad unit baseline has 70 failures requiring classification and fixes."
P09-C02,/bag/[clubId],Club Intelligence,P2,https://www.untitledui.com/react/components/metrics; https://www.untitledui.com/react/components/tooltips,src/app/(app)/bag/[clubId]/page.tsx; src/app/bag/[clubId]/club-detail-client.tsx,Implemented; partial verification,Implemented; partial verification,"Club profile six retained analysis tabs, range/shot URL selection, full source/history/correction. Browser smoke passed 41.1s across six requested sizes and both surfaces; 12 screenshots club-ui-smoke. Final TypeScript and scoped lint passed. Selected-shot URL and qualified monthly-source refinements followed smoke.","Club profile six retained analysis tabs, range/shot URL selection, full source/history/correction. Browser smoke passed 41.1s across six requested sizes and both surfaces; 12 screenshots club-ui-smoke. Final TypeScript and scoped lint passed. Selected-shot URL and qualified monthly-source refinements followed smoke.",All readouts use the selected club ID and current exclusion scope.,"Full acceptance pending: mutation fixtures, all loading/error/empty and permissions, screen reader, zoom/theme matrix; final URL/month refinements need browser check. Broad unit baseline has 70 failures requiring classification and fixes."
P09-C03,/bag/[clubId],Club analysis tabs,P2,https://www.untitledui.com/react/components/tabs,src/app/(app)/bag/[clubId]/page.tsx; src/app/bag/[clubId]/club-analysis-tabs.tsx,Implemented; partial verification,Implemented; partial verification,"Club profile six retained analysis tabs, range/shot URL selection, full source/history/correction. Browser smoke passed 41.1s across six requested sizes and both surfaces; 12 screenshots club-ui-smoke. Final TypeScript and scoped lint passed. Selected-shot URL and qualified monthly-source refinements followed smoke.","Club profile six retained analysis tabs, range/shot URL selection, full source/history/correction. Browser smoke passed 41.1s across six requested sizes and both surfaces; 12 screenshots club-ui-smoke. Final TypeScript and scoped lint passed. Selected-shot URL and qualified monthly-source refinements followed smoke.",No panel is discarded during migration.,"Full acceptance pending: mutation fixtures, all loading/error/empty and permissions, screen reader, zoom/theme matrix; final URL/month refinements need browser check. Broad unit baseline has 70 failures requiring classification and fixes."
P09-C04,/bag/[clubId],Dispersion map,P2,https://www.untitledui.com/react/components/section-headers; https://www.untitledui.com/react/components/select; https://www.untitledui.com/react/components/tooltips,src/app/(app)/bag/[clubId]/page.tsx; src/app/bag/[clubId]/club-analysis-tabs.tsx,Implemented; partial verification,Implemented; partial verification,"Club profile six retained analysis tabs, range/shot URL selection, full source/history/correction. Browser smoke passed 41.1s across six requested sizes and both surfaces; 12 screenshots club-ui-smoke. Final TypeScript and scoped lint passed. Selected-shot URL and qualified monthly-source refinements followed smoke.","Club profile six retained analysis tabs, range/shot URL selection, full source/history/correction. Browser smoke passed 41.1s across six requested sizes and both surfaces; 12 screenshots club-ui-smoke. Final TypeScript and scoped lint passed. Selected-shot URL and qualified monthly-source refinements followed smoke.",Map selection and shot table selection refer to the same shot.,"Full acceptance pending: mutation fixtures, all loading/error/empty and permissions, screen reader, zoom/theme matrix; final URL/month refinements need browser check. Broad unit baseline has 70 failures requiring classification and fixes."
P09-C05,/bag/[clubId],Shot evidence table,P2,https://www.untitledui.com/react/components/tables; https://www.untitledui.com/react/components/paginations,src/app/(app)/bag/[clubId]/page.tsx; src/app/bag/[clubId]/club-analysis-tabs.tsx,Implemented; partial verification,Implemented; partial verification,"Club profile six retained analysis tabs, range/shot URL selection, full source/history/correction. Browser smoke passed 41.1s across six requested sizes and both surfaces; 12 screenshots club-ui-smoke. Final TypeScript and scoped lint passed. Selected-shot URL and qualified monthly-source refinements followed smoke.","Club profile six retained analysis tabs, range/shot URL selection, full source/history/correction. Browser smoke passed 41.1s across six requested sizes and both surfaces; 12 screenshots club-ui-smoke. Final TypeScript and scoped lint passed. Selected-shot URL and qualified monthly-source refinements followed smoke.",Excluded shots stay inspectable and do not silently re-enter trusted aggregates.,"Full acceptance pending: mutation fixtures, all loading/error/empty and permissions, screen reader, zoom/theme matrix; final URL/month refinements need browser check. Broad unit baseline has 70 failures requiring classification and fixes."
P09-C06,/bag/[clubId],Club Evolution and What Changed?,P2,https://www.untitledui.com/react/components/line-bar-charts,src/app/(app)/bag/[clubId]/page.tsx; src/app/bag/[clubId]/club-detail-client.tsx,Implemented; partial verification,Implemented; partial verification,"Club profile six retained analysis tabs, range/shot URL selection, full source/history/correction. Browser smoke passed 41.1s across six requested sizes and both surfaces; 12 screenshots club-ui-smoke. Final TypeScript and scoped lint passed. Selected-shot URL and qualified monthly-source refinements followed smoke.","Club profile six retained analysis tabs, range/shot URL selection, full source/history/correction. Browser smoke passed 41.1s across six requested sizes and both surfaces; 12 screenshots club-ui-smoke. Final TypeScript and scoped lint passed. Selected-shot URL and qualified monthly-source refinements followed smoke.",No historical curve is manufactured from a current summary.,"Full acceptance pending: mutation fixtures, all loading/error/empty and permissions, screen reader, zoom/theme matrix; final URL/month refinements need browser check. Broad unit baseline has 70 failures requiring classification and fixes."
P10-C01,/bag/[clubId]/analytics,Analytics header and decision support,P2,https://www.untitledui.com/react/components/page-headers; https://www.untitledui.com/react/components/section-headers,src/app/(app)/bag/[clubId]/analytics/page.tsx; src/components/premium.tsx,Implemented; partial verification,Implemented; partial verification,"Both surfaces at 1440x900,1280x800,390x844,360x800,1023x800,1024x800. Combined analytics/PB smoke 2 passed59.6s; exact Source drawers, URL selections/reload and page bounds. Screenshots analytics-longest-final. Scoped TypeScript pass; P11 unused-helper lint warning removed after check.","Both surfaces at 1440x900,1280x800,390x844,360x800,1023x800,1024x800. Combined analytics/PB smoke 2 passed59.6s; exact Source drawers, URL selections/reload and page bounds. Screenshots analytics-longest-final. Scoped TypeScript pass; P11 unused-helper lint warning removed after check.",Primary recommendation is consistent with basic club detail.,"Full mutation/permission/loading/error/empty fixtures, native zoom/screen-reader/theme and export scope acceptance pending. Broad unit baseline70 failures pending classification. Analytics all-time profile recommendation explicitly separated from latest50 diagnostic sample; rolling comparison counts/date endpoints and per-metric compatibility require further acceptance evidence."
P10-C02,/bag/[clubId]/analytics,Diagnosis and coach readout,P2,https://www.untitledui.com/react/components/section-headers; https://www.untitledui.com/react/components/badges; https://www.untitledui.com/react/components/buttons,src/app/(app)/bag/[clubId]/analytics/page.tsx; src/components/premium.tsx,Implemented; partial verification,Implemented; partial verification,"Both surfaces at 1440x900,1280x800,390x844,360x800,1023x800,1024x800. Combined analytics/PB smoke 2 passed59.6s; exact Source drawers, URL selections/reload and page bounds. Screenshots analytics-longest-final. Scoped TypeScript pass; P11 unused-helper lint warning removed after check.","Both surfaces at 1440x900,1280x800,390x844,360x800,1023x800,1024x800. Combined analytics/PB smoke 2 passed59.6s; exact Source drawers, URL selections/reload and page bounds. Screenshots analytics-longest-final. Scoped TypeScript pass; P11 unused-helper lint warning removed after check.",Do not turn a correlation or low-confidence signal into a certain diagnosis.,"Full mutation/permission/loading/error/empty fixtures, native zoom/screen-reader/theme and export scope acceptance pending. Broad unit baseline70 failures pending classification. Analytics all-time profile recommendation explicitly separated from latest50 diagnostic sample; rolling comparison counts/date endpoints and per-metric compatibility require further acceptance evidence."
P10-C03,/bag/[clubId]/analytics,Trust breakdown,P2,https://www.untitledui.com/react/components/metrics; https://www.untitledui.com/react/components/tooltips,src/app/(app)/bag/[clubId]/analytics/page.tsx; src/components/premium.tsx,Implemented; partial verification,Implemented; partial verification,"Both surfaces at 1440x900,1280x800,390x844,360x800,1023x800,1024x800. Combined analytics/PB smoke 2 passed59.6s; exact Source drawers, URL selections/reload and page bounds. Screenshots analytics-longest-final. Scoped TypeScript pass; P11 unused-helper lint warning removed after check.","Both surfaces at 1440x900,1280x800,390x844,360x800,1023x800,1024x800. Combined analytics/PB smoke 2 passed59.6s; exact Source drawers, URL selections/reload and page bounds. Screenshots analytics-longest-final. Scoped TypeScript pass; P11 unused-helper lint warning removed after check.",Overall score and displayed component contributions use the same calculation.,"Full mutation/permission/loading/error/empty fixtures, native zoom/screen-reader/theme and export scope acceptance pending. Broad unit baseline70 failures pending classification. Analytics all-time profile recommendation explicitly separated from latest50 diagnostic sample; rolling comparison counts/date endpoints and per-metric compatibility require further acceptance evidence."
P10-C04,/bag/[clubId]/analytics,Shot cloud,P2,https://www.untitledui.com/react/components/section-headers; https://www.untitledui.com/react/components/select; https://www.untitledui.com/react/components/tooltips,src/app/(app)/bag/[clubId]/analytics/page.tsx,Implemented; partial verification,Implemented; partial verification,"Both surfaces at 1440x900,1280x800,390x844,360x800,1023x800,1024x800. Combined analytics/PB smoke 2 passed59.6s; exact Source drawers, URL selections/reload and page bounds. Screenshots analytics-longest-final. Scoped TypeScript pass; P11 unused-helper lint warning removed after check.","Both surfaces at 1440x900,1280x800,390x844,360x800,1023x800,1024x800. Combined analytics/PB smoke 2 passed59.6s; exact Source drawers, URL selections/reload and page bounds. Screenshots analytics-longest-final. Scoped TypeScript pass; P11 unused-helper lint warning removed after check.",Missing/flagged side measurements are visibly distinguished.,"Full mutation/permission/loading/error/empty fixtures, native zoom/screen-reader/theme and export scope acceptance pending. Broad unit baseline70 failures pending classification. Analytics all-time profile recommendation explicitly separated from latest50 diagnostic sample; rolling comparison counts/date endpoints and per-metric compatibility require further acceptance evidence."
P10-C05,/bag/[clubId]/analytics,Distance profile,P2,https://www.untitledui.com/react/components/line-bar-charts,src/app/(app)/bag/[clubId]/analytics/page.tsx,Implemented; partial verification,Implemented; partial verification,"Both surfaces at 1440x900,1280x800,390x844,360x800,1023x800,1024x800. Combined analytics/PB smoke 2 passed59.6s; exact Source drawers, URL selections/reload and page bounds. Screenshots analytics-longest-final. Scoped TypeScript pass; P11 unused-helper lint warning removed after check.","Both surfaces at 1440x900,1280x800,390x844,360x800,1023x800,1024x800. Combined analytics/PB smoke 2 passed59.6s; exact Source drawers, URL selections/reload and page bounds. Screenshots analytics-longest-final. Scoped TypeScript pass; P11 unused-helper lint warning removed after check.",Recommended carry is never replaced by the longest total.,"Full mutation/permission/loading/error/empty fixtures, native zoom/screen-reader/theme and export scope acceptance pending. Broad unit baseline70 failures pending classification. Analytics all-time profile recommendation explicitly separated from latest50 diagnostic sample; rolling comparison counts/date endpoints and per-metric compatibility require further acceptance evidence."
P10-C06,/bag/[clubId]/analytics,Launch-window analysis,P2,https://www.untitledui.com/react/components/line-bar-charts,src/app/(app)/bag/[clubId]/analytics/page.tsx,Implemented; partial verification,Implemented; partial verification,"Both surfaces at 1440x900,1280x800,390x844,360x800,1023x800,1024x800. Combined analytics/PB smoke 2 passed59.6s; exact Source drawers, URL selections/reload and page bounds. Screenshots analytics-longest-final. Scoped TypeScript pass; P11 unused-helper lint warning removed after check.","Both surfaces at 1440x900,1280x800,390x844,360x800,1023x800,1024x800. Combined analytics/PB smoke 2 passed59.6s; exact Source drawers, URL selections/reload and page bounds. Screenshots analytics-longest-final. Scoped TypeScript pass; P11 unused-helper lint warning removed after check.",Only measured launch data drives this analysis; unsupported comparisons are absent.,"Full mutation/permission/loading/error/empty fixtures, native zoom/screen-reader/theme and export scope acceptance pending. Broad unit baseline70 failures pending classification. Analytics all-time profile recommendation explicitly separated from latest50 diagnostic sample; rolling comparison counts/date endpoints and per-metric compatibility require further acceptance evidence."
P10-C07,/bag/[clubId]/analytics,What changed comparison,P2,https://www.untitledui.com/react/components/tables; https://www.untitledui.com/react/components/paginations,src/app/(app)/bag/[clubId]/analytics/page.tsx,Implemented; partial verification,Implemented; partial verification,"Both surfaces at 1440x900,1280x800,390x844,360x800,1023x800,1024x800. Combined analytics/PB smoke 2 passed59.6s; exact Source drawers, URL selections/reload and page bounds. Screenshots analytics-longest-final. Scoped TypeScript pass; P11 unused-helper lint warning removed after check.","Both surfaces at 1440x900,1280x800,390x844,360x800,1023x800,1024x800. Combined analytics/PB smoke 2 passed59.6s; exact Source drawers, URL selections/reload and page bounds. Screenshots analytics-longest-final. Scoped TypeScript pass; P11 unused-helper lint warning removed after check.",Signs and units are consistent for better/worse directional metrics.,"Full mutation/permission/loading/error/empty fixtures, native zoom/screen-reader/theme and export scope acceptance pending. Broad unit baseline70 failures pending classification. Analytics all-time profile recommendation explicitly separated from latest50 diagnostic sample; rolling comparison counts/date endpoints and per-metric compatibility require further acceptance evidence."
P10-C08,/bag/[clubId]/analytics,Shot-shape mix,P2,https://www.untitledui.com/react/components/line-bar-charts,src/app/(app)/bag/[clubId]/analytics/page.tsx,Implemented; partial verification,Implemented; partial verification,"Both surfaces at 1440x900,1280x800,390x844,360x800,1023x800,1024x800. Combined analytics/PB smoke 2 passed59.6s; exact Source drawers, URL selections/reload and page bounds. Screenshots analytics-longest-final. Scoped TypeScript pass; P11 unused-helper lint warning removed after check.","Both surfaces at 1440x900,1280x800,390x844,360x800,1023x800,1024x800. Combined analytics/PB smoke 2 passed59.6s; exact Source drawers, URL selections/reload and page bounds. Screenshots analytics-longest-final. Scoped TypeScript pass; P11 unused-helper lint warning removed after check.",Missing start-line evidence is not classified as a known shape.,"Full mutation/permission/loading/error/empty fixtures, native zoom/screen-reader/theme and export scope acceptance pending. Broad unit baseline70 failures pending classification. Analytics all-time profile recommendation explicitly separated from latest50 diagnostic sample; rolling comparison counts/date endpoints and per-metric compatibility require further acceptance evidence."
P10-C09,/bag/[clubId]/analytics,Latest tags and shot evidence ledger,P2,https://www.untitledui.com/react/components/tables; https://www.untitledui.com/react/components/paginations,src/app/(app)/bag/[clubId]/analytics/page.tsx,Implemented; partial verification,Implemented; partial verification,"Both surfaces at 1440x900,1280x800,390x844,360x800,1023x800,1024x800. Combined analytics/PB smoke 2 passed59.6s; exact Source drawers, URL selections/reload and page bounds. Screenshots analytics-longest-final. Scoped TypeScript pass; P11 unused-helper lint warning removed after check.","Both surfaces at 1440x900,1280x800,390x844,360x800,1023x800,1024x800. Combined analytics/PB smoke 2 passed59.6s; exact Source drawers, URL selections/reload and page bounds. Screenshots analytics-longest-final. Scoped TypeScript pass; P11 unused-helper lint warning removed after check.",Every tag is traceable to a specific shot and original measurements remain available.,"Full mutation/permission/loading/error/empty fixtures, native zoom/screen-reader/theme and export scope acceptance pending. Broad unit baseline70 failures pending classification. Analytics all-time profile recommendation explicitly separated from latest50 diagnostic sample; rolling comparison counts/date endpoints and per-metric compatibility require further acceptance evidence."
P11-C01,/bag/longest,Personal-best identity and summary,P2,https://www.untitledui.com/react/components/page-headers; https://www.untitledui.com/react/components/section-headers,src/app/(app)/bag/longest/page.tsx; src/app/bag/longest-shots-section.tsx,Implemented; partial verification,Implemented; partial verification,"Both surfaces at 1440x900,1280x800,390x844,360x800,1023x800,1024x800. Combined analytics/PB smoke 2 passed59.6s; exact Source drawers, URL selections/reload and page bounds. Screenshots analytics-longest-final. Scoped TypeScript pass; P11 unused-helper lint warning removed after check.","Both surfaces at 1440x900,1280x800,390x844,360x800,1023x800,1024x800. Combined analytics/PB smoke 2 passed59.6s; exact Source drawers, URL selections/reload and page bounds. Screenshots analytics-longest-final. Scoped TypeScript pass; P11 unused-helper lint warning removed after check.",Total falling back to carry is explicitly labelled rather than reported as measured total.,"Full mutation/permission/loading/error/empty fixtures, native zoom/screen-reader/theme and export scope acceptance pending. Broad unit baseline70 failures pending classification. Legacy replay remains explicitly total-record illustration; reduced-motion/failure fixture and carry-only fixture outstanding. Replay summary fallback label refinement followed smoke."
P11-C02,/bag/longest,Longest-shot visual,P2,https://www.untitledui.com/react/components/section-headers; https://www.untitledui.com/react/components/select; https://www.untitledui.com/react/components/tooltips,src/app/(app)/bag/longest/page.tsx; src/app/bag/longest-shots-section.tsx,Implemented; partial verification,Implemented; partial verification,"Both surfaces at 1440x900,1280x800,390x844,360x800,1023x800,1024x800. Combined analytics/PB smoke 2 passed59.6s; exact Source drawers, URL selections/reload and page bounds. Screenshots analytics-longest-final. Scoped TypeScript pass; P11 unused-helper lint warning removed after check.","Both surfaces at 1440x900,1280x800,390x844,360x800,1023x800,1024x800. Combined analytics/PB smoke 2 passed59.6s; exact Source drawers, URL selections/reload and page bounds. Screenshots analytics-longest-final. Scoped TypeScript pass; P11 unused-helper lint warning removed after check.",Reduced-motion and renderer failure still expose the PB result.,"Full mutation/permission/loading/error/empty fixtures, native zoom/screen-reader/theme and export scope acceptance pending. Broad unit baseline70 failures pending classification. Legacy replay remains explicitly total-record illustration; reduced-motion/failure fixture and carry-only fixture outstanding. Replay summary fallback label refinement followed smoke."
P11-C03,/bag/longest,PB evidence board,P2,https://www.untitledui.com/react/components/tables; https://www.untitledui.com/react/components/paginations,src/app/(app)/bag/longest/page.tsx,Implemented; partial verification,Implemented; partial verification,"Both surfaces at 1440x900,1280x800,390x844,360x800,1023x800,1024x800. Combined analytics/PB smoke 2 passed59.6s; exact Source drawers, URL selections/reload and page bounds. Screenshots analytics-longest-final. Scoped TypeScript pass; P11 unused-helper lint warning removed after check.","Both surfaces at 1440x900,1280x800,390x844,360x800,1023x800,1024x800. Combined analytics/PB smoke 2 passed59.6s; exact Source drawers, URL selections/reload and page bounds. Screenshots analytics-longest-final. Scoped TypeScript pass; P11 unused-helper lint warning removed after check.",Ranking and the headline use the same metric definition.,"Full mutation/permission/loading/error/empty fixtures, native zoom/screen-reader/theme and export scope acceptance pending. Broad unit baseline70 failures pending classification. Legacy replay remains explicitly total-record illustration; reduced-motion/failure fixture and carry-only fixture outstanding. Replay summary fallback label refinement followed smoke."
P12-C01,/quick-bag,Target distance and club search,P2,https://www.untitledui.com/react/components/filter-bars; https://www.untitledui.com/react/components/drawers; https://www.untitledui.com/react/components/date-pickers,src/app/(app)/quick-bag/page.tsx; src/app/quick-bag/quick-bag-client.tsx; src/app/quick-bag/mobile-quick-bag.tsx,Implemented; partial verification,Implemented; partial verification,"Both surfaces use existing trusted DTO and complete target/search; unit switch retains physical150yd=137.16m, same club and drawer target/focus. All6sizes smoke1passed10.8s,12screenshots quick-bag-ui-smoke. Final types/lint pass. Saved snapshot timestamp labelled separately from measurement.","Both surfaces use existing trusted DTO and complete target/search; unit switch retains physical150yd=137.16m, same club and drawer target/focus. All6sizes smoke1passed10.8s,12screenshots quick-bag-ui-smoke. Final types/lint pass. Saved snapshot timestamp labelled separately from measurement.",Changing units preserves the same physical distance.,Offline cold-start/service-worker/account-switch and storage failure fixtures outstanding; full screen-reader/zoom/theme/error/empty matrix and unsupported-gap fixture pending. Snapshot reference explicitly remains yards. Full acceptance not claimed.
P12-C02,/quick-bag,Recommended club and alternatives,P2,https://www.untitledui.com/react/components/section-headers; https://www.untitledui.com/react/components/badges; https://www.untitledui.com/react/components/buttons,src/app/(app)/quick-bag/page.tsx; src/app/quick-bag/quick-bag-client.tsx,Implemented; partial verification,Implemented; partial verification,"Both surfaces use existing trusted DTO and complete target/search; unit switch retains physical150yd=137.16m, same club and drawer target/focus. All6sizes smoke1passed10.8s,12screenshots quick-bag-ui-smoke. Final types/lint pass. Saved snapshot timestamp labelled separately from measurement.","Both surfaces use existing trusted DTO and complete target/search; unit switch retains physical150yd=137.16m, same club and drawer target/focus. All6sizes smoke1passed10.8s,12screenshots quick-bag-ui-smoke. Final types/lint pass. Saved snapshot timestamp labelled separately from measurement.",No recommendation is shown for an unsupported gap without an uncertainty message.,Offline cold-start/service-worker/account-switch and storage failure fixtures outstanding; full screen-reader/zoom/theme/error/empty matrix and unsupported-gap fixture pending. Snapshot reference explicitly remains yards. Full acceptance not claimed.
P12-C03,/quick-bag,Club evidence drawer,P2,https://www.untitledui.com/react/components/drawers; https://www.untitledui.com/react/components/section-footers,src/app/(app)/quick-bag/page.tsx; src/app/quick-bag/quick-bag-client.tsx; src/app/quick-bag/quick-bag-club-drawer.tsx,Implemented; partial verification,Implemented; partial verification,"Both surfaces use existing trusted DTO and complete target/search; unit switch retains physical150yd=137.16m, same club and drawer target/focus. All6sizes smoke1passed10.8s,12screenshots quick-bag-ui-smoke. Final types/lint pass. Saved snapshot timestamp labelled separately from measurement.","Both surfaces use existing trusted DTO and complete target/search; unit switch retains physical150yd=137.16m, same club and drawer target/focus. All6sizes smoke1passed10.8s,12screenshots quick-bag-ui-smoke. Final types/lint pass. Saved snapshot timestamp labelled separately from measurement.","Closing detail preserves target, club and alternatives.",Offline cold-start/service-worker/account-switch and storage failure fixtures outstanding; full screen-reader/zoom/theme/error/empty matrix and unsupported-gap fixture pending. Snapshot reference explicitly remains yards. Full acceptance not claimed.
P12-C04,/quick-bag,Offline bag reference,P2,https://www.untitledui.com/react/components/alerts; https://www.untitledui.com/react/components/notifications,src/app/(app)/quick-bag/page.tsx; src/app/quick-bag/mobile-quick-bag.tsx,Implemented; partial verification,Implemented; partial verification,"Both surfaces use existing trusted DTO and complete target/search; unit switch retains physical150yd=137.16m, same club and drawer target/focus. All6sizes smoke1passed10.8s,12screenshots quick-bag-ui-smoke. Final types/lint pass. Saved snapshot timestamp labelled separately from measurement.","Both surfaces use existing trusted DTO and complete target/search; unit switch retains physical150yd=137.16m, same club and drawer target/focus. All6sizes smoke1passed10.8s,12screenshots quick-bag-ui-smoke. Final types/lint pass. Saved snapshot timestamp labelled separately from measurement.",Offline numbers are not presented as newly synced measurements.,Offline cold-start/service-worker/account-switch and storage failure fixtures outstanding; full screen-reader/zoom/theme/error/empty matrix and unsupported-gap fixture pending. Snapshot reference explicitly remains yards. Full acceptance not claimed.
P13-C01,/equipment,Current setup and fit summary,P2,https://www.untitledui.com/react/components/metrics; https://www.untitledui.com/react/components/tooltips,src/app/(app)/equipment/page.tsx,Implemented; partial verification,Implemented; partial verification,"Equipment full5retained tabs, editSheets/Cancel, snapshot draft retained across tabs, retirementCancel. Sixsizes×bothsurfaces smoke1passed25.5s,12captures equipment-ui-smoke. State wrappers use existing persistence; backend actualDB workflow testpassed. Final scoped types/lint pass.","Equipment full5retained tabs, editSheets/Cancel, snapshot draft retained across tabs, retirementCancel. Sixsizes×bothsurfaces smoke1passed25.5s,12captures equipment-ui-smoke. State wrappers use existing persistence; backend actualDB workflow testpassed. Final scoped types/lint pass.",Current/retired status and fit projections remain distinct.,"Full mutation/rollback/concurrent/retry/history-overlap matrix, nativeAT/zoom/themes and storage/permissions cases outstanding. Equipment invalid numeric normalization/null-brand uniqueness/snapshot retry identity need backend follow-up. Final selected-club link and snapshot list refinement followed smoke."
P13-C02,/equipment,Bag ordering and snapshots,P2,https://www.untitledui.com/react/components/inputs; https://www.untitledui.com/react/components/select; https://www.untitledui.com/react/components/textarea; https://www.untitledui.com/react/components/buttons,src/app/(app)/equipment/page.tsx; src/app/equipment/bag-order-form.tsx,Implemented; partial verification,Implemented; partial verification,"Equipment full5retained tabs, editSheets/Cancel, snapshot draft retained across tabs, retirementCancel. Sixsizes×bothsurfaces smoke1passed25.5s,12captures equipment-ui-smoke. State wrappers use existing persistence; backend actualDB workflow testpassed. Final scoped types/lint pass.","Equipment full5retained tabs, editSheets/Cancel, snapshot draft retained across tabs, retirementCancel. Sixsizes×bothsurfaces smoke1passed25.5s,12captures equipment-ui-smoke. State wrappers use existing persistence; backend actualDB workflow testpassed. Final scoped types/lint pass.",Reordering saves only order and does not create or retire clubs.,"Full mutation/rollback/concurrent/retry/history-overlap matrix, nativeAT/zoom/themes and storage/permissions cases outstanding. Equipment invalid numeric normalization/null-brand uniqueness/snapshot retry identity need backend follow-up. Final selected-club link and snapshot list refinement followed smoke."
P13-C03,/equipment,Active club intelligence and maintenance,P2,https://www.untitledui.com/react/components/section-headers; https://www.untitledui.com/react/components/badges; https://www.untitledui.com/react/components/buttons,src/app/(app)/equipment/page.tsx,Implemented; partial verification,Implemented; partial verification,"Equipment full5retained tabs, editSheets/Cancel, snapshot draft retained across tabs, retirementCancel. Sixsizes×bothsurfaces smoke1passed25.5s,12captures equipment-ui-smoke. State wrappers use existing persistence; backend actualDB workflow testpassed. Final scoped types/lint pass.","Equipment full5retained tabs, editSheets/Cancel, snapshot draft retained across tabs, retirementCancel. Sixsizes×bothsurfaces smoke1passed25.5s,12captures equipment-ui-smoke. State wrappers use existing persistence; backend actualDB workflow testpassed. Final scoped types/lint pass.",Actions always target the selected club and preserve historical shots.,"Full mutation/rollback/concurrent/retry/history-overlap matrix, nativeAT/zoom/themes and storage/permissions cases outstanding. Equipment invalid numeric normalization/null-brand uniqueness/snapshot retry identity need backend follow-up. Final selected-club link and snapshot list refinement followed smoke."
P13-C04,/equipment,Add ball model,P2,https://www.untitledui.com/react/components/inputs; https://www.untitledui.com/react/components/select; https://www.untitledui.com/react/components/textarea; https://www.untitledui.com/react/components/buttons,src/app/(app)/equipment/page.tsx,Implemented; partial verification,Implemented; partial verification,"Equipment full5retained tabs, editSheets/Cancel, snapshot draft retained across tabs, retirementCancel. Sixsizes×bothsurfaces smoke1passed25.5s,12captures equipment-ui-smoke. State wrappers use existing persistence; backend actualDB workflow testpassed. Final scoped types/lint pass.","Equipment full5retained tabs, editSheets/Cancel, snapshot draft retained across tabs, retirementCancel. Sixsizes×bothsurfaces smoke1passed25.5s,12captures equipment-ui-smoke. State wrappers use existing persistence; backend actualDB workflow testpassed. Final scoped types/lint pass.",Saving a ball model retains the dated history used in comparisons.,"Full mutation/rollback/concurrent/retry/history-overlap matrix, nativeAT/zoom/themes and storage/permissions cases outstanding. Equipment invalid numeric normalization/null-brand uniqueness/snapshot retry identity need backend follow-up. Final selected-club link and snapshot list refinement followed smoke."
P13-C05,/equipment,Add club specification,P2,https://www.untitledui.com/react/components/inputs; https://www.untitledui.com/react/components/select; https://www.untitledui.com/react/components/textarea; https://www.untitledui.com/react/components/buttons,src/app/(app)/equipment/page.tsx,Implemented; partial verification,Implemented; partial verification,"Equipment full5retained tabs, editSheets/Cancel, snapshot draft retained across tabs, retirementCancel. Sixsizes×bothsurfaces smoke1passed25.5s,12captures equipment-ui-smoke. State wrappers use existing persistence; backend actualDB workflow testpassed. Final scoped types/lint pass.","Equipment full5retained tabs, editSheets/Cancel, snapshot draft retained across tabs, retirementCancel. Sixsizes×bothsurfaces smoke1passed25.5s,12captures equipment-ui-smoke. State wrappers use existing persistence; backend actualDB workflow testpassed. Final scoped types/lint pass.",Saving a new active setup closes the previous active setup exactly as existing domain logic requires.,"Full mutation/rollback/concurrent/retry/history-overlap matrix, nativeAT/zoom/themes and storage/permissions cases outstanding. Equipment invalid numeric normalization/null-brand uniqueness/snapshot retry identity need backend follow-up. Final selected-club link and snapshot list refinement followed smoke."
P13-C06,/equipment,Before/after equipment evidence,P2,https://www.untitledui.com/react/components/line-bar-charts,src/app/(app)/equipment/page.tsx,Implemented; partial verification,Implemented; partial verification,"Equipment full5retained tabs, editSheets/Cancel, snapshot draft retained across tabs, retirementCancel. Sixsizes×bothsurfaces smoke1passed25.5s,12captures equipment-ui-smoke. State wrappers use existing persistence; backend actualDB workflow testpassed. Final scoped types/lint pass.","Equipment full5retained tabs, editSheets/Cancel, snapshot draft retained across tabs, retirementCancel. Sixsizes×bothsurfaces smoke1passed25.5s,12captures equipment-ui-smoke. State wrappers use existing persistence; backend actualDB workflow testpassed. Final scoped types/lint pass.",No performance improvement is claimed from unmatched or insufficient samples.,"Full mutation/rollback/concurrent/retry/history-overlap matrix, nativeAT/zoom/themes and storage/permissions cases outstanding. Equipment invalid numeric normalization/null-brand uniqueness/snapshot retry identity need backend follow-up. Final selected-club link and snapshot list refinement followed smoke."
P13-C07,/equipment,Projected bag-builder moves,P2,https://www.untitledui.com/react/components/section-headers; https://www.untitledui.com/react/components/badges; https://www.untitledui.com/react/components/buttons,src/app/(app)/equipment/page.tsx,Implemented; partial verification,Implemented; partial verification,"Equipment full5retained tabs, editSheets/Cancel, snapshot draft retained across tabs, retirementCancel. Sixsizes×bothsurfaces smoke1passed25.5s,12captures equipment-ui-smoke. State wrappers use existing persistence; backend actualDB workflow testpassed. Final scoped types/lint pass.","Equipment full5retained tabs, editSheets/Cancel, snapshot draft retained across tabs, retirementCancel. Sixsizes×bothsurfaces smoke1passed25.5s,12captures equipment-ui-smoke. State wrappers use existing persistence; backend actualDB workflow testpassed. Final scoped types/lint pass.",A projected candidate never silently becomes an active club.,"Full mutation/rollback/concurrent/retry/history-overlap matrix, nativeAT/zoom/themes and storage/permissions cases outstanding. Equipment invalid numeric normalization/null-brand uniqueness/snapshot retry identity need backend follow-up. Final selected-club link and snapshot list refinement followed smoke."
P13-C08,/equipment,Retired clubs and retire confirmation,P2,https://www.untitledui.com/react/components/modals; https://www.untitledui.com/react/components/buttons,src/app/(app)/equipment/page.tsx,Implemented; partial verification,Implemented; partial verification,"Equipment full5retained tabs, editSheets/Cancel, snapshot draft retained across tabs, retirementCancel. Sixsizes×bothsurfaces smoke1passed25.5s,12captures equipment-ui-smoke. State wrappers use existing persistence; backend actualDB workflow testpassed. Final scoped types/lint pass.","Equipment full5retained tabs, editSheets/Cancel, snapshot draft retained across tabs, retirementCancel. Sixsizes×bothsurfaces smoke1passed25.5s,12captures equipment-ui-smoke. State wrappers use existing persistence; backend actualDB workflow testpassed. Final scoped types/lint pass.",Retirement does not delete shot history; cancellation has no effect.,"Full mutation/rollback/concurrent/retry/history-overlap matrix, nativeAT/zoom/themes and storage/permissions cases outstanding. Equipment invalid numeric normalization/null-brand uniqueness/snapshot retry identity need backend follow-up. Final selected-club link and snapshot list refinement followed smoke."
P13-C09,/equipment,Setup history ledger,P2,https://www.untitledui.com/react/components/tables; https://www.untitledui.com/react/components/paginations,src/app/(app)/equipment/page.tsx,Implemented; partial verification,Implemented; partial verification,"Equipment full5retained tabs, editSheets/Cancel, snapshot draft retained across tabs, retirementCancel. Sixsizes×bothsurfaces smoke1passed25.5s,12captures equipment-ui-smoke. State wrappers use existing persistence; backend actualDB workflow testpassed. Final scoped types/lint pass.","Equipment full5retained tabs, editSheets/Cancel, snapshot draft retained across tabs, retirementCancel. Sixsizes×bothsurfaces smoke1passed25.5s,12captures equipment-ui-smoke. State wrappers use existing persistence; backend actualDB workflow testpassed. Final scoped types/lint pass.",Historic periods are not relabelled as the current setup.,"Full mutation/rollback/concurrent/retry/history-overlap matrix, nativeAT/zoom/themes and storage/permissions cases outstanding. Equipment invalid numeric normalization/null-brand uniqueness/snapshot retry identity need backend follow-up. Final selected-club link and snapshot list refinement followed smoke."
P14-C01,/equipment/experiments,Experiment and baseline selection,P2,https://www.untitledui.com/react/components/inputs; https://www.untitledui.com/react/components/select; https://www.untitledui.com/react/components/textarea; https://www.untitledui.com/react/components/buttons,src/app/(app)/equipment/experiments/page.tsx,Implemented; partial verification,Implemented; partial verification,"Experiment explicit baseline/test selection, duplicate-session blocked, complete decision/confidence form, scoped warnings, saved-ID reopen/unavailable recovery. Sixsizes×bothsurfaces smoke1passed7.5s,12captures experiments-ui-smoke. Types/scopedlint pass; backend realDB sourceIDs/confidence/foreign/self rejection passed.","Experiment explicit baseline/test selection, duplicate-session blocked, complete decision/confidence form, scoped warnings, saved-ID reopen/unavailable recovery. Sixsizes×bothsurfaces smoke1passed7.5s,12captures experiments-ui-smoke. Types/scopedlint pass; backend realDB sourceIDs/confidence/foreign/self rejection passed.",The same session cannot be silently used as two different conditions.,"Full saved-snapshot reopen/browser fixtures, failure/retry/duplicate-save identity, nativeAT/zoom/themes outstanding. Older non-session snapshots retain saved summary but cannot be silently reinterpreted as session comparisons. Full acceptance remains pending."
P14-C02,/equipment/experiments,Comparability warning,P2,https://www.untitledui.com/react/components/alerts; https://www.untitledui.com/react/components/notifications,src/app/(app)/equipment/experiments/page.tsx,Implemented; partial verification,Implemented; partial verification,"Experiment explicit baseline/test selection, duplicate-session blocked, complete decision/confidence form, scoped warnings, saved-ID reopen/unavailable recovery. Sixsizes×bothsurfaces smoke1passed7.5s,12captures experiments-ui-smoke. Types/scopedlint pass; backend realDB sourceIDs/confidence/foreign/self rejection passed.","Experiment explicit baseline/test selection, duplicate-session blocked, complete decision/confidence form, scoped warnings, saved-ID reopen/unavailable recovery. Sixsizes×bothsurfaces smoke1passed7.5s,12captures experiments-ui-smoke. Types/scopedlint pass; backend realDB sourceIDs/confidence/foreign/self rejection passed.",Low-confidence comparisons cannot be mistaken for conclusive equipment gains.,"Full saved-snapshot reopen/browser fixtures, failure/retry/duplicate-save identity, nativeAT/zoom/themes outstanding. Older non-session snapshots retain saved summary but cannot be silently reinterpreted as session comparisons. Full acceptance remains pending."
P14-C03,/equipment/experiments,Decision and confidence form,P2,https://www.untitledui.com/react/components/inputs; https://www.untitledui.com/react/components/select; https://www.untitledui.com/react/components/textarea; https://www.untitledui.com/react/components/buttons,src/app/(app)/equipment/experiments/page.tsx,Implemented; partial verification,Implemented; partial verification,"Experiment explicit baseline/test selection, duplicate-session blocked, complete decision/confidence form, scoped warnings, saved-ID reopen/unavailable recovery. Sixsizes×bothsurfaces smoke1passed7.5s,12captures experiments-ui-smoke. Types/scopedlint pass; backend realDB sourceIDs/confidence/foreign/self rejection passed.","Experiment explicit baseline/test selection, duplicate-session blocked, complete decision/confidence form, scoped warnings, saved-ID reopen/unavailable recovery. Sixsizes×bothsurfaces smoke1passed7.5s,12captures experiments-ui-smoke. Types/scopedlint pass; backend realDB sourceIDs/confidence/foreign/self rejection passed.",Saving preserves the selected evidence IDs and original calculation scope.,"Full saved-snapshot reopen/browser fixtures, failure/retry/duplicate-save identity, nativeAT/zoom/themes outstanding. Older non-session snapshots retain saved summary but cannot be silently reinterpreted as session comparisons. Full acceptance remains pending."
P14-C04,/equipment/experiments,Saved decisions list,P2,https://www.untitledui.com/react/components/section-headers; https://www.untitledui.com/react/components/badges; https://www.untitledui.com/react/components/buttons,src/app/(app)/equipment/experiments/page.tsx,Implemented; partial verification,Implemented; partial verification,"Experiment explicit baseline/test selection, duplicate-session blocked, complete decision/confidence form, scoped warnings, saved-ID reopen/unavailable recovery. Sixsizes×bothsurfaces smoke1passed7.5s,12captures experiments-ui-smoke. Types/scopedlint pass; backend realDB sourceIDs/confidence/foreign/self rejection passed.","Experiment explicit baseline/test selection, duplicate-session blocked, complete decision/confidence form, scoped warnings, saved-ID reopen/unavailable recovery. Sixsizes×bothsurfaces smoke1passed7.5s,12captures experiments-ui-smoke. Types/scopedlint pass; backend realDB sourceIDs/confidence/foreign/self rejection passed.",Reopening a decision retrieves its saved evidence instead of substituting latest sessions.,"Full saved-snapshot reopen/browser fixtures, failure/retry/duplicate-save identity, nativeAT/zoom/themes outstanding. Older non-session snapshots retain saved summary but cannot be silently reinterpreted as session comparisons. Full acceptance remains pending."
P15-C01,/practice,Practice title and plan state,P2,https://www.untitledui.com/react/components/page-headers; https://www.untitledui.com/react/components/section-headers,src/app/(app)/practice/page.tsx; src/app/practice/practice-planner-client.tsx; src/app/practice/practice-companion-client.tsx,Implemented; partial verification,Implemented; partial verification,"Full same-surface editor, compact header, retained complete blocks, accessible reordering, guarded nonce-aware save context and goal/source handoff. Evidence/library/import drawers have visible close. Practice smoke 27.3s: workbench and companion at all six required sizes; no overflow, one h1, evidence open/close; 12 captures practice-ui-smoke. TypeScript passed after historical review refinement.","Full editor available on phone via editor=full; guided mode available on wide screens without changing surface. All generated blocks retained. Historical measured result and source-session links, full drill/target/record disclosures. Same six-size smoke; latest order/history changes need browser follow-up. Connected disposable import-to-practice save/guided start/pause/reload/resume passed 10.3s in isolated-import-browser.log; one saved plan retained. Fixed workbench hidden guided wrapper and repeat restoration resetting live activity.",An active saved plan is not replaced just by opening the screen.,"Full saved/active/completed/failed import fixture matrix, offline and cross-reload nonce recovery, screen reader, zoom, themes, software keyboard and goal-linked mutation acceptance outstanding. Quick smoke does not establish measured matching correctness. Active range extended controls and manual order browser checks remain outstanding."
P15-C02,/practice,Conditions and focus setup,P2,https://www.untitledui.com/react/components/inputs; https://www.untitledui.com/react/components/select; https://www.untitledui.com/react/components/textarea; https://www.untitledui.com/react/components/buttons,src/app/(app)/practice/page.tsx; src/app/practice/practice-planner-client.tsx,Implemented; partial verification,Implemented; partial verification,"Full same-surface editor, compact header, retained complete blocks, accessible reordering, guarded nonce-aware save context and goal/source handoff. Evidence/library/import drawers have visible close. Practice smoke 27.3s: workbench and companion at all six required sizes; no overflow, one h1, evidence open/close; 12 captures practice-ui-smoke. TypeScript passed after historical review refinement.","Full editor available on phone via editor=full; guided mode available on wide screens without changing surface. All generated blocks retained. Historical measured result and source-session links, full drill/target/record disclosures. Same six-size smoke; latest order/history changes need browser follow-up. Connected disposable import-to-practice save/guided start/pause/reload/resume passed 10.3s in isolated-import-browser.log; one saved plan retained. Fixed workbench hidden guided wrapper and repeat restoration resetting live activity.",Changing conditions affects only the intended plan and preserves manual edits.,"Full saved/active/completed/failed import fixture matrix, offline and cross-reload nonce recovery, screen reader, zoom, themes, software keyboard and goal-linked mutation acceptance outstanding. Quick smoke does not establish measured matching correctness. Active range extended controls and manual order browser checks remain outstanding."
P15-C03,/practice,Training programme and block ledger,P2,https://www.untitledui.com/react/components/tables; https://www.untitledui.com/react/components/paginations,src/app/(app)/practice/page.tsx; src/app/practice/practice-planner-client.tsx,Implemented; partial verification,Implemented; partial verification,"Full same-surface editor, compact header, retained complete blocks, accessible reordering, guarded nonce-aware save context and goal/source handoff. Evidence/library/import drawers have visible close. Practice smoke 27.3s: workbench and companion at all six required sizes; no overflow, one h1, evidence open/close; 12 captures practice-ui-smoke. TypeScript passed after historical review refinement.","Full editor available on phone via editor=full; guided mode available on wide screens without changing surface. All generated blocks retained. Historical measured result and source-session links, full drill/target/record disclosures. Same six-size smoke; latest order/history changes need browser follow-up. Connected disposable import-to-practice save/guided start/pause/reload/resume passed 10.3s in isolated-import-browser.log; one saved plan retained. Fixed workbench hidden guided wrapper and repeat restoration resetting live activity.",Block order and counts match the saved plan.,"Full saved/active/completed/failed import fixture matrix, offline and cross-reload nonce recovery, screen reader, zoom, themes, software keyboard and goal-linked mutation acceptance outstanding. Quick smoke does not establish measured matching correctness. Active range extended controls and manual order browser checks remain outstanding."
P15-C04,/practice,Why today looks like this,P2,https://www.untitledui.com/react/components/section-headers; https://www.untitledui.com/react/components/content-dividers,src/app/(app)/practice/page.tsx; src/app/practice/practice-planner-client.tsx,Implemented; partial verification,Implemented; partial verification,"Full same-surface editor, compact header, retained complete blocks, accessible reordering, guarded nonce-aware save context and goal/source handoff. Evidence/library/import drawers have visible close. Practice smoke 27.3s: workbench and companion at all six required sizes; no overflow, one h1, evidence open/close; 12 captures practice-ui-smoke. TypeScript passed after historical review refinement.","Full editor available on phone via editor=full; guided mode available on wide screens without changing surface. All generated blocks retained. Historical measured result and source-session links, full drill/target/record disclosures. Same six-size smoke; latest order/history changes need browser follow-up. Connected disposable import-to-practice save/guided start/pause/reload/resume passed 10.3s in isolated-import-browser.log; one saved plan retained. Fixed workbench hidden guided wrapper and repeat restoration resetting live activity.",Every cited club and load signal links to the correct supporting record.,"Full saved/active/completed/failed import fixture matrix, offline and cross-reload nonce recovery, screen reader, zoom, themes, software keyboard and goal-linked mutation acceptance outstanding. Quick smoke does not establish measured matching correctness. Active range extended controls and manual order browser checks remain outstanding."
P15-C05,/practice,Active guided range session,P2,https://www.untitledui.com/react/components/progress-steps; https://www.untitledui.com/react/components/progress-indicators,src/app/(app)/practice/page.tsx; src/app/practice/active-range-mode.tsx; src/app/practice/practice-companion-client.tsx,Implemented; partial verification,Implemented; partial verification,"Full same-surface editor, compact header, retained complete blocks, accessible reordering, guarded nonce-aware save context and goal/source handoff. Evidence/library/import drawers have visible close. Practice smoke 27.3s: workbench and companion at all six required sizes; no overflow, one h1, evidence open/close; 12 captures practice-ui-smoke. TypeScript passed after historical review refinement.","Full editor available on phone via editor=full; guided mode available on wide screens without changing surface. All generated blocks retained. Historical measured result and source-session links, full drill/target/record disclosures. Same six-size smoke; latest order/history changes need browser follow-up. Connected disposable import-to-practice save/guided start/pause/reload/resume passed 10.3s in isolated-import-browser.log; one saved plan retained. Fixed workbench hidden guided wrapper and repeat restoration resetting live activity.",Pause/resume/navigation preserve current progress; guidance completion is not measured success.,"Full saved/active/completed/failed import fixture matrix, offline and cross-reload nonce recovery, screen reader, zoom, themes, software keyboard and goal-linked mutation acceptance outstanding. Quick smoke does not establish measured matching correctness. Active range extended controls and manual order browser checks remain outstanding."
P15-C06,/practice,Import and saved-session matching,P2,https://www.untitledui.com/react/components/drawers; https://www.untitledui.com/react/components/section-footers,src/app/(app)/practice/page.tsx; src/app/practice/mobile-practice-import-review.tsx; src/app/practice/mobile-saved-practice-review.tsx,Implemented; partial verification,Implemented; partial verification,"Full same-surface editor, compact header, retained complete blocks, accessible reordering, guarded nonce-aware save context and goal/source handoff. Evidence/library/import drawers have visible close. Practice smoke 27.3s: workbench and companion at all six required sizes; no overflow, one h1, evidence open/close; 12 captures practice-ui-smoke. TypeScript passed after historical review refinement.","Full editor available on phone via editor=full; guided mode available on wide screens without changing surface. All generated blocks retained. Historical measured result and source-session links, full drill/target/record disclosures. Same six-size smoke; latest order/history changes need browser follow-up. Connected disposable import-to-practice save/guided start/pause/reload/resume passed 10.3s in isolated-import-browser.log; one saved plan retained. Fixed workbench hidden guided wrapper and repeat restoration resetting live activity.",An import cannot be assigned to a block merely because its date is nearby if matching rules reject it.,"Full saved/active/completed/failed import fixture matrix, offline and cross-reload nonce recovery, screen reader, zoom, themes, software keyboard and goal-linked mutation acceptance outstanding. Quick smoke does not establish measured matching correctness. Active range extended controls and manual order browser checks remain outstanding."
P15-C07,/practice,Measured result and next practice,P2,https://www.untitledui.com/react/components/metrics; https://www.untitledui.com/react/components/tooltips,src/app/(app)/practice/page.tsx; src/app/practice/practice-companion-client.tsx; src/app/practice/measured-practice-result-card.tsx,Implemented; partial verification,Implemented; partial verification,"Full same-surface editor, compact header, retained complete blocks, accessible reordering, guarded nonce-aware save context and goal/source handoff. Evidence/library/import drawers have visible close. Practice smoke 27.3s: workbench and companion at all six required sizes; no overflow, one h1, evidence open/close; 12 captures practice-ui-smoke. TypeScript passed after historical review refinement.","Full editor available on phone via editor=full; guided mode available on wide screens without changing surface. All generated blocks retained. Historical measured result and source-session links, full drill/target/record disclosures. Same six-size smoke; latest order/history changes need browser follow-up. Connected disposable import-to-practice save/guided start/pause/reload/resume passed 10.3s in isolated-import-browser.log; one saved plan retained. Fixed workbench hidden guided wrapper and repeat restoration resetting live activity.",The displayed target outcome agrees with saved qualifying evidence.,"Full saved/active/completed/failed import fixture matrix, offline and cross-reload nonce recovery, screen reader, zoom, themes, software keyboard and goal-linked mutation acceptance outstanding. Quick smoke does not establish measured matching correctness. Active range extended controls and manual order browser checks remain outstanding."
P15-C08,/practice,Add evidence and no-plan states,P2,https://www.untitledui.com/react/components/empty-states; https://www.untitledui.com/react/components/loading-indicators; https://www.untitledui.com/react/components/alerts,src/app/(app)/practice/page.tsx; src/app/practice/practice-companion-client.tsx,Implemented; partial verification,Implemented; partial verification,"Full same-surface editor, compact header, retained complete blocks, accessible reordering, guarded nonce-aware save context and goal/source handoff. Evidence/library/import drawers have visible close. Practice smoke 27.3s: workbench and companion at all six required sizes; no overflow, one h1, evidence open/close; 12 captures practice-ui-smoke. TypeScript passed after historical review refinement.","Full editor available on phone via editor=full; guided mode available on wide screens without changing surface. All generated blocks retained. Historical measured result and source-session links, full drill/target/record disclosures. Same six-size smoke; latest order/history changes need browser follow-up. Connected disposable import-to-practice save/guided start/pause/reload/resume passed 10.3s in isolated-import-browser.log; one saved plan retained. Fixed workbench hidden guided wrapper and repeat restoration resetting live activity.","No plan, guided-only completion and measured completion have distinct messages.","Full saved/active/completed/failed import fixture matrix, offline and cross-reload nonce recovery, screen reader, zoom, themes, software keyboard and goal-linked mutation acceptance outstanding. Quick smoke does not establish measured matching correctness. Active range extended controls and manual order browser checks remain outstanding."
P16-C01,/practice/quick-range,Quick-range focus and start/resume,P2,https://www.untitledui.com/react/components/page-headers; https://www.untitledui.com/react/components/section-headers,src/app/(app)/practice/quick-range/page.tsx; src/app/practice/quick-range/quick-range-workbench-session.tsx; src/app/practice/quick-range/quick-range-session.tsx,Implemented; partial verification,Implemented; partial verification,"Unified account draft across workbench/companion, compact title, named block navigation/completion, pause/resume, manual labels/notes/history, outdoor and screen-awake request. Final browser 8.7s at six sizes on both surfaces: reload/block/notes/surface switching/finish import link pass; 12 captures quick-range-final. Prior 6 draft tests and types/lint pass.","Same complete flow; current block and total with expandable steps, previous/next/pause, safe-area footer, local save/error state. Existing draft wins over new club/focus URL. Same viewport/reload/surface evidence; screenshot review led to compact options/steps disclosure. Guidance completion never claims measured performance.",Existing draft state wins over accidental reinitialisation.,"Offline cold-load, storage-denied/corrupt/multi-tab/account-switch fixtures, physical keyboard/safe-area, screen-reader, themes and zoom still outstanding. Browser fixture uses local manual activity only, no saved measured result. Legacy separate desktop in-memory state could not survive a pre-upgrade reload."
P16-C02,/practice/quick-range,Guided block and progress controls,P2,https://www.untitledui.com/react/components/progress-steps; https://www.untitledui.com/react/components/progress-indicators,src/app/(app)/practice/quick-range/page.tsx; src/app/practice/quick-range/quick-range-workbench-session.tsx; src/app/practice/quick-range/quick-range-session.tsx,Implemented; partial verification,Implemented; partial verification,"Unified account draft across workbench/companion, compact title, named block navigation/completion, pause/resume, manual labels/notes/history, outdoor and screen-awake request. Final browser 8.7s at six sizes on both surfaces: reload/block/notes/surface switching/finish import link pass; 12 captures quick-range-final. Prior 6 draft tests and types/lint pass.","Same complete flow; current block and total with expandable steps, previous/next/pause, safe-area footer, local save/error state. Existing draft wins over new club/focus URL. Same viewport/reload/surface evidence; screenshot review led to compact options/steps disclosure. Guidance completion never claims measured performance.",Reload and offline recovery preserve the current block where supported.,"Offline cold-load, storage-denied/corrupt/multi-tab/account-switch fixtures, physical keyboard/safe-area, screen-reader, themes and zoom still outstanding. Browser fixture uses local manual activity only, no saved measured result. Legacy separate desktop in-memory state could not survive a pre-upgrade reload."
P16-C03,/practice/quick-range,Finish and measured-evidence handoff,P2,https://www.untitledui.com/react/components/section-headers; https://www.untitledui.com/react/components/badges; https://www.untitledui.com/react/components/buttons,src/app/(app)/practice/quick-range/page.tsx; src/app/practice/quick-range/quick-range-workbench-session.tsx; src/app/practice/quick-range/quick-range-session.tsx,Implemented; partial verification,Implemented; partial verification,"Unified account draft across workbench/companion, compact title, named block navigation/completion, pause/resume, manual labels/notes/history, outdoor and screen-awake request. Final browser 8.7s at six sizes on both surfaces: reload/block/notes/surface switching/finish import link pass; 12 captures quick-range-final. Prior 6 draft tests and types/lint pass.","Same complete flow; current block and total with expandable steps, previous/next/pause, safe-area footer, local save/error state. Existing draft wins over new club/focus URL. Same viewport/reload/surface evidence; screenshot review led to compact options/steps disclosure. Guidance completion never claims measured performance.",Finishing guidance does not invent shot measurements or mark a measured target achieved.,"Offline cold-load, storage-denied/corrupt/multi-tab/account-switch fixtures, physical keyboard/safe-area, screen-reader, themes and zoom still outstanding. Browser fixture uses local manual activity only, no saved measured result. Legacy separate desktop in-memory state could not survive a pre-upgrade reload."
P17-C01,/coach,Primary coaching opportunity,P2,https://www.untitledui.com/react/components/page-headers; https://www.untitledui.com/react/components/section-headers,src/app/(app)/coach/page.tsx,Implemented; partial verification,Implemented; partial verification,"Compact shared Coach header; displayed priority uses existing Progress selector, club-specific diagnosis preserved. Retained URL tabs, illustrative visuals explicitly labelled, exact round/club source links, owner-filtered source pagination and detail Sheet. Embedded Data Chat heading fixed; failed requests restore question; sync pending/error/retry explicit. Coach browser14.0s both surfaces/six sizes/12 captures coach-final; types/lint pass before latest recovery refinement.",Obsolete /coach summary capability removed after full task implemented. Diagnosis/Evidence/Ask same complete UI. Tappable source Sheet with full record fields; single-column chat and citation Sheet at widths below1024. Same six-size smoke checks tabs/source details/one h1/no overflow. AI request/citation response fixture not yet run.,The chosen issue agrees with Progress and the current practice priority selector.,AI service/entitlement/failed request/citation fixture and sync error fixture still outstanding; club-specific handoff preserves club but exact custom drill/target transfer remains an integration gap. Source-session confidence is not fabricated; confidence filtering is in the detailed diagnosis route. AT/zoom/themes/keyboard and all loading/empty cases still outstanding.
P17-C02,/coach,Three supporting evidence signals,P2,https://www.untitledui.com/react/components/section-headers; https://www.untitledui.com/react/components/select; https://www.untitledui.com/react/components/tooltips,src/app/(app)/coach/page.tsx,Implemented; partial verification,Implemented; partial verification,"Compact shared Coach header; displayed priority uses existing Progress selector, club-specific diagnosis preserved. Retained URL tabs, illustrative visuals explicitly labelled, exact round/club source links, owner-filtered source pagination and detail Sheet. Embedded Data Chat heading fixed; failed requests restore question; sync pending/error/retry explicit. Coach browser14.0s both surfaces/six sizes/12 captures coach-final; types/lint pass before latest recovery refinement.",Obsolete /coach summary capability removed after full task implemented. Diagnosis/Evidence/Ask same complete UI. Tappable source Sheet with full record fields; single-column chat and citation Sheet at widths below1024. Same six-size smoke checks tabs/source details/one h1/no overflow. AI request/citation response fixture not yet run.,Every signal identifies measured versus estimated inputs.,AI service/entitlement/failed request/citation fixture and sync error fixture still outstanding; club-specific handoff preserves club but exact custom drill/target transfer remains an integration gap. Source-session confidence is not fabricated; confidence filtering is in the detailed diagnosis route. AT/zoom/themes/keyboard and all loading/empty cases still outstanding.
P17-C03,/coach,Diagnosis and next drills,P2,https://www.untitledui.com/react/components/section-headers; https://www.untitledui.com/react/components/badges; https://www.untitledui.com/react/components/buttons,src/app/(app)/coach/page.tsx,Implemented; partial verification,Implemented; partial verification,"Compact shared Coach header; displayed priority uses existing Progress selector, club-specific diagnosis preserved. Retained URL tabs, illustrative visuals explicitly labelled, exact round/club source links, owner-filtered source pagination and detail Sheet. Embedded Data Chat heading fixed; failed requests restore question; sync pending/error/retry explicit. Coach browser14.0s both surfaces/six sizes/12 captures coach-final; types/lint pass before latest recovery refinement.",Obsolete /coach summary capability removed after full task implemented. Diagnosis/Evidence/Ask same complete UI. Tappable source Sheet with full record fields; single-column chat and citation Sheet at widths below1024. Same six-size smoke checks tabs/source details/one h1/no overflow. AI request/citation response fixture not yet run.,The drill carries the selected club and target into /practice.,AI service/entitlement/failed request/citation fixture and sync error fixture still outstanding; club-specific handoff preserves club but exact custom drill/target transfer remains an integration gap. Source-session confidence is not fabricated; confidence filtering is in the detailed diagnosis route. AT/zoom/themes/keyboard and all loading/empty cases still outstanding.
P17-C04,/coach,Evidence browser,P2,https://www.untitledui.com/react/components/tables; https://www.untitledui.com/react/components/paginations,src/app/(app)/coach/page.tsx,Implemented; partial verification,Implemented; partial verification,"Compact shared Coach header; displayed priority uses existing Progress selector, club-specific diagnosis preserved. Retained URL tabs, illustrative visuals explicitly labelled, exact round/club source links, owner-filtered source pagination and detail Sheet. Embedded Data Chat heading fixed; failed requests restore question; sync pending/error/retry explicit. Coach browser14.0s both surfaces/six sizes/12 captures coach-final; types/lint pass before latest recovery refinement.",Obsolete /coach summary capability removed after full task implemented. Diagnosis/Evidence/Ask same complete UI. Tappable source Sheet with full record fields; single-column chat and citation Sheet at widths below1024. Same six-size smoke checks tabs/source details/one h1/no overflow. AI request/citation response fixture not yet run.,"Evidence links open the correct session, club or round and retain access controls.",AI service/entitlement/failed request/citation fixture and sync error fixture still outstanding; club-specific handoff preserves club but exact custom drill/target transfer remains an integration gap. Source-session confidence is not fabricated; confidence filtering is in the detailed diagnosis route. AT/zoom/themes/keyboard and all loading/empty cases still outstanding.
P17-C05,/coach,Ask your data,P2,https://www.untitledui.com/react/components/messaging; https://www.untitledui.com/react/components/drawers,src/app/(app)/coach/page.tsx; src/app/coach/lazy-coach-data-chat-panel.tsx,Implemented; partial verification,Implemented; partial verification,"Compact shared Coach header; displayed priority uses existing Progress selector, club-specific diagnosis preserved. Retained URL tabs, illustrative visuals explicitly labelled, exact round/club source links, owner-filtered source pagination and detail Sheet. Embedded Data Chat heading fixed; failed requests restore question; sync pending/error/retry explicit. Coach browser14.0s both surfaces/six sizes/12 captures coach-final; types/lint pass before latest recovery refinement.",Obsolete /coach summary capability removed after full task implemented. Diagnosis/Evidence/Ask same complete UI. Tappable source Sheet with full record fields; single-column chat and citation Sheet at widths below1024. Same six-size smoke checks tabs/source details/one h1/no overflow. AI request/citation response fixture not yet run.,Unsupported questions and unavailable AI services give clear recoverable states.,AI service/entitlement/failed request/citation fixture and sync error fixture still outstanding; club-specific handoff preserves club but exact custom drill/target transfer remains an integration gap. Source-session confidence is not fabricated; confidence filtering is in the detailed diagnosis route. AT/zoom/themes/keyboard and all loading/empty cases still outstanding.
P17-C06,/coach,Saved drill synchronisation feedback,P2,https://www.untitledui.com/react/components/alerts; https://www.untitledui.com/react/components/notifications,src/app/(app)/coach/page.tsx; src/app/coach/coach-drill-auto-sync.tsx,Implemented; partial verification,Implemented; partial verification,"Compact shared Coach header; displayed priority uses existing Progress selector, club-specific diagnosis preserved. Retained URL tabs, illustrative visuals explicitly labelled, exact round/club source links, owner-filtered source pagination and detail Sheet. Embedded Data Chat heading fixed; failed requests restore question; sync pending/error/retry explicit. Coach browser14.0s both surfaces/six sizes/12 captures coach-final; types/lint pass before latest recovery refinement.",Obsolete /coach summary capability removed after full task implemented. Diagnosis/Evidence/Ask same complete UI. Tappable source Sheet with full record fields; single-column chat and citation Sheet at widths below1024. Same six-size smoke checks tabs/source details/one h1/no overflow. AI request/citation response fixture not yet run.,A failed background sync cannot appear as a successfully saved practice plan.,AI service/entitlement/failed request/citation fixture and sync error fixture still outstanding; club-specific handoff preserves club but exact custom drill/target transfer remains an integration gap. Source-session confidence is not fabricated; confidence filtering is in the detailed diagnosis route. AT/zoom/themes/keyboard and all loading/empty cases still outstanding.
P18-C01,/coach/diagnosis,Diagnosis evidence table,P2,https://www.untitledui.com/react/components/tables; https://www.untitledui.com/react/components/paginations,src/app/(app)/coach/diagnosis/page.tsx,Implemented; partial verification,Implemented; partial verification,"Compact header; retained full club diagnosis table/column/export controls; search, trust/sample order with aria-sort, confidence filter, URL-selected record and full drill Sheet. Browser11.3s both surfaces/all6sizes/search-empty/reset/selectedclub query/practiceclub link/oneh1/no overflow;12 captures diagnosis-ui-smoke. Scoped lint clean.","Complete ranked rows and one selected drill Sheet, all original stock/playable/miss/sample/evidence/drill/retest fields retained; accessible source/practice/close actions. Exact /coach/diagnosis capability lifted only after implementing. Same six-size browser checks pass.","Table, selected club and drill use the same diagnosis record.","Full export/sort semantics and copied evidence, AT/zoom/theme/physical keyboard/state matrix outstanding. Types show no changed production errors; concurrent isolated-offline-import test narrowing error sent to owning agent. Exact custom drill target transfer into planner still pending; club identity retained."
P18-C02,/coach/diagnosis,Ranked drill cards,P2,https://www.untitledui.com/react/components/section-headers; https://www.untitledui.com/react/components/badges; https://www.untitledui.com/react/components/buttons,src/app/(app)/coach/diagnosis/page.tsx,Implemented; partial verification,Implemented; partial verification,"Compact header; retained full club diagnosis table/column/export controls; search, trust/sample order with aria-sort, confidence filter, URL-selected record and full drill Sheet. Browser11.3s both surfaces/all6sizes/search-empty/reset/selectedclub query/practiceclub link/oneh1/no overflow;12 captures diagnosis-ui-smoke. Scoped lint clean.","Complete ranked rows and one selected drill Sheet, all original stock/playable/miss/sample/evidence/drill/retest fields retained; accessible source/practice/close actions. Exact /coach/diagnosis capability lifted only after implementing. Same six-size browser checks pass.",Low-confidence diagnoses remain qualified and no drill promises a guaranteed result.,"Full export/sort semantics and copied evidence, AT/zoom/theme/physical keyboard/state matrix outstanding. Types show no changed production errors; concurrent isolated-offline-import test narrowing error sent to owning agent. Exact custom drill target transfer into planner still pending; club identity retained."
P18-C03,/coach/diagnosis,Diagnosis title and navigation,P2,https://www.untitledui.com/react/components/page-headers; https://www.untitledui.com/react/components/section-headers,src/app/(app)/coach/diagnosis/page.tsx; src/components/premium.tsx,Implemented; partial verification,Implemented; partial verification,"Compact header; retained full club diagnosis table/column/export controls; search, trust/sample order with aria-sort, confidence filter, URL-selected record and full drill Sheet. Browser11.3s both surfaces/all6sizes/search-empty/reset/selectedclub query/practiceclub link/oneh1/no overflow;12 captures diagnosis-ui-smoke. Scoped lint clean.","Complete ranked rows and one selected drill Sheet, all original stock/playable/miss/sample/evidence/drill/retest fields retained; accessible source/practice/close actions. Exact /coach/diagnosis capability lifted only after implementing. Same six-size browser checks pass.",Back navigation preserves originating coaching scope.,"Full export/sort semantics and copied evidence, AT/zoom/theme/physical keyboard/state matrix outstanding. Types show no changed production errors; concurrent isolated-offline-import test narrowing error sent to owning agent. Exact custom drill target transfer into planner still pending; club identity retained."
P19-C01,/coach/reports,Frozen report builder,P2,https://www.untitledui.com/react/components/inputs; https://www.untitledui.com/react/components/select; https://www.untitledui.com/react/components/textarea; https://www.untitledui.com/react/components/buttons,src/app/(app)/coach/reports/page.tsx; src/components/ui/checkbox.tsx; src/components/ui/select.tsx; src/components/ui/input.tsx,Implemented; partial verification,Implemented; partial verification,"Three-step evidence/privacy/review builder, optional saved title, retained draft errors, explicit effective selected sections, password/expiry/download controls; no report creation until review confirmation. History pagination, full scope/access detail Sheet, named revoke and copy feedback. Browser12.0s both surfaces/all6sizes/12captures reports-step-fixed; step transition bug fixed, no share created by smoke. Connected disposable browser passed 18.3s: create custom password report, wrong/right anonymous password, normal-click revoke, previously unlocked visitor sees Page not found. isolated-report-browser.log.","Complete phone builder/review/history actions before exact route enabled. Back preserves title/expiry/selections; privacy directly above final action, inline server errors and pending-safe review. Same six-size smoke pass. Backend synthetic create/revoke state test separately checks owner/password/hide-exact/title.",Only selected evidence enters the frozen report; latest unrelated data is not added later.,"Full create/revoke/expired-link/password history browser matrix, server failure/retry fixture, AT/zoom/themes/software-keyboard still outstanding. Section-level scope uses existing latest-N/28-day snapshot rules; per-record selection not supported. Old share tokens are hashed and cannot be recovered, explicitly explained. Report creation nonce/durable retry not yet available. Full multi-viewport mutation and durable duplicate-submit acceptance remains outstanding; normal-click nested confirmation stacking fixed."
P19-C02,/coach/reports,Report visibility summary,P2,https://www.untitledui.com/react/components/alerts; https://www.untitledui.com/react/components/notifications,src/app/(app)/coach/reports/page.tsx,Implemented; partial verification,Implemented; partial verification,"Three-step evidence/privacy/review builder, optional saved title, retained draft errors, explicit effective selected sections, password/expiry/download controls; no report creation until review confirmation. History pagination, full scope/access detail Sheet, named revoke and copy feedback. Browser12.0s both surfaces/all6sizes/12captures reports-step-fixed; step transition bug fixed, no share created by smoke. Connected disposable browser passed 18.3s: create custom password report, wrong/right anonymous password, normal-click revoke, previously unlocked visitor sees Page not found. isolated-report-browser.log.","Complete phone builder/review/history actions before exact route enabled. Back preserves title/expiry/selections; privacy directly above final action, inline server errors and pending-safe review. Same six-size smoke pass. Backend synthetic create/revoke state test separately checks owner/password/hide-exact/title.",Private coach notes and unselected account data remain excluded.,"Full create/revoke/expired-link/password history browser matrix, server failure/retry fixture, AT/zoom/themes/software-keyboard still outstanding. Section-level scope uses existing latest-N/28-day snapshot rules; per-record selection not supported. Old share tokens are hashed and cannot be recovered, explicitly explained. Report creation nonce/durable retry not yet available. Full multi-viewport mutation and durable duplicate-submit acceptance remains outstanding; normal-click nested confirmation stacking fixed."
P19-C03,/coach/reports,"Report history, revoke and share actions",P2,https://www.untitledui.com/react/components/tables; https://www.untitledui.com/react/components/paginations,src/app/(app)/coach/reports/page.tsx; src/components/app/confirm-submit-button.tsx,Implemented; partial verification,Implemented; partial verification,"Three-step evidence/privacy/review builder, optional saved title, retained draft errors, explicit effective selected sections, password/expiry/download controls; no report creation until review confirmation. History pagination, full scope/access detail Sheet, named revoke and copy feedback. Browser12.0s both surfaces/all6sizes/12captures reports-step-fixed; step transition bug fixed, no share created by smoke. Connected disposable browser passed 18.3s: create custom password report, wrong/right anonymous password, normal-click revoke, previously unlocked visitor sees Page not found. isolated-report-browser.log.","Complete phone builder/review/history actions before exact route enabled. Back preserves title/expiry/selections; privacy directly above final action, inline server errors and pending-safe review. Same six-size smoke pass. Backend synthetic create/revoke state test separately checks owner/password/hide-exact/title.",Revoked/expired links fail safely; copying and opening do not mutate the report.,"Full create/revoke/expired-link/password history browser matrix, server failure/retry fixture, AT/zoom/themes/software-keyboard still outstanding. Section-level scope uses existing latest-N/28-day snapshot rules; per-record selection not supported. Old share tokens are hashed and cannot be recovered, explicitly explained. Report creation nonce/durable retry not yet available. Full multi-viewport mutation and durable duplicate-submit acceptance remains outstanding; normal-click nested confirmation stacking fixed."
P20-C01,/coach/workspace,Assigned player selector,P2,https://www.untitledui.com/react/components/select,src/app/(app)/coach/workspace/page.tsx; src/components/ui/item.tsx,Implemented; partial verification,Implemented; partial verification,"Owned fixture browser passed 27.4s: workbench and companion at 1440x900,1280x800,1024x800; player search, selection scope, source details, draft/cancel and invalid-player recovery. workspace-final.log and P20 screenshots under output/playwright/ui-upgrade/workspace-final.","Same browser checks passed both surfaces at 390x844,360x800,1023x800; complete source drawer and interaction fields usable, one h1 and no horizontal page overflow.",Selecting a player never impersonates their account or broadens coach access.,"Full submission/status permissions and failure/retry browser matrix, roster/history pagination, screen-reader, zoom, themes and physical keyboard checks outstanding. Existing history limits remain visible implementation gaps; no full acceptance claimed."
P20-C02,/coach/workspace,Player priority and evidence,P2,https://www.untitledui.com/react/components/tables; https://www.untitledui.com/react/components/paginations,src/app/(app)/coach/workspace/page.tsx,Implemented; partial verification,Implemented; partial verification,"Owned fixture browser passed 27.4s: workbench and companion at 1440x900,1280x800,1024x800; player search, selection scope, source details, draft/cancel and invalid-player recovery. workspace-final.log and P20 screenshots under output/playwright/ui-upgrade/workspace-final.","Same browser checks passed both surfaces at 390x844,360x800,1023x800; complete source drawer and interaction fields usable, one h1 and no horizontal page overflow.",No stale previous-player data remains after selection changes.,"Full submission/status permissions and failure/retry browser matrix, roster/history pagination, screen-reader, zoom, themes and physical keyboard checks outstanding. Existing history limits remain visible implementation gaps; no full acceptance claimed."
P20-C03,/coach/workspace,Add coach interaction,P2,https://www.untitledui.com/react/components/inputs; https://www.untitledui.com/react/components/select; https://www.untitledui.com/react/components/textarea; https://www.untitledui.com/react/components/buttons,src/app/(app)/coach/workspace/page.tsx; src/components/ui/input.tsx; src/components/ui/textarea.tsx,Implemented; partial verification,Implemented; partial verification,"Owned fixture browser passed 27.4s: workbench and companion at 1440x900,1280x800,1024x800; player search, selection scope, source details, draft/cancel and invalid-player recovery. workspace-final.log and P20 screenshots under output/playwright/ui-upgrade/workspace-final.","Same browser checks passed both surfaces at 390x844,360x800,1023x800; complete source drawer and interaction fields usable, one h1 and no horizontal page overflow.",Private notes stay private; assignments/feedback use existing visibility rules.,"Full submission/status permissions and failure/retry browser matrix, roster/history pagination, screen-reader, zoom, themes and physical keyboard checks outstanding. Existing history limits remain visible implementation gaps; no full acceptance claimed."
P20-C04,/coach/workspace,Interaction history and status,P2,https://www.untitledui.com/react/components/activity-feeds; https://www.untitledui.com/react/components/dropdowns,src/app/(app)/coach/workspace/page.tsx,Implemented; partial verification,Implemented; partial verification,"Owned fixture browser passed 27.4s: workbench and companion at 1440x900,1280x800,1024x800; player search, selection scope, source details, draft/cancel and invalid-player recovery. workspace-final.log and P20 screenshots under output/playwright/ui-upgrade/workspace-final.","Same browser checks passed both surfaces at 390x844,360x800,1023x800; complete source drawer and interaction fields usable, one h1 and no horizontal page overflow.",Status changes are authorised and preserve audit history.,"Full submission/status permissions and failure/retry browser matrix, roster/history pagination, screen-reader, zoom, themes and physical keyboard checks outstanding. Existing history limits remain visible implementation gaps; no full acceptance claimed."
P21-C01,/data-chat,Conversation history and prompt suggestions,P2,https://www.untitledui.com/react/components/messaging; https://www.untitledui.com/react/components/drawers,src/app/(app)/data-chat/page.tsx; src/app/data-chat/data-chat-panel.tsx,Implemented; partial verification,Implemented; partial verification,"Owned disposable Pro/free fixture and intercepted AI response browser passed 29.1s: 1440x900,1280x800,1024x800 both surfaces; failure restores question, retry, all eight citations, original saved-answer reopen with no new request, free plan gate. data-chat-final.log.","Same workflow passed at 390x844,360x800,1023x800 both surfaces with complete citation Sheet, saved-answer history and composer, one h1/no page overflow. Screenshots need transition-free refresh; physical keyboard remains unverified.",Selecting a past answer opens its original question and evidence context.,"Full real-service/permissions/credit-error/cancellation acceptance, storage corruption/disabled storage, account-switch history, AT/zoom/themes and physical keyboard outstanding. Legacy unscoped saved answers preserved on disk but not assigned to an unknown owner. Mocked responses do not verify AI accuracy or server billing."
P21-C02,/data-chat,Message composer and response state,P2,https://www.untitledui.com/react/components/inputs; https://www.untitledui.com/react/components/select; https://www.untitledui.com/react/components/textarea; https://www.untitledui.com/react/components/buttons,src/app/(app)/data-chat/page.tsx; src/app/data-chat/data-chat-panel.tsx,Implemented; partial verification,Implemented; partial verification,"Owned disposable Pro/free fixture and intercepted AI response browser passed 29.1s: 1440x900,1280x800,1024x800 both surfaces; failure restores question, retry, all eight citations, original saved-answer reopen with no new request, free plan gate. data-chat-final.log.","Same workflow passed at 390x844,360x800,1023x800 both surfaces with complete citation Sheet, saved-answer history and composer, one h1/no page overflow. Screenshots need transition-free refresh; physical keyboard remains unverified.",Double submission is prevented and drafts survive recoverable errors.,"Full real-service/permissions/credit-error/cancellation acceptance, storage corruption/disabled storage, account-switch history, AT/zoom/themes and physical keyboard outstanding. Legacy unscoped saved answers preserved on disk but not assigned to an unknown owner. Mocked responses do not verify AI accuracy or server billing."
P21-C03,/data-chat,Answer citations and evidence panel,P2,https://www.untitledui.com/react/components/drawers; https://www.untitledui.com/react/components/section-footers,src/app/(app)/data-chat/page.tsx; src/app/data-chat/data-chat-panel.tsx,Implemented; partial verification,Implemented; partial verification,"Owned disposable Pro/free fixture and intercepted AI response browser passed 29.1s: 1440x900,1280x800,1024x800 both surfaces; failure restores question, retry, all eight citations, original saved-answer reopen with no new request, free plan gate. data-chat-final.log.","Same workflow passed at 390x844,360x800,1023x800 both surfaces with complete citation Sheet, saved-answer history and composer, one h1/no page overflow. Screenshots need transition-free refresh; physical keyboard remains unverified.",Each citation resolves to evidence the current user is authorised to see.,"Full real-service/permissions/credit-error/cancellation acceptance, storage corruption/disabled storage, account-switch history, AT/zoom/themes and physical keyboard outstanding. Legacy unscoped saved answers preserved on disk but not assigned to an unknown owner. Mocked responses do not verify AI accuracy or server billing."
P21-C04,/data-chat,Plan entitlement and unavailable AI states,P2,https://www.untitledui.com/react/components/empty-states; https://www.untitledui.com/react/components/loading-indicators; https://www.untitledui.com/react/components/alerts,src/app/(app)/data-chat/page.tsx,Implemented; partial verification,Implemented; partial verification,"Owned disposable Pro/free fixture and intercepted AI response browser passed 29.1s: 1440x900,1280x800,1024x800 both surfaces; failure restores question, retry, all eight citations, original saved-answer reopen with no new request, free plan gate. data-chat-final.log.","Same workflow passed at 390x844,360x800,1023x800 both surfaces with complete citation Sheet, saved-answer history and composer, one h1/no page overflow. Screenshots need transition-free refresh; physical keyboard remains unverified.",A paid lock is distinct from temporary service failure; no fake answer is displayed.,"Full real-service/permissions/credit-error/cancellation acceptance, storage corruption/disabled storage, account-switch history, AT/zoom/themes and physical keyboard outstanding. Legacy unscoped saved answers preserved on disk but not assigned to an unknown owner. Mocked responses do not verify AI accuracy or server billing."
P22-C01,/analyse,Analysis title and evidence overview,P2,https://www.untitledui.com/react/components/page-headers; https://www.untitledui.com/react/components/section-headers,src/app/(app)/analyse/page.tsx,Implemented; partial verification,Implemented; partial verification,"Analysis workbench browser passed13.8s at1440x900,1280x800,390x844,360x800,1023x800,1024x800: compact title, provenance open/close/repair, illustrative SVG label, scoped comparison link, one h1/no page overflow. analyse-ui-smoke.log; TypeScript/scoped lint passed.","Both-surface six-size hub browser passed in analysis-workspace-hub-browser.log after mobile Compare sessions/Conditions/Analysis workspace destinations implemented. Provenance open/close/repair, illustrative SVG label, scope links, one h1/no overflow. P22 companion screenshots available.",The hub does not imply data quality or completeness beyond available evidence.,"Full destination task acceptance, state/AT/zoom/theme verification outstanding. Existing trusted-evidence date range mixes overall earliest session with latest trusted session; review scope reconciliation before acceptance. No paid component entitlement claimed."
P22-C02,/analyse,Shot-pattern entry point,P2,https://www.untitledui.com/react/components/section-headers; https://www.untitledui.com/react/components/select; https://www.untitledui.com/react/components/tooltips,src/app/(app)/analyse/page.tsx,Implemented; partial verification,Implemented; partial verification,"Analysis workbench browser passed13.8s at1440x900,1280x800,390x844,360x800,1023x800,1024x800: compact title, provenance open/close/repair, illustrative SVG label, scoped comparison link, one h1/no page overflow. analyse-ui-smoke.log; TypeScript/scoped lint passed.","Both-surface six-size hub browser passed in analysis-workspace-hub-browser.log after mobile Compare sessions/Conditions/Analysis workspace destinations implemented. Provenance open/close/repair, illustrative SVG label, scope links, one h1/no overflow. P22 companion screenshots available.",The destination preserves the preview's club/session scope.,"Full destination task acceptance, state/AT/zoom/theme verification outstanding. Existing trusted-evidence date range mixes overall earliest session with latest trusted session; review scope reconciliation before acceptance. No paid component entitlement claimed."
P22-C03,/analyse,Session comparison entry point,P2,https://www.untitledui.com/react/components/section-headers; https://www.untitledui.com/react/components/badges; https://www.untitledui.com/react/components/buttons,src/app/(app)/analyse/page.tsx,Implemented; partial verification,Implemented; partial verification,"Analysis workbench browser passed13.8s at1440x900,1280x800,390x844,360x800,1023x800,1024x800: compact title, provenance open/close/repair, illustrative SVG label, scoped comparison link, one h1/no page overflow. analyse-ui-smoke.log; TypeScript/scoped lint passed.","Both-surface six-size hub browser passed in analysis-workspace-hub-browser.log after mobile Compare sessions/Conditions/Analysis workspace destinations implemented. Provenance open/close/repair, illustrative SVG label, scope links, one h1/no overflow. P22 companion screenshots available.",No decorative delta appears without real comparison data.,"Full destination task acceptance, state/AT/zoom/theme verification outstanding. Existing trusted-evidence date range mixes overall earliest session with latest trusted session; review scope reconciliation before acceptance. No paid component entitlement claimed."
P22-C04,/analyse,Conditions analysis entry point,P2,https://www.untitledui.com/react/components/section-headers; https://www.untitledui.com/react/components/badges; https://www.untitledui.com/react/components/buttons,src/app/(app)/analyse/page.tsx,Implemented; partial verification,Implemented; partial verification,"Analysis workbench browser passed13.8s at1440x900,1280x800,390x844,360x800,1023x800,1024x800: compact title, provenance open/close/repair, illustrative SVG label, scoped comparison link, one h1/no page overflow. analyse-ui-smoke.log; TypeScript/scoped lint passed.","Both-surface six-size hub browser passed in analysis-workspace-hub-browser.log after mobile Compare sessions/Conditions/Analysis workspace destinations implemented. Provenance open/close/repair, illustrative SVG label, scope links, one h1/no overflow. P22 companion screenshots available.",Unrecorded weather or surface conditions are never inferred as measured.,"Full destination task acceptance, state/AT/zoom/theme verification outstanding. Existing trusted-evidence date range mixes overall earliest session with latest trusted session; review scope reconciliation before acceptance. No paid component entitlement claimed."
P22-C05,/analyse,Data-quality and provenance overview,P2,https://www.untitledui.com/react/components/metrics; https://www.untitledui.com/react/components/tooltips,src/app/(app)/analyse/page.tsx; src/app/analyse/analyse-provenance-panel.tsx,Implemented; partial verification,Implemented; partial verification,"Analysis workbench browser passed13.8s at1440x900,1280x800,390x844,360x800,1023x800,1024x800: compact title, provenance open/close/repair, illustrative SVG label, scoped comparison link, one h1/no page overflow. analyse-ui-smoke.log; TypeScript/scoped lint passed.","Both-surface six-size hub browser passed in analysis-workspace-hub-browser.log after mobile Compare sessions/Conditions/Analysis workspace destinations implemented. Provenance open/close/repair, illustrative SVG label, scope links, one h1/no overflow. P22 companion screenshots available.",Overview totals reconcile with the actual filtered dataset.,"Full destination task acceptance, state/AT/zoom/theme verification outstanding. Existing trusted-evidence date range mixes overall earliest session with latest trusted session; review scope reconciliation before acceptance. No paid component entitlement claimed."
P23-C01,/analyse/compare,"Baseline, focus and comparison scope",P2,https://www.untitledui.com/react/components/filter-bars; https://www.untitledui.com/react/components/drawers; https://www.untitledui.com/react/components/date-pickers,src/app/(app)/analyse/compare/page.tsx; src/app/analyse/compare/session-comparison-toolbar.tsx,Implemented; partial verification,Implemented; partial verification,"Browser passed57.7s both surfaces at1440x900,1280x800,1024x800: searchable session sheets, filters, metric/view restored after reload, overlay, plotted shot table, provenance, save form cancel. session-compare-final.log and12 captures. Types/scoped lint passed before readiness guard; coordinated save/delete DB tests2 cases pass.","Same browser passed390x844,360x800,1023x800 both surfaces: full filter/session sheets, stacked metric pairs, source details, exact shot values and save dialog accessible with one h1/no horizontal page overflow. Added hydration readiness to provenance trigger.","Reload and copied URLs restore the same baseline, focus and metric scope.","Full save/delete mutation viewport matrix, copied URL/swap/Back-Forward, browser error/empty/long-content, AT/zoom/themes and physical keyboard remain outstanding. Saved search covers latest12 only; older saved comparison pagination needed. Frozen snapshot stores existing intended metrics; selected presentation metric/view not included in saved state."
P23-C02,/analyse/compare,Focus against baseline visual,P2,https://www.untitledui.com/react/components/section-headers; https://www.untitledui.com/react/components/select; https://www.untitledui.com/react/components/tooltips,src/app/(app)/analyse/compare/page.tsx; src/app/analyse/compare/session-comparison-stage.tsx,Implemented; partial verification,Implemented; partial verification,"Browser passed57.7s both surfaces at1440x900,1280x800,1024x800: searchable session sheets, filters, metric/view restored after reload, overlay, plotted shot table, provenance, save form cancel. session-compare-final.log and12 captures. Types/scoped lint passed before readiness guard; coordinated save/delete DB tests2 cases pass.","Same browser passed390x844,360x800,1023x800 both surfaces: full filter/session sheets, stacked metric pairs, source details, exact shot values and save dialog accessible with one h1/no horizontal page overflow. Added hydration readiness to provenance trigger.",Baseline and focus never swap labels accidentally.,"Full save/delete mutation viewport matrix, copied URL/swap/Back-Forward, browser error/empty/long-content, AT/zoom/themes and physical keyboard remain outstanding. Saved search covers latest12 only; older saved comparison pagination needed. Frozen snapshot stores existing intended metrics; selected presentation metric/view not included in saved state."
P23-C03,/analyse/compare,Metric deltas and verdict,P2,https://www.untitledui.com/react/components/tables; https://www.untitledui.com/react/components/paginations,src/app/(app)/analyse/compare/page.tsx; src/components/ui/table.tsx,Implemented; partial verification,Implemented; partial verification,"Browser passed57.7s both surfaces at1440x900,1280x800,1024x800: searchable session sheets, filters, metric/view restored after reload, overlay, plotted shot table, provenance, save form cancel. session-compare-final.log and12 captures. Types/scoped lint passed before readiness guard; coordinated save/delete DB tests2 cases pass.","Same browser passed390x844,360x800,1023x800 both surfaces: full filter/session sheets, stacked metric pairs, source details, exact shot values and save dialog accessible with one h1/no horizontal page overflow. Added hydration readiness to provenance trigger.","Incompatible or insufficient comparisons are marked unavailable, not zero change.","Full save/delete mutation viewport matrix, copied URL/swap/Back-Forward, browser error/empty/long-content, AT/zoom/themes and physical keyboard remain outstanding. Saved search covers latest12 only; older saved comparison pagination needed. Frozen snapshot stores existing intended metrics; selected presentation metric/view not included in saved state."
P23-C04,/analyse/compare,Comparison provenance,P2,https://www.untitledui.com/react/components/drawers; https://www.untitledui.com/react/components/section-footers,src/app/(app)/analyse/compare/page.tsx; src/app/analyse/compare/comparison-provenance-panel.tsx,Implemented; partial verification,Implemented; partial verification,"Browser passed57.7s both surfaces at1440x900,1280x800,1024x800: searchable session sheets, filters, metric/view restored after reload, overlay, plotted shot table, provenance, save form cancel. session-compare-final.log and12 captures. Types/scoped lint passed before readiness guard; coordinated save/delete DB tests2 cases pass.","Same browser passed390x844,360x800,1023x800 both surfaces: full filter/session sheets, stacked metric pairs, source details, exact shot values and save dialog accessible with one h1/no horizontal page overflow. Added hydration readiness to provenance trigger.",Every comparison result can be traced to its included shots.,"Full save/delete mutation viewport matrix, copied URL/swap/Back-Forward, browser error/empty/long-content, AT/zoom/themes and physical keyboard remain outstanding. Saved search covers latest12 only; older saved comparison pagination needed. Frozen snapshot stores existing intended metrics; selected presentation metric/view not included in saved state."
P23-C05,/analyse/compare,Save and manage comparisons,P2,https://www.untitledui.com/react/components/modals; https://www.untitledui.com/react/components/buttons,src/app/(app)/analyse/compare/page.tsx; src/app/analyse/compare/save-comparison-dialog.tsx; src/app/analyse/compare/delete-comparison-button.tsx,Implemented; partial verification,Implemented; partial verification,"Browser passed57.7s both surfaces at1440x900,1280x800,1024x800: searchable session sheets, filters, metric/view restored after reload, overlay, plotted shot table, provenance, save form cancel. session-compare-final.log and12 captures. Types/scoped lint passed before readiness guard; coordinated save/delete DB tests2 cases pass.","Same browser passed390x844,360x800,1023x800 both surfaces: full filter/session sheets, stacked metric pairs, source details, exact shot values and save dialog accessible with one h1/no horizontal page overflow. Added hydration readiness to provenance trigger.",Saving freezes/persists the existing intended comparison state; deletion targets only the named saved comparison.,"Full save/delete mutation viewport matrix, copied URL/swap/Back-Forward, browser error/empty/long-content, AT/zoom/themes and physical keyboard remain outstanding. Saved search covers latest12 only; older saved comparison pagination needed. Frozen snapshot stores existing intended metrics; selected presentation metric/view not included in saved state."
P24-C01,/analyse/conditions,Club and conditions scope,P2,https://www.untitledui.com/react/components/filter-bars; https://www.untitledui.com/react/components/drawers; https://www.untitledui.com/react/components/date-pickers,src/app/(app)/analyse/conditions/page.tsx; src/components/ui/select.tsx,Implemented; partial verification,Implemented; partial verification,"Clean Conditions browser passed in conditions-impact-final run at1440x900,1280x800,1024x800 both surfaces: dimension filters, unknown-group counts, source evidence drawer with exact shot links, one h1/no page overflow.12captures. Types/scoped lint and9 Conditions/Impact unit tests passed.","Same workflow passed390x844,360x800,1023x800 both surfaces; expandable value pairs, complete recorded source fields, safe close, filter Apply and selected scope. Screenshot P24-companion-360 inspected.",Missing conditions remain a separate unknown group.,"Full dated/matched/missing-metadata fixture matrix, invalid-date/club recovery, evidence pagination >50, AT/zoom/themes and physical keyboard outstanding. Analysis retains existing latest5000-row cap and classifications; recorded fields are not independently certified measurements."
P24-C02,/analyse/conditions,Strongest association and evidence strength,P2,https://www.untitledui.com/react/components/metrics; https://www.untitledui.com/react/components/tooltips,src/app/(app)/analyse/conditions/page.tsx; src/components/app/evidence-status.tsx,Implemented; partial verification,Implemented; partial verification,"Clean Conditions browser passed in conditions-impact-final run at1440x900,1280x800,1024x800 both surfaces: dimension filters, unknown-group counts, source evidence drawer with exact shot links, one h1/no page overflow.12captures. Types/scoped lint and9 Conditions/Impact unit tests passed.","Same workflow passed390x844,360x800,1023x800 both surfaces; expandable value pairs, complete recorded source fields, safe close, filter Apply and selected scope. Screenshot P24-companion-360 inspected.",No claim that a condition caused a change when the analysis only shows association.,"Full dated/matched/missing-metadata fixture matrix, invalid-date/club recovery, evidence pagination >50, AT/zoom/themes and physical keyboard outstanding. Analysis retains existing latest5000-row cap and classifications; recorded fields are not independently certified measurements."
P24-C03,/analyse/conditions,Recorded condition breakdowns,P2,https://www.untitledui.com/react/components/tables; https://www.untitledui.com/react/components/paginations,src/app/(app)/analyse/conditions/page.tsx; src/components/ui/table.tsx,Implemented; partial verification,Implemented; partial verification,"Clean Conditions browser passed in conditions-impact-final run at1440x900,1280x800,1024x800 both surfaces: dimension filters, unknown-group counts, source evidence drawer with exact shot links, one h1/no page overflow.12captures. Types/scoped lint and9 Conditions/Impact unit tests passed.","Same workflow passed390x844,360x800,1023x800 both surfaces; expandable value pairs, complete recorded source fields, safe close, filter Apply and selected scope. Screenshot P24-companion-360 inspected.",Groups use recorded indoor/outdoor/weather/elevation/surface/ball data only.,"Full dated/matched/missing-metadata fixture matrix, invalid-date/club recovery, evidence pagination >50, AT/zoom/themes and physical keyboard outstanding. Analysis retains existing latest5000-row cap and classifications; recorded fields are not independently certified measurements."
P24-C04,/analyse/conditions,Row-level proof and insufficient evidence,P2,https://www.untitledui.com/react/components/section-headers; https://www.untitledui.com/react/components/badges; https://www.untitledui.com/react/components/buttons,src/app/(app)/analyse/conditions/page.tsx; src/components/app/evidence-status.tsx,Implemented; partial verification,Implemented; partial verification,"Clean Conditions browser passed in conditions-impact-final run at1440x900,1280x800,1024x800 both surfaces: dimension filters, unknown-group counts, source evidence drawer with exact shot links, one h1/no page overflow.12captures. Types/scoped lint and9 Conditions/Impact unit tests passed.","Same workflow passed390x844,360x800,1023x800 both surfaces; expandable value pairs, complete recorded source fields, safe close, filter Apply and selected scope. Screenshot P24-companion-360 inspected.",The evidence destination retains the selected club and condition scope.,"Full dated/matched/missing-metadata fixture matrix, invalid-date/club recovery, evidence pagination >50, AT/zoom/themes and physical keyboard outstanding. Analysis retains existing latest5000-row cap and classifications; recorded fields are not independently certified measurements."
P25-C01,/analyse/session-impact,Session and reversible filter controls,P2,https://www.untitledui.com/react/components/filter-bars; https://www.untitledui.com/react/components/drawers; https://www.untitledui.com/react/components/date-pickers,src/app/(app)/analyse/session-impact/page.tsx; src/app/analyse/session-impact/session-impact-client.tsx,Implemented; partial verification,Implemented; partial verification,"Browser passed28.2s all6sizes/both surfaces using complete owned fixture: exclude selected/apply, included/excluded counts, reset, path estimate, one h1/no page overflow. Exact stored source shot values unchanged after previews. session-impact-complete-fixture.log.9 Conditions/Impact units and types passed.","Same browser passed390x844,360x800,1023x800: full filter and shot selector Sheet, original/filtered metric labels and signed deltas, visible estimate limitations and source session navigation.12captures available.",Previewing filters never rewrites or deletes the source session.,"Full robust filter variants, empty/no-measurement and mixed carry/total/direction fixtures, >100 session selection, AT/zoom/themes/physical keyboard pending. Existing total fallback calculation preserved and labelled; endpoints lacking direction excluded from visual only. No full acceptance claimed."
P25-C02,/analyse/session-impact,Before and after results,P2,https://www.untitledui.com/react/components/tables; https://www.untitledui.com/react/components/paginations,src/app/(app)/analyse/session-impact/page.tsx; src/app/analyse/session-impact/session-impact-client.tsx,Implemented; partial verification,Implemented; partial verification,"Browser passed28.2s all6sizes/both surfaces using complete owned fixture: exclude selected/apply, included/excluded counts, reset, path estimate, one h1/no page overflow. Exact stored source shot values unchanged after previews. session-impact-complete-fixture.log.9 Conditions/Impact units and types passed.","Same browser passed390x844,360x800,1023x800: full filter and shot selector Sheet, original/filtered metric labels and signed deltas, visible estimate limitations and source session navigation.12captures available.",All differences are computed from the stated sample selection.,"Full robust filter variants, empty/no-measurement and mixed carry/total/direction fixtures, >100 session selection, AT/zoom/themes/physical keyboard pending. Existing total fallback calculation preserved and labelled; endpoints lacking direction excluded from visual only. No full acceptance claimed."
P25-C03,/analyse/session-impact,Top-down path estimate,P2,https://www.untitledui.com/react/components/section-headers; https://www.untitledui.com/react/components/select; https://www.untitledui.com/react/components/tooltips,src/app/(app)/analyse/session-impact/page.tsx; src/app/analyse/session-impact/session-impact-client.tsx,Implemented; partial verification,Implemented; partial verification,"Browser passed28.2s all6sizes/both surfaces using complete owned fixture: exclude selected/apply, included/excluded counts, reset, path estimate, one h1/no page overflow. Exact stored source shot values unchanged after previews. session-impact-complete-fixture.log.9 Conditions/Impact units and types passed.","Same browser passed390x844,360x800,1023x800: full filter and shot selector Sheet, original/filtered metric labels and signed deltas, visible estimate limitations and source session navigation.12captures available.",Estimated path is never relabelled as recorded ball flight.,"Full robust filter variants, empty/no-measurement and mixed carry/total/direction fixtures, >100 session selection, AT/zoom/themes/physical keyboard pending. Existing total fallback calculation preserved and labelled; endpoints lacking direction excluded from visual only. No full acceptance claimed."
P25-C04,/analyse/session-impact,What changes next and no-measurement state,P2,https://www.untitledui.com/react/components/alerts; https://www.untitledui.com/react/components/notifications,src/app/(app)/analyse/session-impact/page.tsx; src/app/analyse/session-impact/session-impact-client.tsx,Implemented; partial verification,Implemented; partial verification,"Browser passed28.2s all6sizes/both surfaces using complete owned fixture: exclude selected/apply, included/excluded counts, reset, path estimate, one h1/no page overflow. Exact stored source shot values unchanged after previews. session-impact-complete-fixture.log.9 Conditions/Impact units and types passed.","Same browser passed390x844,360x800,1023x800: full filter and shot selector Sheet, original/filtered metric labels and signed deltas, visible estimate limitations and source session navigation.12captures available.",A session without measured shots shows a recovery state rather than simulated deltas.,"Full robust filter variants, empty/no-measurement and mixed carry/total/direction fixtures, >100 session selection, AT/zoom/themes/physical keyboard pending. Existing total fallback calculation preserved and labelled; endpoints lacking direction excluded from visual only. No full acceptance claimed."
P26-C01,/analyse/workspace,Data-quality inbox,P2,https://www.untitledui.com/react/components/tables; https://www.untitledui.com/react/components/paginations,src/app/(app)/analyse/workspace/page.tsx,Implemented; partial verification,Implemented; partial verification,"Owned fixture browser passed32.7s: actual annotation/snapshot saves and stored detail inspection, issue search, all4tabs, draft/cancel, one h1/no overflow at1440x900,1280x800,1024x800 both surfaces. analysis-workspace-final.log and12captures.3backend DB tests verify ownership/validation/stored snapshot immutability/refresh failures; types/lint passed before optional-select fix.","Same real form and navigation workflow passed390x844,360x800,1023x800 both surfaces. Complete state-form Sheets and stored snapshot evidence inspection; optional session sends empty value, preventing invalid-ID sentinel failure.",Resolving one issue does not silently clear unrelated warnings.,"Full repair workflow destination fixtures, populated equipment before/after chart fixture, browser save/delete failures, history pagination, AT/zoom/themes and physical keyboard remain outstanding. Equipment scan latest2000shots/latest change per club; notes/snapshots history remains capped. No full acceptance claimed."
P26-C02,/analyse/workspace,Analysis notes and annotations,P2,https://www.untitledui.com/react/components/inputs; https://www.untitledui.com/react/components/select; https://www.untitledui.com/react/components/textarea; https://www.untitledui.com/react/components/buttons,src/app/(app)/analyse/workspace/page.tsx,Implemented; partial verification,Implemented; partial verification,"Owned fixture browser passed32.7s: actual annotation/snapshot saves and stored detail inspection, issue search, all4tabs, draft/cancel, one h1/no overflow at1440x900,1280x800,1024x800 both surfaces. analysis-workspace-final.log and12captures.3backend DB tests verify ownership/validation/stored snapshot immutability/refresh failures; types/lint passed before optional-select fix.","Same real form and navigation workflow passed390x844,360x800,1023x800 both surfaces. Complete state-form Sheets and stored snapshot evidence inspection; optional session sends empty value, preventing invalid-ID sentinel failure.",Notes retain their intended entity/time scope and authorisation.,"Full repair workflow destination fixtures, populated equipment before/after chart fixture, browser save/delete failures, history pagination, AT/zoom/themes and physical keyboard remain outstanding. Equipment scan latest2000shots/latest change per club; notes/snapshots history remains capped. No full acceptance claimed."
P26-C03,/analyse/workspace,Equipment change analysis,P2,https://www.untitledui.com/react/components/line-bar-charts,src/app/(app)/analyse/workspace/page.tsx,Implemented; partial verification,Implemented; partial verification,"Owned fixture browser passed32.7s: actual annotation/snapshot saves and stored detail inspection, issue search, all4tabs, draft/cancel, one h1/no overflow at1440x900,1280x800,1024x800 both surfaces. analysis-workspace-final.log and12captures.3backend DB tests verify ownership/validation/stored snapshot immutability/refresh failures; types/lint passed before optional-select fix.","Same real form and navigation workflow passed390x844,360x800,1023x800 both surfaces. Complete state-form Sheets and stored snapshot evidence inspection; optional session sends empty value, preventing invalid-ID sentinel failure.",Unmatched conditions and small samples remain visible.,"Full repair workflow destination fixtures, populated equipment before/after chart fixture, browser save/delete failures, history pagination, AT/zoom/themes and physical keyboard remain outstanding. Equipment scan latest2000shots/latest change per club; notes/snapshots history remains capped. No full acceptance claimed."
P26-C04,/analyse/workspace,Point-in-time snapshots,P2,https://www.untitledui.com/react/components/inputs; https://www.untitledui.com/react/components/select; https://www.untitledui.com/react/components/textarea; https://www.untitledui.com/react/components/buttons,src/app/(app)/analyse/workspace/page.tsx,Implemented; partial verification,Implemented; partial verification,"Owned fixture browser passed32.7s: actual annotation/snapshot saves and stored detail inspection, issue search, all4tabs, draft/cancel, one h1/no overflow at1440x900,1280x800,1024x800 both surfaces. analysis-workspace-final.log and12captures.3backend DB tests verify ownership/validation/stored snapshot immutability/refresh failures; types/lint passed before optional-select fix.","Same real form and navigation workflow passed390x844,360x800,1023x800 both surfaces. Complete state-form Sheets and stored snapshot evidence inspection; optional session sends empty value, preventing invalid-ID sentinel failure.",Reopening a snapshot retains point-in-time evidence instead of substituting current data.,"Full repair workflow destination fixtures, populated equipment before/after chart fixture, browser save/delete failures, history pagination, AT/zoom/themes and physical keyboard remain outstanding. Equipment scan latest2000shots/latest change per club; notes/snapshots history remains capped. No full acceptance claimed."
P27-C01,/compare,"Progress, club and player comparison modes",P2,https://www.untitledui.com/react/components/tabs,src/app/(app)/compare/page.tsx; src/components/ui/button-group.tsx,Implemented; partial verification,Implemented; partial verification,Three URL modes retain mounted scope; searchable selectors; full numeric table; save/error/delete state actions; saved Reopen document navigation restores stored IDs. Actual isolated progress save/reopen DB verification and 1440x900/1280x800/1024x800 checks pass in p27-browser-final.log (34.8s).,"Full companion route; all three modes, searchable focus/baseline Sheets, paired metric rows with every field, searchable club movement/details and evidence/trend values, save/cancel/reopen. 390x844/360x800/1023x800 and explicit both-surface checks pass; P27 screenshots in output/playwright/ui-upgrade/p27-browser-final. Mobile selector squeeze caught visually and fixed.",Mode changes do not leak private player data or silently reset compatible scope.,"Broader acceptance remains: populated player and two-club browser matrices, full error/delete interactions, AT/zoom/themes/physical keyboard and complete saved-history pagination. Latest 36 saved entries disclosed. Reopen recalculates current data rather than replaying frozen charts. Existing 7-day focus calculation preserved for both 7/30-day baselines and UI labels corrected. Paid reference code unavailable; local accessible alternatives registered."
P27-C02,/compare,Progress period controls and club movement,P2,https://www.untitledui.com/react/components/filter-bars; https://www.untitledui.com/react/components/drawers; https://www.untitledui.com/react/components/date-pickers,src/app/(app)/compare/page.tsx; src/app/compare/progress-compare-client.tsx,Implemented; partial verification,Implemented; partial verification,Three URL modes retain mounted scope; searchable selectors; full numeric table; save/error/delete state actions; saved Reopen document navigation restores stored IDs. Actual isolated progress save/reopen DB verification and 1440x900/1280x800/1024x800 checks pass in p27-browser-final.log (34.8s).,"Full companion route; all three modes, searchable focus/baseline Sheets, paired metric rows with every field, searchable club movement/details and evidence/trend values, save/cancel/reopen. 390x844/360x800/1023x800 and explicit both-surface checks pass; P27 screenshots in output/playwright/ui-upgrade/p27-browser-final. Mobile selector squeeze caught visually and fixed.",Period boundaries and sample compatibility are visible.,"Broader acceptance remains: populated player and two-club browser matrices, full error/delete interactions, AT/zoom/themes/physical keyboard and complete saved-history pagination. Latest 36 saved entries disclosed. Reopen recalculates current data rather than replaying frozen charts. Existing 7-day focus calculation preserved for both 7/30-day baselines and UI labels corrected. Paid reference code unavailable; local accessible alternatives registered."
P27-C03,/compare,Trend shape and period history,P2,https://www.untitledui.com/react/components/line-bar-charts,src/app/(app)/compare/page.tsx; src/app/compare/progress-compare-client.tsx,Implemented; partial verification,Implemented; partial verification,Three URL modes retain mounted scope; searchable selectors; full numeric table; save/error/delete state actions; saved Reopen document navigation restores stored IDs. Actual isolated progress save/reopen DB verification and 1440x900/1280x800/1024x800 checks pass in p27-browser-final.log (34.8s).,"Full companion route; all three modes, searchable focus/baseline Sheets, paired metric rows with every field, searchable club movement/details and evidence/trend values, save/cancel/reopen. 390x844/360x800/1023x800 and explicit both-surface checks pass; P27 screenshots in output/playwright/ui-upgrade/p27-browser-final. Mobile selector squeeze caught visually and fixed.",Missing history remains missing; direction is not inferred from a single observation.,"Broader acceptance remains: populated player and two-club browser matrices, full error/delete interactions, AT/zoom/themes/physical keyboard and complete saved-history pagination. Latest 36 saved entries disclosed. Reopen recalculates current data rather than replaying frozen charts. Existing 7-day focus calculation preserved for both 7/30-day baselines and UI labels corrected. Paid reference code unavailable; local accessible alternatives registered."
P27-C04,/compare,Club-versus-club selection and metrics,P2,https://www.untitledui.com/react/components/tables; https://www.untitledui.com/react/components/paginations,src/app/(app)/compare/page.tsx; src/app/compare/club-compare-client.tsx,Implemented; partial verification,Implemented; partial verification,Three URL modes retain mounted scope; searchable selectors; full numeric table; save/error/delete state actions; saved Reopen document navigation restores stored IDs. Actual isolated progress save/reopen DB verification and 1440x900/1280x800/1024x800 checks pass in p27-browser-final.log (34.8s).,"Full companion route; all three modes, searchable focus/baseline Sheets, paired metric rows with every field, searchable club movement/details and evidence/trend values, save/cancel/reopen. 390x844/360x800/1023x800 and explicit both-surface checks pass; P27 screenshots in output/playwright/ui-upgrade/p27-browser-final. Mobile selector squeeze caught visually and fixed.",The selected clubs and datasets are consistent throughout the comparison.,"Broader acceptance remains: populated player and two-club browser matrices, full error/delete interactions, AT/zoom/themes/physical keyboard and complete saved-history pagination. Latest 36 saved entries disclosed. Reopen recalculates current data rather than replaying frozen charts. Existing 7-day focus calculation preserved for both 7/30-day baselines and UI labels corrected. Paid reference code unavailable; local accessible alternatives registered."
P27-C05,/compare,Player comparison and tournament scores,P2,https://www.untitledui.com/react/components/tables; https://www.untitledui.com/react/components/paginations,src/app/(app)/compare/page.tsx; src/app/compare/player-compare-client.tsx,Implemented; partial verification,Implemented; partial verification,Three URL modes retain mounted scope; searchable selectors; full numeric table; save/error/delete state actions; saved Reopen document navigation restores stored IDs. Actual isolated progress save/reopen DB verification and 1440x900/1280x800/1024x800 checks pass in p27-browser-final.log (34.8s).,"Full companion route; all three modes, searchable focus/baseline Sheets, paired metric rows with every field, searchable club movement/details and evidence/trend values, save/cancel/reopen. 390x844/360x800/1023x800 and explicit both-surface checks pass; P27 screenshots in output/playwright/ui-upgrade/p27-browser-final. Mobile selector squeeze caught visually and fixed.",Private player measurements are never exposed by the redesigned controls.,"Broader acceptance remains: populated player and two-club browser matrices, full error/delete interactions, AT/zoom/themes/physical keyboard and complete saved-history pagination. Latest 36 saved entries disclosed. Reopen recalculates current data rather than replaying frozen charts. Existing 7-day focus calculation preserved for both 7/30-day baselines and UI labels corrected. Paid reference code unavailable; local accessible alternatives registered."
P27-C06,/compare,Saved comparisons and actions,P2,https://www.untitledui.com/react/components/modals; https://www.untitledui.com/react/components/buttons,src/app/(app)/compare/page.tsx; src/app/compare/comparison-workspace.tsx,Implemented; partial verification,Implemented; partial verification,Three URL modes retain mounted scope; searchable selectors; full numeric table; save/error/delete state actions; saved Reopen document navigation restores stored IDs. Actual isolated progress save/reopen DB verification and 1440x900/1280x800/1024x800 checks pass in p27-browser-final.log (34.8s).,"Full companion route; all three modes, searchable focus/baseline Sheets, paired metric rows with every field, searchable club movement/details and evidence/trend values, save/cancel/reopen. 390x844/360x800/1023x800 and explicit both-surface checks pass; P27 screenshots in output/playwright/ui-upgrade/p27-browser-final. Mobile selector squeeze caught visually and fixed.",Opening a saved item restores its exact persisted mode and scope.,"Broader acceptance remains: populated player and two-club browser matrices, full error/delete interactions, AT/zoom/themes/physical keyboard and complete saved-history pagination. Latest 36 saved entries disclosed. Reopen recalculates current data rather than replaying frozen charts. Existing 7-day focus calculation preserved for both 7/30-day baselines and UI labels corrected. Paid reference code unavailable; local accessible alternatives registered."
P28-C01,/strokes-gained,"Scope, category and active filters",P2,https://www.untitledui.com/react/components/filter-bars; https://www.untitledui.com/react/components/drawers; https://www.untitledui.com/react/components/date-pickers,src/app/(app)/strokes-gained/page.tsx,Implemented; partial verification,Implemented; partial verification,Scope-preserving native filter Sheet/category links; mapped-only coverage and baseline disclosure; practice above analysis; unchanged category totals now plotted cumulatively; numeric alternatives and scoped ledger retained. Synthetic +1/-2/pending events across1440/1280/1024 and both surfaces pass p28-browser-complete.log19.0s.,"Dedicated responsive CSS avoids workbench lg:hidden override; full searchable event list and complete input/penalty/expected-strokes/status Sheet; all hole disclosures, cumulative exact values and filters. Both surfaces at390x844/360x800/1023x800 passed19.0s;12screenshots p28-browser-complete, inspected390companion. Actual date/category preservation and unchanged source shots verified.",Selected category and URL state drive every chart and ledger.,"Broad acceptance outstanding: AT/zoom/themes/physical keyboard, all error/empty/long-name filters, full-history pagination beyond existing200-event cap, round trend beyond6rounds. Historical baseline version not stored; current lookup explicitly labelled. Existing generic practice link still selects latest weakness rather than exact SG-category drill (integration gap). Scope includes mapped events only, cannot establish complete-round SG."
P28-C02,/strokes-gained,Calculation coverage and baseline,P2,https://www.untitledui.com/react/components/metrics; https://www.untitledui.com/react/components/tooltips,src/app/(app)/strokes-gained/page.tsx,Implemented; partial verification,Implemented; partial verification,Scope-preserving native filter Sheet/category links; mapped-only coverage and baseline disclosure; practice above analysis; unchanged category totals now plotted cumulatively; numeric alternatives and scoped ledger retained. Synthetic +1/-2/pending events across1440/1280/1024 and both surfaces pass p28-browser-complete.log19.0s.,"Dedicated responsive CSS avoids workbench lg:hidden override; full searchable event list and complete input/penalty/expected-strokes/status Sheet; all hole disclosures, cumulative exact values and filters. Both surfaces at390x844/360x800/1023x800 passed19.0s;12screenshots p28-browser-complete, inspected390companion. Actual date/category preservation and unchanged source shots verified.",An incomplete round cannot appear as fully calculated strokes gained.,"Broad acceptance outstanding: AT/zoom/themes/physical keyboard, all error/empty/long-name filters, full-history pagination beyond existing200-event cap, round trend beyond6rounds. Historical baseline version not stored; current lookup explicitly labelled. Existing generic practice link still selects latest weakness rather than exact SG-category drill (integration gap). Scope includes mapped events only, cannot establish complete-round SG."
P28-C03,/strokes-gained,Category breakdown,P2,https://www.untitledui.com/react/components/line-bar-charts,src/app/(app)/strokes-gained/page.tsx,Implemented; partial verification,Implemented; partial verification,Scope-preserving native filter Sheet/category links; mapped-only coverage and baseline disclosure; practice above analysis; unchanged category totals now plotted cumulatively; numeric alternatives and scoped ledger retained. Synthetic +1/-2/pending events across1440/1280/1024 and both surfaces pass p28-browser-complete.log19.0s.,"Dedicated responsive CSS avoids workbench lg:hidden override; full searchable event list and complete input/penalty/expected-strokes/status Sheet; all hole disclosures, cumulative exact values and filters. Both surfaces at390x844/360x800/1023x800 passed19.0s;12screenshots p28-browser-complete, inspected390companion. Actual date/category preservation and unchanged source shots verified.",Gains/losses use consistent sign conventions and reconcile with the calculated total.,"Broad acceptance outstanding: AT/zoom/themes/physical keyboard, all error/empty/long-name filters, full-history pagination beyond existing200-event cap, round trend beyond6rounds. Historical baseline version not stored; current lookup explicitly labelled. Existing generic practice link still selects latest weakness rather than exact SG-category drill (integration gap). Scope includes mapped events only, cannot establish complete-round SG."
P28-C04,/strokes-gained,Gain/loss waterfall,P2,https://www.untitledui.com/react/components/line-bar-charts,src/app/(app)/strokes-gained/page.tsx,Implemented; partial verification,Implemented; partial verification,Scope-preserving native filter Sheet/category links; mapped-only coverage and baseline disclosure; practice above analysis; unchanged category totals now plotted cumulatively; numeric alternatives and scoped ledger retained. Synthetic +1/-2/pending events across1440/1280/1024 and both surfaces pass p28-browser-complete.log19.0s.,"Dedicated responsive CSS avoids workbench lg:hidden override; full searchable event list and complete input/penalty/expected-strokes/status Sheet; all hole disclosures, cumulative exact values and filters. Both surfaces at390x844/360x800/1023x800 passed19.0s;12screenshots p28-browser-complete, inspected390companion. Actual date/category preservation and unchanged source shots verified.",Cumulative steps reconcile with the total; no decorative bar heights.,"Broad acceptance outstanding: AT/zoom/themes/physical keyboard, all error/empty/long-name filters, full-history pagination beyond existing200-event cap, round trend beyond6rounds. Historical baseline version not stored; current lookup explicitly labelled. Existing generic practice link still selects latest weakness rather than exact SG-category drill (integration gap). Scope includes mapped events only, cannot establish complete-round SG."
P28-C05,/strokes-gained,Main scoring leak and practice action,P2,https://www.untitledui.com/react/components/section-headers; https://www.untitledui.com/react/components/badges; https://www.untitledui.com/react/components/buttons,src/app/(app)/strokes-gained/page.tsx,Implemented; partial verification,Implemented; partial verification,Scope-preserving native filter Sheet/category links; mapped-only coverage and baseline disclosure; practice above analysis; unchanged category totals now plotted cumulatively; numeric alternatives and scoped ledger retained. Synthetic +1/-2/pending events across1440/1280/1024 and both surfaces pass p28-browser-complete.log19.0s.,"Dedicated responsive CSS avoids workbench lg:hidden override; full searchable event list and complete input/penalty/expected-strokes/status Sheet; all hole disclosures, cumulative exact values and filters. Both surfaces at390x844/360x800/1023x800 passed19.0s;12screenshots p28-browser-complete, inspected390companion. Actual date/category preservation and unchanged source shots verified.",The selected category scope is reflected in the recommendation.,"Broad acceptance outstanding: AT/zoom/themes/physical keyboard, all error/empty/long-name filters, full-history pagination beyond existing200-event cap, round trend beyond6rounds. Historical baseline version not stored; current lookup explicitly labelled. Existing generic practice link still selects latest weakness rather than exact SG-category drill (integration gap). Scope includes mapped events only, cannot establish complete-round SG."
P28-C06,/strokes-gained,Round trend and hole impact,P2,https://www.untitledui.com/react/components/line-bar-charts,src/app/(app)/strokes-gained/page.tsx,Implemented; partial verification,Implemented; partial verification,Scope-preserving native filter Sheet/category links; mapped-only coverage and baseline disclosure; practice above analysis; unchanged category totals now plotted cumulatively; numeric alternatives and scoped ledger retained. Synthetic +1/-2/pending events across1440/1280/1024 and both surfaces pass p28-browser-complete.log19.0s.,"Dedicated responsive CSS avoids workbench lg:hidden override; full searchable event list and complete input/penalty/expected-strokes/status Sheet; all hole disclosures, cumulative exact values and filters. Both surfaces at390x844/360x800/1023x800 passed19.0s;12screenshots p28-browser-complete, inspected390companion. Actual date/category preservation and unchanged source shots verified.",Estimated/mapped event coverage remains visible for each round/hole.,"Broad acceptance outstanding: AT/zoom/themes/physical keyboard, all error/empty/long-name filters, full-history pagination beyond existing200-event cap, round trend beyond6rounds. Historical baseline version not stored; current lookup explicitly labelled. Existing generic practice link still selects latest weakness rather than exact SG-category drill (integration gap). Scope includes mapped events only, cannot establish complete-round SG."
P28-C07,/strokes-gained,Shot highlights and calculation ledger,P2,https://www.untitledui.com/react/components/tables; https://www.untitledui.com/react/components/paginations,src/app/(app)/strokes-gained/page.tsx,Implemented; partial verification,Implemented; partial verification,Scope-preserving native filter Sheet/category links; mapped-only coverage and baseline disclosure; practice above analysis; unchanged category totals now plotted cumulatively; numeric alternatives and scoped ledger retained. Synthetic +1/-2/pending events across1440/1280/1024 and both surfaces pass p28-browser-complete.log19.0s.,"Dedicated responsive CSS avoids workbench lg:hidden override; full searchable event list and complete input/penalty/expected-strokes/status Sheet; all hole disclosures, cumulative exact values and filters. Both surfaces at390x844/360x800/1023x800 passed19.0s;12screenshots p28-browser-complete, inspected390companion. Actual date/category preservation and unchanged source shots verified.",Every displayed contribution traces to an authorised event and baseline.,"Broad acceptance outstanding: AT/zoom/themes/physical keyboard, all error/empty/long-name filters, full-history pagination beyond existing200-event cap, round trend beyond6rounds. Historical baseline version not stored; current lookup explicitly labelled. Existing generic practice link still selects latest weakness rather than exact SG-category drill (integration gap). Scope includes mapped events only, cannot establish complete-round SG."
P29-C01,/simulator-lab,Lab summary and range-reality estimate,P2,https://www.untitledui.com/react/components/metrics; https://www.untitledui.com/react/components/tooltips,src/app/(app)/simulator-lab/page.tsx; src/components/premium.tsx,Implemented; partial verification,Implemented; partial verification,"URL Analysis/Gapping/Session&setup/Optionalbanter panels retain state. Searchable full evidence, exact existing snapshots/date bounds/source links, what-if numeric/reset, confidence gaps and filtered shot detail with unchanged renderer. Browser p29-browser-interaction.log35.3s passes1440/1280/1024 on both surfaces; DTO8tests/types/scopedlint pass.","Complete companion Lab with all tasks. Searchable plot points+touch/keyboard detailSheet, gapping selector, latest/baseline metric evidence, bounded numeric projections, optional private dialog/cancel/error recovery.390x844/360x800/1023x800 and both-surface12capturematrix pass35.3s. Inspected390companion. MockedAI503→success; original shots unchanged.",The range-derived estimate is clearly unofficial and separate from real-round handicap.,"Broad acceptance outstanding: AT/zoom/themes/physical keyboard, populated setup-impact browser fixture, full historical pages beyond source caps/latest12changes, source model monthly sample counts unavailable. Private draft save/duplicate server outcomes not browser-mutated; generation was mocked(no paid call). Range estimate remains unofficial. Paid example code unavailable; registered local accessible alternatives. Existing practice planner handoff is generic rather than exact prescribed drill."
P29-C02,/simulator-lab,WITB gapping matrix,P2,https://www.untitledui.com/react/components/tables; https://www.untitledui.com/react/components/paginations,src/app/(app)/simulator-lab/page.tsx; src/app/simulator-lab/gapping-matrix-client.tsx,Implemented; partial verification,Implemented; partial verification,"URL Analysis/Gapping/Session&setup/Optionalbanter panels retain state. Searchable full evidence, exact existing snapshots/date bounds/source links, what-if numeric/reset, confidence gaps and filtered shot detail with unchanged renderer. Browser p29-browser-interaction.log35.3s passes1440/1280/1024 on both surfaces; DTO8tests/types/scopedlint pass.","Complete companion Lab with all tasks. Searchable plot points+touch/keyboard detailSheet, gapping selector, latest/baseline metric evidence, bounded numeric projections, optional private dialog/cancel/error recovery.390x844/360x800/1023x800 and both-surface12capturematrix pass35.3s. Inspected390companion. MockedAI503→success; original shots unchanged.",Projected or peak values never overwrite recommended carry.,"Broad acceptance outstanding: AT/zoom/themes/physical keyboard, populated setup-impact browser fixture, full historical pages beyond source caps/latest12changes, source model monthly sample counts unavailable. Private draft save/duplicate server outcomes not browser-mutated; generation was mocked(no paid call). Range estimate remains unofficial. Paid example code unavailable; registered local accessible alternatives. Existing practice planner handoff is generic rather than exact prescribed drill."
P29-C03,/simulator-lab,Indoor session deltas,P2,https://www.untitledui.com/react/components/tables; https://www.untitledui.com/react/components/paginations,src/app/(app)/simulator-lab/page.tsx,Implemented; partial verification,Implemented; partial verification,"URL Analysis/Gapping/Session&setup/Optionalbanter panels retain state. Searchable full evidence, exact existing snapshots/date bounds/source links, what-if numeric/reset, confidence gaps and filtered shot detail with unchanged renderer. Browser p29-browser-interaction.log35.3s passes1440/1280/1024 on both surfaces; DTO8tests/types/scopedlint pass.","Complete companion Lab with all tasks. Searchable plot points+touch/keyboard detailSheet, gapping selector, latest/baseline metric evidence, bounded numeric projections, optional private dialog/cancel/error recovery.390x844/360x800/1023x800 and both-surface12capturematrix pass35.3s. Inspected390companion. MockedAI503→success; original shots unchanged.",Outdoor and incompatible samples are not silently added to the indoor comparison.,"Broad acceptance outstanding: AT/zoom/themes/physical keyboard, populated setup-impact browser fixture, full historical pages beyond source caps/latest12changes, source model monthly sample counts unavailable. Private draft save/duplicate server outcomes not browser-mutated; generation was mocked(no paid call). Range estimate remains unofficial. Paid example code unavailable; registered local accessible alternatives. Existing practice planner handoff is generic rather than exact prescribed drill."
P29-C04,/simulator-lab,Tinkering ledger,P2,https://www.untitledui.com/react/components/tables; https://www.untitledui.com/react/components/paginations,src/app/(app)/simulator-lab/page.tsx,Implemented; partial verification,Implemented; partial verification,"URL Analysis/Gapping/Session&setup/Optionalbanter panels retain state. Searchable full evidence, exact existing snapshots/date bounds/source links, what-if numeric/reset, confidence gaps and filtered shot detail with unchanged renderer. Browser p29-browser-interaction.log35.3s passes1440/1280/1024 on both surfaces; DTO8tests/types/scopedlint pass.","Complete companion Lab with all tasks. Searchable plot points+touch/keyboard detailSheet, gapping selector, latest/baseline metric evidence, bounded numeric projections, optional private dialog/cancel/error recovery.390x844/360x800/1023x800 and both-surface12capturematrix pass35.3s. Inspected390companion. MockedAI503→success; original shots unchanged.",A setup association is not labelled a proven causal improvement.,"Broad acceptance outstanding: AT/zoom/themes/physical keyboard, populated setup-impact browser fixture, full historical pages beyond source caps/latest12changes, source model monthly sample counts unavailable. Private draft save/duplicate server outcomes not browser-mutated; generation was mocked(no paid call). Range estimate remains unofficial. Paid example code unavailable; registered local accessible alternatives. Existing practice planner handoff is generic rather than exact prescribed drill."
P29-C05,/simulator-lab,Shot-pattern map,P2,https://www.untitledui.com/react/components/section-headers; https://www.untitledui.com/react/components/select; https://www.untitledui.com/react/components/tooltips,src/app/(app)/simulator-lab/page.tsx,Implemented; partial verification,Implemented; partial verification,"URL Analysis/Gapping/Session&setup/Optionalbanter panels retain state. Searchable full evidence, exact existing snapshots/date bounds/source links, what-if numeric/reset, confidence gaps and filtered shot detail with unchanged renderer. Browser p29-browser-interaction.log35.3s passes1440/1280/1024 on both surfaces; DTO8tests/types/scopedlint pass.","Complete companion Lab with all tasks. Searchable plot points+touch/keyboard detailSheet, gapping selector, latest/baseline metric evidence, bounded numeric projections, optional private dialog/cancel/error recovery.390x844/360x800/1023x800 and both-surface12capturematrix pass35.3s. Inspected390companion. MockedAI503→success; original shots unchanged.",Filtering and displayed sample count remain in sync.,"Broad acceptance outstanding: AT/zoom/themes/physical keyboard, populated setup-impact browser fixture, full historical pages beyond source caps/latest12changes, source model monthly sample counts unavailable. Private draft save/duplicate server outcomes not browser-mutated; generation was mocked(no paid call). Range estimate remains unofficial. Paid example code unavailable; registered local accessible alternatives. Existing practice planner handoff is generic rather than exact prescribed drill."
P29-C06,/simulator-lab,"Score costs, bag truth and today's practice",P2,https://www.untitledui.com/react/components/section-headers; https://www.untitledui.com/react/components/badges; https://www.untitledui.com/react/components/buttons,src/app/(app)/simulator-lab/page.tsx,Implemented; partial verification,Implemented; partial verification,"URL Analysis/Gapping/Session&setup/Optionalbanter panels retain state. Searchable full evidence, exact existing snapshots/date bounds/source links, what-if numeric/reset, confidence gaps and filtered shot detail with unchanged renderer. Browser p29-browser-interaction.log35.3s passes1440/1280/1024 on both surfaces; DTO8tests/types/scopedlint pass.","Complete companion Lab with all tasks. Searchable plot points+touch/keyboard detailSheet, gapping selector, latest/baseline metric evidence, bounded numeric projections, optional private dialog/cancel/error recovery.390x844/360x800/1023x800 and both-surface12capturematrix pass35.3s. Inspected390companion. MockedAI503→success; original shots unchanged.",No duplicate conflicting primary recommendation across lab panels.,"Broad acceptance outstanding: AT/zoom/themes/physical keyboard, populated setup-impact browser fixture, full historical pages beyond source caps/latest12changes, source model monthly sample counts unavailable. Private draft save/duplicate server outcomes not browser-mutated; generation was mocked(no paid call). Range estimate remains unofficial. Paid example code unavailable; registered local accessible alternatives. Existing practice planner handoff is generic rather than exact prescribed drill."
P29-C07,/simulator-lab,What-if estimate controls,P2,https://www.untitledui.com/react/components/sliders; https://www.untitledui.com/react/components/inputs,src/app/(app)/simulator-lab/page.tsx; src/app/simulator-lab/what-if-client.tsx,Implemented; partial verification,Implemented; partial verification,"URL Analysis/Gapping/Session&setup/Optionalbanter panels retain state. Searchable full evidence, exact existing snapshots/date bounds/source links, what-if numeric/reset, confidence gaps and filtered shot detail with unchanged renderer. Browser p29-browser-interaction.log35.3s passes1440/1280/1024 on both surfaces; DTO8tests/types/scopedlint pass.","Complete companion Lab with all tasks. Searchable plot points+touch/keyboard detailSheet, gapping selector, latest/baseline metric evidence, bounded numeric projections, optional private dialog/cancel/error recovery.390x844/360x800/1023x800 and both-surface12capturematrix pass35.3s. Inspected390companion. MockedAI503→success; original shots unchanged.",What-if changes are read-only and never become saved performance evidence.,"Broad acceptance outstanding: AT/zoom/themes/physical keyboard, populated setup-impact browser fixture, full historical pages beyond source caps/latest12changes, source model monthly sample counts unavailable. Private draft save/duplicate server outcomes not browser-mutated; generation was mocked(no paid call). Range estimate remains unofficial. Paid example code unavailable; registered local accessible alternatives. Existing practice planner handoff is generic rather than exact prescribed drill."
P29-C08,/simulator-lab,Confidence history,P2,https://www.untitledui.com/react/components/line-bar-charts,src/app/(app)/simulator-lab/page.tsx,Implemented; partial verification,Implemented; partial verification,"URL Analysis/Gapping/Session&setup/Optionalbanter panels retain state. Searchable full evidence, exact existing snapshots/date bounds/source links, what-if numeric/reset, confidence gaps and filtered shot detail with unchanged renderer. Browser p29-browser-interaction.log35.3s passes1440/1280/1024 on both surfaces; DTO8tests/types/scopedlint pass.","Complete companion Lab with all tasks. Searchable plot points+touch/keyboard detailSheet, gapping selector, latest/baseline metric evidence, bounded numeric projections, optional private dialog/cancel/error recovery.390x844/360x800/1023x800 and both-surface12capturematrix pass35.3s. Inspected390companion. MockedAI503→success; original shots unchanged.",Unsupported months remain gaps.,"Broad acceptance outstanding: AT/zoom/themes/physical keyboard, populated setup-impact browser fixture, full historical pages beyond source caps/latest12changes, source model monthly sample counts unavailable. Private draft save/duplicate server outcomes not browser-mutated; generation was mocked(no paid call). Range estimate remains unofficial. Paid example code unavailable; registered local accessible alternatives. Existing practice planner handoff is generic rather than exact prescribed drill."
P29-C09,/simulator-lab,Optional private session banter,P2,https://www.untitledui.com/react/components/modals; https://www.untitledui.com/react/components/buttons,src/app/(app)/simulator-lab/page.tsx; src/app/simulator-lab/session-roast-panel.tsx,Implemented; partial verification,Implemented; partial verification,"URL Analysis/Gapping/Session&setup/Optionalbanter panels retain state. Searchable full evidence, exact existing snapshots/date bounds/source links, what-if numeric/reset, confidence gaps and filtered shot detail with unchanged renderer. Browser p29-browser-interaction.log35.3s passes1440/1280/1024 on both surfaces; DTO8tests/types/scopedlint pass.","Complete companion Lab with all tasks. Searchable plot points+touch/keyboard detailSheet, gapping selector, latest/baseline metric evidence, bounded numeric projections, optional private dialog/cancel/error recovery.390x844/360x800/1023x800 and both-surface12capturematrix pass35.3s. Inspected390companion. MockedAI503→success; original shots unchanged.",Generated banter stays private under existing rules and is not treated as measured advice.,"Broad acceptance outstanding: AT/zoom/themes/physical keyboard, populated setup-impact browser fixture, full historical pages beyond source caps/latest12changes, source model monthly sample counts unavailable. Private draft save/duplicate server outcomes not browser-mutated; generation was mocked(no paid call). Range estimate remains unofficial. Paid example code unavailable; registered local accessible alternatives. Existing practice planner handoff is generic rather than exact prescribed drill."
P30-C01,/speed,Speed-development overview,P2,https://www.untitledui.com/react/components/page-headers; https://www.untitledui.com/react/components/section-headers,src/app/(app)/speed/page.tsx; src/components/speed/driver-speed-development.tsx; src/app/speed/speed-companion-page.tsx,Implemented; partial verification,Implemented; partial verification,"Full Speed Centre sections on both surfaces; searchable club focus, precise projection/reset, retained goal/manual forms, source/side trend filters, complete reading/source ledger and R-Cloud controls. speed-centre-browser-final.log passed23.2s at both surfaces x1440x900,1280x800,390x844,360x800,1023x800,1024x800; exact five saved readings/single receipt and original golf shots unchanged. P30 screenshots;390companion inspected. Provider imports mocked in isolated DB tests; no live provider action.","Full Speed Centre sections on both surfaces; searchable club focus, precise projection/reset, retained goal/manual forms, source/side trend filters, complete reading/source ledger and R-Cloud controls. speed-centre-browser-final.log passed23.2s at both surfaces x1440x900,1280x800,390x844,360x800,1023x800,1024x800; exact five saved readings/single receipt and original golf shots unchanged. P30 screenshots;390companion inspected. Provider imports mocked in isolated DB tests; no live provider action.",No-ball training is always distinct from with-ball club speed.,"Full acceptance outstanding: source/side filtered-empty browser coverage; populated provider connection/import error states; uncertainty/replay manual-save receipt; AT,200%zoom,themes,physicalsafeareas. Mobile screenshot shows shared sticky top chrome crossing description after scroll; shared header acceptance remains open. No paid advanced component entitlement; registered local adapters used."
P30-C02,/speed,Club focus selector and summary,P2,https://www.untitledui.com/react/components/select,src/app/(app)/speed/page.tsx; src/app/speed/club-speed-focus.tsx,Implemented; partial verification,Implemented; partial verification,"Full Speed Centre sections on both surfaces; searchable club focus, precise projection/reset, retained goal/manual forms, source/side trend filters, complete reading/source ledger and R-Cloud controls. speed-centre-browser-final.log passed23.2s at both surfaces x1440x900,1280x800,390x844,360x800,1023x800,1024x800; exact five saved readings/single receipt and original golf shots unchanged. P30 screenshots;390companion inspected. Provider imports mocked in isolated DB tests; no live provider action.","Full Speed Centre sections on both surfaces; searchable club focus, precise projection/reset, retained goal/manual forms, source/side trend filters, complete reading/source ledger and R-Cloud controls. speed-centre-browser-final.log passed23.2s at both surfaces x1440x900,1280x800,390x844,360x800,1023x800,1024x800; exact five saved readings/single receipt and original golf shots unchanged. P30 screenshots;390companion inspected. Provider imports mocked in isolated DB tests; no live provider action.",Selecting an iron does not leave a stale Driver heading or calculation.,"Full acceptance outstanding: source/side filtered-empty browser coverage; populated provider connection/import error states; uncertainty/replay manual-save receipt; AT,200%zoom,themes,physicalsafeareas. Mobile screenshot shows shared sticky top chrome crossing description after scroll; shared header acceptance remains open. No paid advanced component entitlement; registered local adapters used."
P30-C03,/speed,Speed goals and target date,P2,https://www.untitledui.com/react/components/inputs; https://www.untitledui.com/react/components/select; https://www.untitledui.com/react/components/textarea; https://www.untitledui.com/react/components/buttons,src/app/(app)/speed/page.tsx; src/components/ui/input.tsx,Implemented; partial verification,Implemented; partial verification,"Full Speed Centre sections on both surfaces; searchable club focus, precise projection/reset, retained goal/manual forms, source/side trend filters, complete reading/source ledger and R-Cloud controls. speed-centre-browser-final.log passed23.2s at both surfaces x1440x900,1280x800,390x844,360x800,1023x800,1024x800; exact five saved readings/single receipt and original golf shots unchanged. P30 screenshots;390companion inspected. Provider imports mocked in isolated DB tests; no live provider action.","Full Speed Centre sections on both surfaces; searchable club focus, precise projection/reset, retained goal/manual forms, source/side trend filters, complete reading/source ledger and R-Cloud controls. speed-centre-browser-final.log passed23.2s at both surfaces x1440x900,1280x800,390x844,360x800,1023x800,1024x800; exact five saved readings/single receipt and original golf shots unchanged. P30 screenshots;390companion inspected. Provider imports mocked in isolated DB tests; no live provider action.",Saved targets override recommendations only according to existing domain rules.,"Full acceptance outstanding: source/side filtered-empty browser coverage; populated provider connection/import error states; uncertainty/replay manual-save receipt; AT,200%zoom,themes,physicalsafeareas. Mobile screenshot shows shared sticky top chrome crossing description after scroll; shared header acceptance remains open. No paid advanced component entitlement; registered local adapters used."
P30-C04,/speed,Club-speed evidence ledger,P2,https://www.untitledui.com/react/components/tables; https://www.untitledui.com/react/components/paginations,src/app/(app)/speed/page.tsx,Implemented; partial verification,Implemented; partial verification,"Full Speed Centre sections on both surfaces; searchable club focus, precise projection/reset, retained goal/manual forms, source/side trend filters, complete reading/source ledger and R-Cloud controls. speed-centre-browser-final.log passed23.2s at both surfaces x1440x900,1280x800,390x844,360x800,1023x800,1024x800; exact five saved readings/single receipt and original golf shots unchanged. P30 screenshots;390companion inspected. Provider imports mocked in isolated DB tests; no live provider action.","Full Speed Centre sections on both surfaces; searchable club focus, precise projection/reset, retained goal/manual forms, source/side trend filters, complete reading/source ledger and R-Cloud controls. speed-centre-browser-final.log passed23.2s at both surfaces x1440x900,1280x800,390x844,360x800,1023x800,1024x800; exact five saved readings/single receipt and original golf shots unchanged. P30 screenshots;390companion inspected. Provider imports mocked in isolated DB tests; no live provider action.",Mixed source types are not averaged into a misleading single measured speed.,"Full acceptance outstanding: source/side filtered-empty browser coverage; populated provider connection/import error states; uncertainty/replay manual-save receipt; AT,200%zoom,themes,physicalsafeareas. Mobile screenshot shows shared sticky top chrome crossing description after scroll; shared header acceptance remains open. No paid advanced component entitlement; registered local adapters used."
P30-C05,/speed,Speed trend and recent sessions,P2,https://www.untitledui.com/react/components/line-bar-charts,src/app/(app)/speed/page.tsx,Implemented; partial verification,Implemented; partial verification,"Full Speed Centre sections on both surfaces; searchable club focus, precise projection/reset, retained goal/manual forms, source/side trend filters, complete reading/source ledger and R-Cloud controls. speed-centre-browser-final.log passed23.2s at both surfaces x1440x900,1280x800,390x844,360x800,1023x800,1024x800; exact five saved readings/single receipt and original golf shots unchanged. P30 screenshots;390companion inspected. Provider imports mocked in isolated DB tests; no live provider action.","Full Speed Centre sections on both surfaces; searchable club focus, precise projection/reset, retained goal/manual forms, source/side trend filters, complete reading/source ledger and R-Cloud controls. speed-centre-browser-final.log passed23.2s at both surfaces x1440x900,1280x800,390x844,360x800,1023x800,1024x800; exact five saved readings/single receipt and original golf shots unchanged. P30 screenshots;390companion inspected. Provider imports mocked in isolated DB tests; no live provider action.",Every point opens the correct source session.,"Full acceptance outstanding: source/side filtered-empty browser coverage; populated provider connection/import error states; uncertainty/replay manual-save receipt; AT,200%zoom,themes,physicalsafeareas. Mobile screenshot shows shared sticky top chrome crossing description after scroll; shared header acceptance remains open. No paid advanced component entitlement; registered local adapters used."
P30-C06,/speed,Future carry projection,P2,https://www.untitledui.com/react/components/sliders; https://www.untitledui.com/react/components/inputs,src/app/(app)/speed/page.tsx; src/app/speed/future-bag-slider.tsx,Implemented; partial verification,Implemented; partial verification,"Full Speed Centre sections on both surfaces; searchable club focus, precise projection/reset, retained goal/manual forms, source/side trend filters, complete reading/source ledger and R-Cloud controls. speed-centre-browser-final.log passed23.2s at both surfaces x1440x900,1280x800,390x844,360x800,1023x800,1024x800; exact five saved readings/single receipt and original golf shots unchanged. P30 screenshots;390companion inspected. Provider imports mocked in isolated DB tests; no live provider action.","Full Speed Centre sections on both surfaces; searchable club focus, precise projection/reset, retained goal/manual forms, source/side trend filters, complete reading/source ledger and R-Cloud controls. speed-centre-browser-final.log passed23.2s at both surfaces x1440x900,1280x800,390x844,360x800,1023x800,1024x800; exact five saved readings/single receipt and original golf shots unchanged. P30 screenshots;390companion inspected. Provider imports mocked in isolated DB tests; no live provider action.",Projected carry never updates saved bag recommendations.,"Full acceptance outstanding: source/side filtered-empty browser coverage; populated provider connection/import error states; uncertainty/replay manual-save receipt; AT,200%zoom,themes,physicalsafeareas. Mobile screenshot shows shared sticky top chrome crossing description after scroll; shared header acceptance remains open. No paid advanced component entitlement; registered local adapters used."
P30-C07,/speed,Athletic development and speed profile,P2,https://www.untitledui.com/react/components/section-headers; https://www.untitledui.com/react/components/badges; https://www.untitledui.com/react/components/buttons,src/app/(app)/speed/page.tsx,Implemented; partial verification,Implemented; partial verification,"Full Speed Centre sections on both surfaces; searchable club focus, precise projection/reset, retained goal/manual forms, source/side trend filters, complete reading/source ledger and R-Cloud controls. speed-centre-browser-final.log passed23.2s at both surfaces x1440x900,1280x800,390x844,360x800,1023x800,1024x800; exact five saved readings/single receipt and original golf shots unchanged. P30 screenshots;390companion inspected. Provider imports mocked in isolated DB tests; no live provider action.","Full Speed Centre sections on both surfaces; searchable club focus, precise projection/reset, retained goal/manual forms, source/side trend filters, complete reading/source ledger and R-Cloud controls. speed-centre-browser-final.log passed23.2s at both surfaces x1440x900,1280x800,390x844,360x800,1023x800,1024x800; exact five saved readings/single receipt and original golf shots unchanged. P30 screenshots;390companion inspected. Provider imports mocked in isolated DB tests; no live provider action.","Unlocks and prescriptions reflect existing criteria, not UI-only completion.","Full acceptance outstanding: source/side filtered-empty browser coverage; populated provider connection/import error states; uncertainty/replay manual-save receipt; AT,200%zoom,themes,physicalsafeareas. Mobile screenshot shows shared sticky top chrome crossing description after scroll; shared header acceptance remains open. No paid advanced component entitlement; registered local adapters used."
P30-C08,/speed,Add speed session,P2,https://www.untitledui.com/react/components/inputs; https://www.untitledui.com/react/components/select; https://www.untitledui.com/react/components/textarea; https://www.untitledui.com/react/components/buttons,src/app/(app)/speed/page.tsx,Implemented; partial verification,Implemented; partial verification,"Full Speed Centre sections on both surfaces; searchable club focus, precise projection/reset, retained goal/manual forms, source/side trend filters, complete reading/source ledger and R-Cloud controls. speed-centre-browser-final.log passed23.2s at both surfaces x1440x900,1280x800,390x844,360x800,1023x800,1024x800; exact five saved readings/single receipt and original golf shots unchanged. P30 screenshots;390companion inspected. Provider imports mocked in isolated DB tests; no live provider action.","Full Speed Centre sections on both surfaces; searchable club focus, precise projection/reset, retained goal/manual forms, source/side trend filters, complete reading/source ledger and R-Cloud controls. speed-centre-browser-final.log passed23.2s at both surfaces x1440x900,1280x800,390x844,360x800,1023x800,1024x800; exact five saved readings/single receipt and original golf shots unchanged. P30 screenshots;390companion inspected. Provider imports mocked in isolated DB tests; no live provider action.",All submitted readings round-trip accurately and duplicate saves are prevented.,"Full acceptance outstanding: source/side filtered-empty browser coverage; populated provider connection/import error states; uncertainty/replay manual-save receipt; AT,200%zoom,themes,physicalsafeareas. Mobile screenshot shows shared sticky top chrome crossing description after scroll; shared header acceptance remains open. No paid advanced component entitlement; registered local adapters used."
P30-C09,/speed,R-Cloud speed connection and session inbox,P2,https://www.untitledui.com/react/components/section-headers; https://www.untitledui.com/react/components/badges; https://www.untitledui.com/react/components/buttons,src/app/(app)/speed/page.tsx,Implemented; partial verification,Implemented; partial verification,"Full Speed Centre sections on both surfaces; searchable club focus, precise projection/reset, retained goal/manual forms, source/side trend filters, complete reading/source ledger and R-Cloud controls. speed-centre-browser-final.log passed23.2s at both surfaces x1440x900,1280x800,390x844,360x800,1023x800,1024x800; exact five saved readings/single receipt and original golf shots unchanged. P30 screenshots;390companion inspected. Provider imports mocked in isolated DB tests; no live provider action.","Full Speed Centre sections on both surfaces; searchable club focus, precise projection/reset, retained goal/manual forms, source/side trend filters, complete reading/source ledger and R-Cloud controls. speed-centre-browser-final.log passed23.2s at both surfaces x1440x900,1280x800,390x844,360x800,1023x800,1024x800; exact five saved readings/single receipt and original golf shots unchanged. P30 screenshots;390companion inspected. Provider imports mocked in isolated DB tests; no live provider action.",Historical imports do not imply the provider is currently connected.,"Full acceptance outstanding: source/side filtered-empty browser coverage; populated provider connection/import error states; uncertainty/replay manual-save receipt; AT,200%zoom,themes,physicalsafeareas. Mobile screenshot shows shared sticky top chrome crossing description after scroll; shared header acceptance remains open. No paid advanced component entitlement; registered local adapters used."
P31-C01,/speed/sessions/[sessionId],Session identity and summary,P2,https://www.untitledui.com/react/components/page-headers; https://www.untitledui.com/react/components/section-headers,src/app/(app)/speed/sessions/[sessionId]/page.tsx; src/components/premium.tsx; src/app/speed/speed-session-companion.tsx,Implemented; partial verification,Implemented; partial verification,"Full common session UI, retained URL sections, exact reading and phase/source details, chart tap/native selection, complete stateful edit/transfer and named delete dialog. speed-session-browser-retry.log passed21.9s across both surfaces and six required sizes: swing detail, selected value, tab draft retention, delete cancel, invalid edit recovery and exact corrected readings; original shots unchanged. Screenshot390companion inspected; narrow fatigue metric truncation corrected after capture. Scoped types/lint pass; isolated backend edit/link/delete ownership and rollback proofs pass.","Full common session UI, retained URL sections, exact reading and phase/source details, chart tap/native selection, complete stateful edit/transfer and named delete dialog. speed-session-browser-retry.log passed21.9s across both surfaces and six required sizes: swing detail, selected value, tab draft retention, delete cancel, invalid edit recovery and exact corrected readings; original shots unchanged. Screenshot390companion inspected; narrow fatigue metric truncation corrected after capture. Scoped types/lint pass; isolated backend edit/link/delete ownership and rollback proofs pass.",Summary-only sessions are identified and do not invent individual swings.,"Full acceptance outstanding: browser positive five-ball transfer and confirmed deletion; summary-only/long history fixtures; AT,zoom,themes and physical safeareas. First cold navigation hydration-ready timed out; stable rerun passed with no pageerror diagnostic. Shared mobile sticky header overlaps after scrolling; narrow fatigue metric wrapping refinement needs refreshed screenshot. Existing fatigue domain calculation retained."
P31-C02,/speed/sessions/[sessionId],Swing detail and fatigue pattern,P2,https://www.untitledui.com/react/components/line-bar-charts,src/app/(app)/speed/sessions/[sessionId]/page.tsx; src/components/speed/speed-fatigue-chart.tsx,Implemented; partial verification,Implemented; partial verification,"Full common session UI, retained URL sections, exact reading and phase/source details, chart tap/native selection, complete stateful edit/transfer and named delete dialog. speed-session-browser-retry.log passed21.9s across both surfaces and six required sizes: swing detail, selected value, tab draft retention, delete cancel, invalid edit recovery and exact corrected readings; original shots unchanged. Screenshot390companion inspected; narrow fatigue metric truncation corrected after capture. Scoped types/lint pass; isolated backend edit/link/delete ownership and rollback proofs pass.","Full common session UI, retained URL sections, exact reading and phase/source details, chart tap/native selection, complete stateful edit/transfer and named delete dialog. speed-session-browser-retry.log passed21.9s across both surfaces and six required sizes: swing detail, selected value, tab draft retention, delete cancel, invalid edit recovery and exact corrected readings; original shots unchanged. Screenshot390companion inspected; narrow fatigue metric truncation corrected after capture. Scoped types/lint pass; isolated backend edit/link/delete ownership and rollback proofs pass.",The chart uses the actual swing order and does not infer missing readings.,"Full acceptance outstanding: browser positive five-ball transfer and confirmed deletion; summary-only/long history fixtures; AT,zoom,themes and physical safeareas. First cold navigation hydration-ready timed out; stable rerun passed with no pageerror diagnostic. Shared mobile sticky header overlaps after scrolling; narrow fatigue metric wrapping refinement needs refreshed screenshot. Existing fatigue domain calculation retained."
P31-C03,/speed/sessions/[sessionId],Swing log,P2,https://www.untitledui.com/react/components/tables; https://www.untitledui.com/react/components/paginations,src/app/(app)/speed/sessions/[sessionId]/page.tsx,Implemented; partial verification,Implemented; partial verification,"Full common session UI, retained URL sections, exact reading and phase/source details, chart tap/native selection, complete stateful edit/transfer and named delete dialog. speed-session-browser-retry.log passed21.9s across both surfaces and six required sizes: swing detail, selected value, tab draft retention, delete cancel, invalid edit recovery and exact corrected readings; original shots unchanged. Screenshot390companion inspected; narrow fatigue metric truncation corrected after capture. Scoped types/lint pass; isolated backend edit/link/delete ownership and rollback proofs pass.","Full common session UI, retained URL sections, exact reading and phase/source details, chart tap/native selection, complete stateful edit/transfer and named delete dialog. speed-session-browser-retry.log passed21.9s across both surfaces and six required sizes: swing detail, selected value, tab draft retention, delete cancel, invalid edit recovery and exact corrected readings; original shots unchanged. Screenshot390companion inspected; narrow fatigue metric truncation corrected after capture. Scoped types/lint pass; isolated backend edit/link/delete ownership and rollback proofs pass.","Peak, median and count reconcile with the saved readings.","Full acceptance outstanding: browser positive five-ball transfer and confirmed deletion; summary-only/long history fixtures; AT,zoom,themes and physical safeareas. First cold navigation hydration-ready timed out; stable rerun passed with no pageerror diagnostic. Shared mobile sticky header overlaps after scrolling; narrow fatigue metric wrapping refinement needs refreshed screenshot. Existing fatigue domain calculation retained."
P31-C04,/speed/sessions/[sessionId],Edit session,P2,https://www.untitledui.com/react/components/inputs; https://www.untitledui.com/react/components/select; https://www.untitledui.com/react/components/textarea; https://www.untitledui.com/react/components/buttons,src/app/(app)/speed/sessions/[sessionId]/page.tsx,Implemented; partial verification,Implemented; partial verification,"Full common session UI, retained URL sections, exact reading and phase/source details, chart tap/native selection, complete stateful edit/transfer and named delete dialog. speed-session-browser-retry.log passed21.9s across both surfaces and six required sizes: swing detail, selected value, tab draft retention, delete cancel, invalid edit recovery and exact corrected readings; original shots unchanged. Screenshot390companion inspected; narrow fatigue metric truncation corrected after capture. Scoped types/lint pass; isolated backend edit/link/delete ownership and rollback proofs pass.","Full common session UI, retained URL sections, exact reading and phase/source details, chart tap/native selection, complete stateful edit/transfer and named delete dialog. speed-session-browser-retry.log passed21.9s across both surfaces and six required sizes: swing detail, selected value, tab draft retention, delete cancel, invalid edit recovery and exact corrected readings; original shots unchanged. Screenshot390companion inspected; narrow fatigue metric truncation corrected after capture. Scoped types/lint pass; isolated backend edit/link/delete ownership and rollback proofs pass.",Corrections recompute dependent summaries consistently.,"Full acceptance outstanding: browser positive five-ball transfer and confirmed deletion; summary-only/long history fixtures; AT,zoom,themes and physical safeareas. First cold navigation hydration-ready timed out; stable rerun passed with no pageerror diagnostic. Shared mobile sticky header overlaps after scrolling; narrow fatigue metric wrapping refinement needs refreshed screenshot. Existing fatigue domain calculation retained."
P31-C05,/speed/sessions/[sessionId],Five-shot transfer test,P2,https://www.untitledui.com/react/components/inputs; https://www.untitledui.com/react/components/select; https://www.untitledui.com/react/components/textarea; https://www.untitledui.com/react/components/buttons,src/app/(app)/speed/sessions/[sessionId]/page.tsx; src/app/speed/mobile-speed-transfer.tsx,Implemented; partial verification,Implemented; partial verification,"Full common session UI, retained URL sections, exact reading and phase/source details, chart tap/native selection, complete stateful edit/transfer and named delete dialog. speed-session-browser-retry.log passed21.9s across both surfaces and six required sizes: swing detail, selected value, tab draft retention, delete cancel, invalid edit recovery and exact corrected readings; original shots unchanged. Screenshot390companion inspected; narrow fatigue metric truncation corrected after capture. Scoped types/lint pass; isolated backend edit/link/delete ownership and rollback proofs pass.","Full common session UI, retained URL sections, exact reading and phase/source details, chart tap/native selection, complete stateful edit/transfer and named delete dialog. speed-session-browser-retry.log passed21.9s across both surfaces and six required sizes: swing detail, selected value, tab draft retention, delete cancel, invalid edit recovery and exact corrected readings; original shots unchanged. Screenshot390companion inspected; narrow fatigue metric truncation corrected after capture. Scoped types/lint pass; isolated backend edit/link/delete ownership and rollback proofs pass.",No-ball swings are not accepted as ball-transfer shots; the stated 4/5 criterion matches the result.,"Full acceptance outstanding: browser positive five-ball transfer and confirmed deletion; summary-only/long history fixtures; AT,zoom,themes and physical safeareas. First cold navigation hydration-ready timed out; stable rerun passed with no pageerror diagnostic. Shared mobile sticky header overlaps after scrolling; narrow fatigue metric wrapping refinement needs refreshed screenshot. Existing fatigue domain calculation retained."
P31-C06,/speed/sessions/[sessionId],Delete speed session,P2,https://www.untitledui.com/react/components/modals; https://www.untitledui.com/react/components/buttons,src/app/(app)/speed/sessions/[sessionId]/page.tsx; src/components/app/confirm-submit-button.tsx,Implemented; partial verification,Implemented; partial verification,"Full common session UI, retained URL sections, exact reading and phase/source details, chart tap/native selection, complete stateful edit/transfer and named delete dialog. speed-session-browser-retry.log passed21.9s across both surfaces and six required sizes: swing detail, selected value, tab draft retention, delete cancel, invalid edit recovery and exact corrected readings; original shots unchanged. Screenshot390companion inspected; narrow fatigue metric truncation corrected after capture. Scoped types/lint pass; isolated backend edit/link/delete ownership and rollback proofs pass.","Full common session UI, retained URL sections, exact reading and phase/source details, chart tap/native selection, complete stateful edit/transfer and named delete dialog. speed-session-browser-retry.log passed21.9s across both surfaces and six required sizes: swing detail, selected value, tab draft retention, delete cancel, invalid edit recovery and exact corrected readings; original shots unchanged. Screenshot390companion inspected; narrow fatigue metric truncation corrected after capture. Scoped types/lint pass; isolated backend edit/link/delete ownership and rollback proofs pass.",Cancellation performs no mutation; success returns to a valid list route.,"Full acceptance outstanding: browser positive five-ball transfer and confirmed deletion; summary-only/long history fixtures; AT,zoom,themes and physical safeareas. First cold navigation hydration-ready timed out; stable rerun passed with no pageerror diagnostic. Shared mobile sticky header overlaps after scrolling; narrow fatigue metric wrapping refinement needs refreshed screenshot. Existing fatigue domain calculation retained."
P32-C01,/stats/training-over-time,Current load and readiness summary,P2,https://www.untitledui.com/react/components/metrics; https://www.untitledui.com/react/components/tooltips,src/app/(app)/stats/training-over-time/page.tsx; src/components/training/TrainingStatusCard.tsx; src/components/training/TrainingSummaryCards.tsx,Implemented; partial verification,Implemented; partial verification,"Common full Training Load page on both surfaces; supported range Sheet, exact selected-window count/ledger, separate current-readiness explanation, full mobile series/date values, all-field source-linked detail, retained manual/RPE form. training-load-browser-ready.log passed28.7s12views:7dayrange+ledger/details, retained closed/reopened draft, invalidduration recovery then single30min/RPE5save; original shots unchanged. Screenshots390companion inspected. Types/scopedlint and isolated Training date/load/sourceowner/duplicate tests pass.","Common full Training Load page on both surfaces; supported range Sheet, exact selected-window count/ledger, separate current-readiness explanation, full mobile series/date values, all-field source-linked detail, retained manual/RPE form. training-load-browser-ready.log passed28.7s12views:7dayrange+ledger/details, retained closed/reopened draft, invalidduration recovery then single30min/RPE5save; original shots unchanged. Screenshots390companion inspected. Types/scopedlint and isolated Training date/load/sourceowner/duplicate tests pass.","Training status is presented as app guidance, not a medical clearance.","Full acceptance outstanding: historical source/permission/delete/edit matrices, AT/zoom/themes/physicalsafeareas; customdates and activityfilters not supported by existing range model. Current speed readiness and workload-only guidance use separate existing models; unified recommendation acceptance pending. First unhydrated range click fixed with disabled readinessguard. Old source-linked suggestion UI still legacy submit; this page uses stateform. Paid advanced templates unavailable; accessible local adapters recorded."
P32-C02,/stats/training-over-time,Date range and activity scope,P2,https://www.untitledui.com/react/components/filter-bars; https://www.untitledui.com/react/components/drawers; https://www.untitledui.com/react/components/date-pickers,src/app/(app)/stats/training-over-time/page.tsx; src/components/training/TrainingLoadRangeView.tsx,Implemented; partial verification,Implemented; partial verification,"Common full Training Load page on both surfaces; supported range Sheet, exact selected-window count/ledger, separate current-readiness explanation, full mobile series/date values, all-field source-linked detail, retained manual/RPE form. training-load-browser-ready.log passed28.7s12views:7dayrange+ledger/details, retained closed/reopened draft, invalidduration recovery then single30min/RPE5save; original shots unchanged. Screenshots390companion inspected. Types/scopedlint and isolated Training date/load/sourceowner/duplicate tests pass.","Common full Training Load page on both surfaces; supported range Sheet, exact selected-window count/ledger, separate current-readiness explanation, full mobile series/date values, all-field source-linked detail, retained manual/RPE form. training-load-browser-ready.log passed28.7s12views:7dayrange+ledger/details, retained closed/reopened draft, invalidduration recovery then single30min/RPE5save; original shots unchanged. Screenshots390companion inspected. Types/scopedlint and isolated Training date/load/sourceowner/duplicate tests pass.","Range changes update summary, chart and session list together.","Full acceptance outstanding: historical source/permission/delete/edit matrices, AT/zoom/themes/physicalsafeareas; customdates and activityfilters not supported by existing range model. Current speed readiness and workload-only guidance use separate existing models; unified recommendation acceptance pending. First unhydrated range click fixed with disabled readinessguard. Old source-linked suggestion UI still legacy submit; this page uses stateform. Paid advanced templates unavailable; accessible local adapters recorded."
P32-C03,/stats/training-over-time,Load over time chart,P2,https://www.untitledui.com/react/components/line-bar-charts,src/app/(app)/stats/training-over-time/page.tsx; src/components/training/TrainingOverTimeChart.tsx; src/components/training/TrainingLoadRangeView.tsx; src/components/training/TrainingLoadBars.tsx,Implemented; partial verification,Implemented; partial verification,"Common full Training Load page on both surfaces; supported range Sheet, exact selected-window count/ledger, separate current-readiness explanation, full mobile series/date values, all-field source-linked detail, retained manual/RPE form. training-load-browser-ready.log passed28.7s12views:7dayrange+ledger/details, retained closed/reopened draft, invalidduration recovery then single30min/RPE5save; original shots unchanged. Screenshots390companion inspected. Types/scopedlint and isolated Training date/load/sourceowner/duplicate tests pass.","Common full Training Load page on both surfaces; supported range Sheet, exact selected-window count/ledger, separate current-readiness explanation, full mobile series/date values, all-field source-linked detail, retained manual/RPE form. training-load-browser-ready.log passed28.7s12views:7dayrange+ledger/details, retained closed/reopened draft, invalidduration recovery then single30min/RPE5save; original shots unchanged. Screenshots390companion inspected. Types/scopedlint and isolated Training date/load/sourceowner/duplicate tests pass.",Zero recorded load and missing records are handled according to the actual data model.,"Full acceptance outstanding: historical source/permission/delete/edit matrices, AT/zoom/themes/physicalsafeareas; customdates and activityfilters not supported by existing range model. Current speed readiness and workload-only guidance use separate existing models; unified recommendation acceptance pending. First unhydrated range click fixed with disabled readinessguard. Old source-linked suggestion UI still legacy submit; this page uses stateform. Paid advanced templates unavailable; accessible local adapters recorded."
P32-C04,/stats/training-over-time,Speed readiness explanation,P2,https://www.untitledui.com/react/components/section-headers; https://www.untitledui.com/react/components/badges; https://www.untitledui.com/react/components/buttons,src/app/(app)/stats/training-over-time/page.tsx,Implemented; partial verification,Implemented; partial verification,"Common full Training Load page on both surfaces; supported range Sheet, exact selected-window count/ledger, separate current-readiness explanation, full mobile series/date values, all-field source-linked detail, retained manual/RPE form. training-load-browser-ready.log passed28.7s12views:7dayrange+ledger/details, retained closed/reopened draft, invalidduration recovery then single30min/RPE5save; original shots unchanged. Screenshots390companion inspected. Types/scopedlint and isolated Training date/load/sourceowner/duplicate tests pass.","Common full Training Load page on both surfaces; supported range Sheet, exact selected-window count/ledger, separate current-readiness explanation, full mobile series/date values, all-field source-linked detail, retained manual/RPE form. training-load-browser-ready.log passed28.7s12views:7dayrange+ledger/details, retained closed/reopened draft, invalidduration recovery then single30min/RPE5save; original shots unchanged. Screenshots390companion inspected. Types/scopedlint and isolated Training date/load/sourceowner/duplicate tests pass.",Recommendation matches the same selected timeframe and source data.,"Full acceptance outstanding: historical source/permission/delete/edit matrices, AT/zoom/themes/physicalsafeareas; customdates and activityfilters not supported by existing range model. Current speed readiness and workload-only guidance use separate existing models; unified recommendation acceptance pending. First unhydrated range click fixed with disabled readinessguard. Old source-linked suggestion UI still legacy submit; this page uses stateform. Paid advanced templates unavailable; accessible local adapters recorded."
P32-C05,/stats/training-over-time,Manual training entry and effort selector,P2,https://www.untitledui.com/react/components/inputs; https://www.untitledui.com/react/components/select; https://www.untitledui.com/react/components/textarea; https://www.untitledui.com/react/components/buttons,src/app/(app)/stats/training-over-time/page.tsx; src/components/training/TrainingSessionForm.tsx; src/components/training/RpeSelector.tsx,Implemented; partial verification,Implemented; partial verification,"Common full Training Load page on both surfaces; supported range Sheet, exact selected-window count/ledger, separate current-readiness explanation, full mobile series/date values, all-field source-linked detail, retained manual/RPE form. training-load-browser-ready.log passed28.7s12views:7dayrange+ledger/details, retained closed/reopened draft, invalidduration recovery then single30min/RPE5save; original shots unchanged. Screenshots390companion inspected. Types/scopedlint and isolated Training date/load/sourceowner/duplicate tests pass.","Common full Training Load page on both surfaces; supported range Sheet, exact selected-window count/ledger, separate current-readiness explanation, full mobile series/date values, all-field source-linked detail, retained manual/RPE form. training-load-browser-ready.log passed28.7s12views:7dayrange+ledger/details, retained closed/reopened draft, invalidduration recovery then single30min/RPE5save; original shots unchanged. Screenshots390companion inspected. Types/scopedlint and isolated Training date/load/sourceowner/duplicate tests pass.",Effort values preserve the existing scale and resulting workload calculation.,"Full acceptance outstanding: historical source/permission/delete/edit matrices, AT/zoom/themes/physicalsafeareas; customdates and activityfilters not supported by existing range model. Current speed readiness and workload-only guidance use separate existing models; unified recommendation acceptance pending. First unhydrated range click fixed with disabled readinessguard. Old source-linked suggestion UI still legacy submit; this page uses stateform. Paid advanced templates unavailable; accessible local adapters recorded."
P32-C06,/stats/training-over-time,Recent training sessions,P2,https://www.untitledui.com/react/components/tables; https://www.untitledui.com/react/components/paginations,src/app/(app)/stats/training-over-time/page.tsx; src/components/training/RecentTrainingSessions.tsx,Implemented; partial verification,Implemented; partial verification,"Common full Training Load page on both surfaces; supported range Sheet, exact selected-window count/ledger, separate current-readiness explanation, full mobile series/date values, all-field source-linked detail, retained manual/RPE form. training-load-browser-ready.log passed28.7s12views:7dayrange+ledger/details, retained closed/reopened draft, invalidduration recovery then single30min/RPE5save; original shots unchanged. Screenshots390companion inspected. Types/scopedlint and isolated Training date/load/sourceowner/duplicate tests pass.","Common full Training Load page on both surfaces; supported range Sheet, exact selected-window count/ledger, separate current-readiness explanation, full mobile series/date values, all-field source-linked detail, retained manual/RPE form. training-load-browser-ready.log passed28.7s12views:7dayrange+ledger/details, retained closed/reopened draft, invalidduration recovery then single30min/RPE5save; original shots unchanged. Screenshots390companion inspected. Types/scopedlint and isolated Training date/load/sourceowner/duplicate tests pass.",Imported and manually logged records remain distinguishable.,"Full acceptance outstanding: historical source/permission/delete/edit matrices, AT/zoom/themes/physicalsafeareas; customdates and activityfilters not supported by existing range model. Current speed readiness and workload-only guidance use separate existing models; unified recommendation acceptance pending. First unhydrated range click fixed with disabled readinessguard. Old source-linked suggestion UI still legacy submit; this page uses stateform. Paid advanced templates unavailable; accessible local adapters recorded."
P33-C01,/goals,Season outcome and weekly rhythm,P2,https://www.untitledui.com/react/components/inputs; https://www.untitledui.com/react/components/select; https://www.untitledui.com/react/components/textarea; https://www.untitledui.com/react/components/buttons,src/app/(app)/goals/page.tsx,Implemented; partial verification,Implemented; partial verification,"Complete responsive Goals, season editor, actual measured-session rhythm, saved-value cards, evidence sheet and controlled create/edit/delete forms. App smoke passed 17.4s across both surfaces and six sizes; goals-ui-smoke.log. Isolated form failure/retry/pending/UUID retention passed 20.4s; goals-form-fixture.log. Final TypeScript passed.","Same full Goals tasks at 390x844/360x800 plus 1023/1024 breakpoint. Form fixture verifies retained failed-save draft, error focus, pending lock and delete failure remaining open at all six sizes. Screenshots in goals-ui-smoke and goal form fixture output.",Saved rhythm and dates persist and drive the displayed plan.,"UI implemented; full acceptance pending. Goal measurement dates and qualified shot history are not stored; evidence sheet labels this explicitly. New optional improvement-project backend/UI integration in progress. Live browser mutations, full AT/native zoom/theme and state matrix deferred."
P33-C02,/goals,Plan steps and current commitment,P2,https://www.untitledui.com/react/components/progress-steps; https://www.untitledui.com/react/components/progress-indicators,src/app/(app)/goals/page.tsx,Implemented; partial verification,Implemented; partial verification,"Complete responsive Goals, season editor, actual measured-session rhythm, saved-value cards, evidence sheet and controlled create/edit/delete forms. App smoke passed 17.4s across both surfaces and six sizes; goals-ui-smoke.log. Isolated form failure/retry/pending/UUID retention passed 20.4s; goals-form-fixture.log. Final TypeScript passed. Goal improvement project integrated: owned baseline/saved practice/drills/status/qualified later evidence and comparison links. goal-project-browser.log passed7.9s12views; exactbaseline+plan IDs persisted, no later-evidence false claim, originalshots unchanged. Existing UI preserved.","Same full Goals tasks at 390x844/360x800 plus 1023/1024 breakpoint. Form fixture verifies retained failed-save draft, error focus, pending lock and delete failure remaining open at all six sizes. Screenshots in goals-ui-smoke and goal form fixture output. Goal improvement project integrated: owned baseline/saved practice/drills/status/qualified later evidence and comparison links. goal-project-browser.log passed7.9s12views; exactbaseline+plan IDs persisted, no later-evidence false claim, originalshots unchanged. Existing UI preserved.","Completion state is derived from saved plan/evidence, not inferred from opening a page.","UI implemented; full acceptance pending. Goal measurement dates and qualified shot history are not stored; evidence sheet labels this explicitly. New optional improvement-project backend/UI integration in progress. Live browser mutations, full AT/native zoom/theme and state matrix deferred. Positive browser later-evidence comparison flow and historicaloptionpagination remain; project service now wired into UI."
P33-C03,/goals,Measured goal cards,P2,https://www.untitledui.com/react/components/section-headers; https://www.untitledui.com/react/components/badges; https://www.untitledui.com/react/components/buttons,src/app/(app)/goals/page.tsx,Implemented; partial verification,Implemented; partial verification,"Complete responsive Goals, season editor, actual measured-session rhythm, saved-value cards, evidence sheet and controlled create/edit/delete forms. App smoke passed 17.4s across both surfaces and six sizes; goals-ui-smoke.log. Isolated form failure/retry/pending/UUID retention passed 20.4s; goals-form-fixture.log. Final TypeScript passed.","Same full Goals tasks at 390x844/360x800 plus 1023/1024 breakpoint. Form fixture verifies retained failed-save draft, error focus, pending lock and delete failure remaining open at all six sizes. Screenshots in goals-ui-smoke and goal form fixture output.",The same goal agrees with the Progress Goals tab.,"UI implemented; full acceptance pending. Goal measurement dates and qualified shot history are not stored; evidence sheet labels this explicitly. New optional improvement-project backend/UI integration in progress. Live browser mutations, full AT/native zoom/theme and state matrix deferred."
P33-C04,/goals,Create and edit goal,P2,https://www.untitledui.com/react/components/inputs; https://www.untitledui.com/react/components/select; https://www.untitledui.com/react/components/textarea; https://www.untitledui.com/react/components/buttons,src/app/(app)/goals/page.tsx; src/app/goals/goal-form-panels.tsx,Implemented; partial verification,Implemented; partial verification,"Complete responsive Goals, season editor, actual measured-session rhythm, saved-value cards, evidence sheet and controlled create/edit/delete forms. App smoke passed 17.4s across both surfaces and six sizes; goals-ui-smoke.log. Isolated form failure/retry/pending/UUID retention passed 20.4s; goals-form-fixture.log. Final TypeScript passed.","Same full Goals tasks at 390x844/360x800 plus 1023/1024 breakpoint. Form fixture verifies retained failed-save draft, error focus, pending lock and delete failure remaining open at all six sizes. Screenshots in goals-ui-smoke and goal form fixture output.","Units, selected club and target direction are explicit and saved correctly.","UI implemented; full acceptance pending. Goal measurement dates and qualified shot history are not stored; evidence sheet labels this explicitly. New optional improvement-project backend/UI integration in progress. Live browser mutations, full AT/native zoom/theme and state matrix deferred."
P33-C05,/goals,Goal evidence,P2,https://www.untitledui.com/react/components/drawers; https://www.untitledui.com/react/components/section-footers,src/app/(app)/goals/page.tsx; src/components/app/evidence-status.tsx,Implemented; partial verification,Implemented; partial verification,"Complete responsive Goals, season editor, actual measured-session rhythm, saved-value cards, evidence sheet and controlled create/edit/delete forms. App smoke passed 17.4s across both surfaces and six sizes; goals-ui-smoke.log. Isolated form failure/retry/pending/UUID retention passed 20.4s; goals-form-fixture.log. Final TypeScript passed. Goal improvement project integrated: owned baseline/saved practice/drills/status/qualified later evidence and comparison links. goal-project-browser.log passed7.9s12views; exactbaseline+plan IDs persisted, no later-evidence false claim, originalshots unchanged. Existing UI preserved.","Same full Goals tasks at 390x844/360x800 plus 1023/1024 breakpoint. Form fixture verifies retained failed-save draft, error focus, pending lock and delete failure remaining open at all six sizes. Screenshots in goals-ui-smoke and goal form fixture output. Goal improvement project integrated: owned baseline/saved practice/drills/status/qualified later evidence and comparison links. goal-project-browser.log passed7.9s12views; exactbaseline+plan IDs persisted, no later-evidence false claim, originalshots unchanged. Existing UI preserved.",No unqualified measurement counts towards the target.,"UI implemented; full acceptance pending. Goal measurement dates and qualified shot history are not stored; evidence sheet labels this explicitly. New optional improvement-project backend/UI integration in progress. Live browser mutations, full AT/native zoom/theme and state matrix deferred. Positive browser later-evidence comparison flow and historicaloptionpagination remain; project service now wired into UI."
P33-C06,/goals,Delete goal,P2,https://www.untitledui.com/react/components/modals; https://www.untitledui.com/react/components/buttons,src/app/(app)/goals/page.tsx; src/app/goals/goal-form-panels.tsx,Implemented; partial verification,Implemented; partial verification,"Complete responsive Goals, season editor, actual measured-session rhythm, saved-value cards, evidence sheet and controlled create/edit/delete forms. App smoke passed 17.4s across both surfaces and six sizes; goals-ui-smoke.log. Isolated form failure/retry/pending/UUID retention passed 20.4s; goals-form-fixture.log. Final TypeScript passed.","Same full Goals tasks at 390x844/360x800 plus 1023/1024 breakpoint. Form fixture verifies retained failed-save draft, error focus, pending lock and delete failure remaining open at all six sizes. Screenshots in goals-ui-smoke and goal form fixture output.",Source sessions and shots remain intact.,"UI implemented; full acceptance pending. Goal measurement dates and qualified shot history are not stored; evidence sheet labels this explicitly. New optional improvement-project backend/UI integration in progress. Live browser mutations, full AT/native zoom/theme and state matrix deferred."
P34-C01,/handicap,Best-form and realistic playing estimates,P2,https://www.untitledui.com/react/components/metrics; https://www.untitledui.com/react/components/tooltips,src/app/(app)/handicap/page.tsx,Implemented; partial verification,Implemented; partial verification,"Actual owned fixture, both surfaces at 1440x900,1280x800,390x844,360x800,1023/1024: handicap-browser-wrapped.log PASS 21.9s. Full methods, nine-hole equivalents, incomplete-round exclusion, source details, tabs and no page overflow; 390 screenshot inspected.","Actual owned fixture, both surfaces at 1440x900,1280x800,390x844,360x800,1023/1024: handicap-browser-wrapped.log PASS 21.9s. Full methods, nine-hole equivalents, incomplete-round exclusion, source details, tabs and no page overflow; 390 screenshot inspected.",The app's estimates are clearly unofficial and distinct from an official handicap index.,"Paid advanced Untitled compositions unavailable; accessible local composition. Full acceptance, screen reader, zoom, themes, permissions, large history and shared sticky-bar overlap outstanding. Round correction mutation unverified."
P34-C02,/handicap,Eligible-round trend,P2,https://www.untitledui.com/react/components/line-bar-charts,src/app/(app)/handicap/page.tsx,Implemented; partial verification,Implemented; partial verification,"Actual owned fixture, both surfaces at 1440x900,1280x800,390x844,360x800,1023/1024: handicap-browser-wrapped.log PASS 21.9s. Full methods, nine-hole equivalents, incomplete-round exclusion, source details, tabs and no page overflow; 390 screenshot inspected.","Actual owned fixture, both surfaces at 1440x900,1280x800,390x844,360x800,1023/1024: handicap-browser-wrapped.log PASS 21.9s. Full methods, nine-hole equivalents, incomplete-round exclusion, source details, tabs and no page overflow; 390 screenshot inspected.",No trend point appears without an eligible source round.,"Paid advanced Untitled compositions unavailable; accessible local composition. Full acceptance, screen reader, zoom, themes, permissions, large history and shared sticky-bar overlap outstanding. Round correction mutation unverified."
P34-C03,/handicap,Range-derived estimate and confidence,P2,https://www.untitledui.com/react/components/metrics; https://www.untitledui.com/react/components/tooltips,src/app/(app)/handicap/page.tsx,Implemented; partial verification,Implemented; partial verification,"Actual owned fixture, both surfaces at 1440x900,1280x800,390x844,360x800,1023/1024: handicap-browser-wrapped.log PASS 21.9s. Full methods, nine-hole equivalents, incomplete-round exclusion, source details, tabs and no page overflow; 390 screenshot inspected.","Actual owned fixture, both surfaces at 1440x900,1280x800,390x844,360x800,1023/1024: handicap-browser-wrapped.log PASS 21.9s. Full methods, nine-hole equivalents, incomplete-round exclusion, source details, tabs and no page overflow; 390 screenshot inspected.",Range shots are not misrepresented as real-course scores.,"Paid advanced Untitled compositions unavailable; accessible local composition. Full acceptance, screen reader, zoom, themes, permissions, large history and shared sticky-bar overlap outstanding. Round correction mutation unverified."
P34-C04,/handicap,Score differential table,P2,https://www.untitledui.com/react/components/tables; https://www.untitledui.com/react/components/paginations,src/app/(app)/handicap/page.tsx; src/components/premium.tsx,Implemented; partial verification,Implemented; partial verification,"Actual owned fixture, both surfaces at 1440x900,1280x800,390x844,360x800,1023/1024: handicap-browser-wrapped.log PASS 21.9s. Full methods, nine-hole equivalents, incomplete-round exclusion, source details, tabs and no page overflow; 390 screenshot inspected.","Actual owned fixture, both surfaces at 1440x900,1280x800,390x844,360x800,1023/1024: handicap-browser-wrapped.log PASS 21.9s. Full methods, nine-hole equivalents, incomplete-round exclusion, source details, tabs and no page overflow; 390 screenshot inspected.",Nine-hole equivalents and fallback assumptions remain explicit.,"Paid advanced Untitled compositions unavailable; accessible local composition. Full acceptance, screen reader, zoom, themes, permissions, large history and shared sticky-bar overlap outstanding. Round correction mutation unverified."
P34-C05,/handicap,Data to improve,P2,https://www.untitledui.com/react/components/section-headers; https://www.untitledui.com/react/components/badges; https://www.untitledui.com/react/components/buttons,src/app/(app)/handicap/page.tsx; src/components/features/feature-panels.tsx,Implemented; partial verification,Implemented; partial verification,"Actual owned fixture, both surfaces at 1440x900,1280x800,390x844,360x800,1023/1024: handicap-browser-wrapped.log PASS 21.9s. Full methods, nine-hole equivalents, incomplete-round exclusion, source details, tabs and no page overflow; 390 screenshot inspected.","Actual owned fixture, both surfaces at 1440x900,1280x800,390x844,360x800,1023/1024: handicap-browser-wrapped.log PASS 21.9s. Full methods, nine-hole equivalents, incomplete-round exclusion, source details, tabs and no page overflow; 390 screenshot inspected.",Corrections update estimates consistently without changing unrelated rounds.,"Paid advanced Untitled compositions unavailable; accessible local composition. Full acceptance, screen reader, zoom, themes, permissions, large history and shared sticky-bar overlap outstanding. Round correction mutation unverified."
P35-C01,/import,Import title and current operation,P1,https://www.untitledui.com/react/components/page-headers; https://www.untitledui.com/react/components/section-headers,src/app/(app)/import/page.tsx; src/app/(app)/import/import-workbench-page.tsx,Implemented; partial verification,Implemented; partial verification,"Compact Import header and history separation; current upload controls. UI-first batch: TypeScript/scoped lint pass; sample UI smoke1passed1.6m on both surfaces at1440x900,1280x800,390x844,360x800,1023x800,1024x800.5sample rows,disabled save,no pageerrors/no page overflow. Screenshots: output/playwright/ui-upgrade/import-ui-smoke. Mapping disclosure/quick-picker error display refined after smoke.","Compact Import header and history separation; current upload controls. UI-first batch: TypeScript/scoped lint pass; sample UI smoke1passed1.6m on both surfaces at1440x900,1280x800,390x844,360x800,1023x800,1024x800.5sample rows,disabled save,no pageerrors/no page overflow. Screenshots: output/playwright/ui-upgrade/import-ui-smoke. Mapping disclosure/quick-picker error display refined after smoke.",Past import totals do not imply that the current import steps are completed.,"Broader mutation, parser-error/retry, correction persistence, OCR fixture, duplicate/retry, native zoom, screen-reader and keyboard/safe-area matrix deferred per UI-first instruction. No full acceptance claim."
P35-C02,/import,Source selection cards,P1,https://www.untitledui.com/react/components/radio-groups,src/app/(app)/import/page.tsx; src/app/(app)/import/import-workbench-page.tsx,Implemented; partial verification,Implemented; partial verification,"Namespaced React Aria Icon card selection with separated text/badges and stacked mobile cards. UI-first batch: TypeScript/scoped lint pass; sample UI smoke1passed1.6m on both surfaces at1440x900,1280x800,390x844,360x800,1023x800,1024x800.5sample rows,disabled save,no pageerrors/no page overflow. Screenshots: output/playwright/ui-upgrade/import-ui-smoke. Mapping disclosure/quick-picker error display refined after smoke.","Namespaced React Aria Icon card selection with separated text/badges and stacked mobile cards. UI-first batch: TypeScript/scoped lint pass; sample UI smoke1passed1.6m on both surfaces at1440x900,1280x800,390x844,360x800,1023x800,1024x800.5sample rows,disabled save,no pageerrors/no page overflow. Screenshots: output/playwright/ui-upgrade/import-ui-smoke. Mapping disclosure/quick-picker error display refined after smoke.","At 1280, 1440, 360 and 390px no words collapse into one-letter columns and no badge steals the description width.","Broader mutation, parser-error/retry, correction persistence, OCR fixture, duplicate/retry, native zoom, screen-reader and keyboard/safe-area matrix deferred per UI-first instruction. No full acceptance claim."
P35-C03,/import,Four-step import progress,P1,https://www.untitledui.com/react/components/progress-steps; https://www.untitledui.com/react/components/progress-indicators,src/app/(app)/import/page.tsx; src/app/import/import-stepper.tsx,Implemented; partial verification,Implemented; partial verification,"Current-operation stepper with named stage, Back and expandable details; no historical totals. UI-first batch: TypeScript/scoped lint pass; sample UI smoke1passed1.6m on both surfaces at1440x900,1280x800,390x844,360x800,1023x800,1024x800.5sample rows,disabled save,no pageerrors/no page overflow. Screenshots: output/playwright/ui-upgrade/import-ui-smoke. Mapping disclosure/quick-picker error display refined after smoke.","Current-operation stepper with named stage, Back and expandable details; no historical totals. UI-first batch: TypeScript/scoped lint pass; sample UI smoke1passed1.6m on both surfaces at1440x900,1280x800,390x844,360x800,1023x800,1024x800.5sample rows,disabled save,no pageerrors/no page overflow. Screenshots: output/playwright/ui-upgrade/import-ui-smoke. Mapping disclosure/quick-picker error display refined after smoke.",A new import begins at source/files and does not inherit completed checks from old imports.,"Broader mutation, parser-error/retry, correction persistence, OCR fixture, duplicate/retry, native zoom, screen-reader and keyboard/safe-area matrix deferred per UI-first instruction. No full acceptance claim."
P35-C04,/import,File picker and upload queue,P1,https://www.untitledui.com/react/components/file-uploaders,src/app/(app)/import/page.tsx; src/app/import/upload-dropzone.tsx,Implemented; partial verification,Implemented; partial verification,"Files/drop-zone guidance, read progress, errors/retry/removal and wrapped names. UI-first batch: TypeScript/scoped lint pass; sample UI smoke1passed1.6m on both surfaces at1440x900,1280x800,390x844,360x800,1023x800,1024x800.5sample rows,disabled save,no pageerrors/no page overflow. Screenshots: output/playwright/ui-upgrade/import-ui-smoke. Mapping disclosure/quick-picker error display refined after smoke.","Files/drop-zone guidance, read progress, errors/retry/removal and wrapped names. UI-first batch: TypeScript/scoped lint pass; sample UI smoke1passed1.6m on both surfaces at1440x900,1280x800,390x844,360x800,1023x800,1024x800.5sample rows,disabled save,no pageerrors/no page overflow. Screenshots: output/playwright/ui-upgrade/import-ui-smoke. Mapping disclosure/quick-picker error display refined after smoke.",Unsupported files fail clearly without destroying other valid queued files.,"Broader mutation, parser-error/retry, correction persistence, OCR fixture, duplicate/retry, native zoom, screen-reader and keyboard/safe-area matrix deferred per UI-first instruction. No full acceptance claim."
P35-C05,/import,Confirm session settings,P1,https://www.untitledui.com/react/components/inputs; https://www.untitledui.com/react/components/select; https://www.untitledui.com/react/components/textarea; https://www.untitledui.com/react/components/buttons,src/app/(app)/import/page.tsx; src/app/import/session-settings.tsx,Implemented; partial verification,Implemented; partial verification,"Aria session controls, chosen date and settings confirmation; complete phone workflow plus retained quick import draft. UI-first batch: TypeScript/scoped lint pass; sample UI smoke1passed1.6m on both surfaces at1440x900,1280x800,390x844,360x800,1023x800,1024x800.5sample rows,disabled save,no pageerrors/no page overflow. Screenshots: output/playwright/ui-upgrade/import-ui-smoke. Mapping disclosure/quick-picker error display refined after smoke.","Aria session controls, chosen date and settings confirmation; complete phone workflow plus retained quick import draft. UI-first batch: TypeScript/scoped lint pass; sample UI smoke1passed1.6m on both surfaces at1440x900,1280x800,390x844,360x800,1023x800,1024x800.5sample rows,disabled save,no pageerrors/no page overflow. Screenshots: output/playwright/ui-upgrade/import-ui-smoke. Mapping disclosure/quick-picker error display refined after smoke.",Saved session type and units match user choices and parser metadata.,"Broader mutation, parser-error/retry, correction persistence, OCR fixture, duplicate/retry, native zoom, screen-reader and keyboard/safe-area matrix deferred per UI-first instruction. No full acceptance claim."
P35-C06,/import,Manual column mapping,P1,https://www.untitledui.com/react/components/inputs; https://www.untitledui.com/react/components/select; https://www.untitledui.com/react/components/textarea; https://www.untitledui.com/react/components/buttons,src/app/(app)/import/page.tsx; src/app/import/column-mapping-panel.tsx,Implemented; partial verification,Implemented; partial verification,"Aria column mapping with source samples, required/duplicate mapping feedback. UI-first batch: TypeScript/scoped lint pass; sample UI smoke1passed1.6m on both surfaces at1440x900,1280x800,390x844,360x800,1023x800,1024x800.5sample rows,disabled save,no pageerrors/no page overflow. Screenshots: output/playwright/ui-upgrade/import-ui-smoke. Mapping disclosure/quick-picker error display refined after smoke.","Aria column mapping with source samples, required/duplicate mapping feedback. UI-first batch: TypeScript/scoped lint pass; sample UI smoke1passed1.6m on both surfaces at1440x900,1280x800,390x844,360x800,1023x800,1024x800.5sample rows,disabled save,no pageerrors/no page overflow. Screenshots: output/playwright/ui-upgrade/import-ui-smoke. Mapping disclosure/quick-picker error display refined after smoke.",Required columns cannot be silently omitted or mapped twice where invalid.,"Broader mutation, parser-error/retry, correction persistence, OCR fixture, duplicate/retry, native zoom, screen-reader and keyboard/safe-area matrix deferred per UI-first instruction. No full acceptance claim."
P35-C07,/import,Scorecard extraction and round mapping,P1,https://www.untitledui.com/react/components/section-headers; https://www.untitledui.com/react/components/select; https://www.untitledui.com/react/components/tooltips,src/app/(app)/import/page.tsx; src/app/import/scorecard-extraction-panel.tsx; src/app/import/course-overlay.tsx,Implemented; partial verification,Implemented; partial verification,"Touch hole picker/previous/next, retained SVG geometry, extracted-value acknowledgement and 44px editing controls. UI-first batch: TypeScript/scoped lint pass; sample UI smoke1passed1.6m on both surfaces at1440x900,1280x800,390x844,360x800,1023x800,1024x800.5sample rows,disabled save,no pageerrors/no page overflow. Screenshots: output/playwright/ui-upgrade/import-ui-smoke. Mapping disclosure/quick-picker error display refined after smoke.","Touch hole picker/previous/next, retained SVG geometry, extracted-value acknowledgement and 44px editing controls. UI-first batch: TypeScript/scoped lint pass; sample UI smoke1passed1.6m on both surfaces at1440x900,1280x800,390x844,360x800,1023x800,1024x800.5sample rows,disabled save,no pageerrors/no page overflow. Screenshots: output/playwright/ui-upgrade/import-ui-smoke. Mapping disclosure/quick-picker error display refined after smoke.",Estimated/OCR values require the existing confirmation flow and remain labelled appropriately.,"Broader mutation, parser-error/retry, correction persistence, OCR fixture, duplicate/retry, native zoom, screen-reader and keyboard/safe-area matrix deferred per UI-first instruction. No full acceptance claim."
P35-C08,/import,Shot preview and uncertain club review,P1,https://www.untitledui.com/react/components/tables; https://www.untitledui.com/react/components/paginations,src/app/(app)/import/page.tsx; src/app/import/shot-preview.tsx,Implemented; partial verification,Implemented; partial verification,"All parsed shots retained with pagination/search; mobile detail sheet, warnings and source-row club corrections. UI-first batch: TypeScript/scoped lint pass; sample UI smoke1passed1.6m on both surfaces at1440x900,1280x800,390x844,360x800,1023x800,1024x800.5sample rows,disabled save,no pageerrors/no page overflow. Screenshots: output/playwright/ui-upgrade/import-ui-smoke. Mapping disclosure/quick-picker error display refined after smoke.","All parsed shots retained with pagination/search; mobile detail sheet, warnings and source-row club corrections. UI-first batch: TypeScript/scoped lint pass; sample UI smoke1passed1.6m on both surfaces at1440x900,1280x800,390x844,360x800,1023x800,1024x800.5sample rows,disabled save,no pageerrors/no page overflow. Screenshots: output/playwright/ui-upgrade/import-ui-smoke. Mapping disclosure/quick-picker error display refined after smoke.",Unresolved club or unit ambiguity cannot be hidden by styling.,"Broader mutation, parser-error/retry, correction persistence, OCR fixture, duplicate/retry, native zoom, screen-reader and keyboard/safe-area matrix deferred per UI-first instruction. No full acceptance claim."
P35-C09,/import,Save checklist and submission,P1,https://www.untitledui.com/react/components/progress-steps; https://www.untitledui.com/react/components/progress-indicators,src/app/(app)/import/page.tsx; src/app/import/save-checklist-card.tsx,Implemented; partial verification,Implemented; partial verification,"Single pending-safe action with current files/session context and explicit checklist. UI-first batch: TypeScript/scoped lint pass; sample UI smoke1passed1.6m on both surfaces at1440x900,1280x800,390x844,360x800,1023x800,1024x800.5sample rows,disabled save,no pageerrors/no page overflow. Screenshots: output/playwright/ui-upgrade/import-ui-smoke. Mapping disclosure/quick-picker error display refined after smoke.","Single pending-safe action with current files/session context and explicit checklist. UI-first batch: TypeScript/scoped lint pass; sample UI smoke1passed1.6m on both surfaces at1440x900,1280x800,390x844,360x800,1023x800,1024x800.5sample rows,disabled save,no pageerrors/no page overflow. Screenshots: output/playwright/ui-upgrade/import-ui-smoke. Mapping disclosure/quick-picker error display refined after smoke.",One action creates one intended import; retry does not silently duplicate saved sessions.,"Broader mutation, parser-error/retry, correction persistence, OCR fixture, duplicate/retry, native zoom, screen-reader and keyboard/safe-area matrix deferred per UI-first instruction. No full acceptance claim."
P35-C10,/import,File library and recent imports,P1,https://www.untitledui.com/react/components/tables; https://www.untitledui.com/react/components/paginations,src/app/(app)/import/page.tsx; src/app/(app)/import/import-workbench-page.tsx,Implemented; partial verification,Implemented; partial verification,"Historical file table plus mobile dated disclosures with all metadata/reopen/archive controls; no stepper coupling. UI-first batch: TypeScript/scoped lint pass; sample UI smoke1passed1.6m on both surfaces at1440x900,1280x800,390x844,360x800,1023x800,1024x800.5sample rows,disabled save,no pageerrors/no page overflow. Screenshots: output/playwright/ui-upgrade/import-ui-smoke. Mapping disclosure/quick-picker error display refined after smoke.","Historical file table plus mobile dated disclosures with all metadata/reopen/archive controls; no stepper coupling. UI-first batch: TypeScript/scoped lint pass; sample UI smoke1passed1.6m on both surfaces at1440x900,1280x800,390x844,360x800,1023x800,1024x800.5sample rows,disabled save,no pageerrors/no page overflow. Screenshots: output/playwright/ui-upgrade/import-ui-smoke. Mapping disclosure/quick-picker error display refined after smoke.",Historical state cannot make the current stepper look complete.,"Broader mutation, parser-error/retry, correction persistence, OCR fixture, duplicate/retry, native zoom, screen-reader and keyboard/safe-area matrix deferred per UI-first instruction. No full acceptance claim."
P36-C01,/import/result,Import outcome and saved-session action,P2,https://www.untitledui.com/react/components/page-headers; https://www.untitledui.com/react/components/section-headers,src/app/(app)/import/result/page.tsx,Implemented; partial verification,Implemented; partial verification,"UI-first code applied: explicit missing/unavailable recovery, compact saved-result header, session-scoped receipt counts/review links, all matched block decisions with mobile disclosure, plan/session context retained. TypeScript/scoped lint pass. Browser result fixtures not run in this pass.","UI-first code applied: explicit missing/unavailable recovery, compact saved-result header, session-scoped receipt counts/review links, all matched block decisions with mobile disclosure, plan/session context retained. TypeScript/scoped lint pass. Browser result fixtures not run in this pass.","A missing result identifier produces a clear recovery path to Import/history, not a fabricated success.","Result success/partial/permission and matched/unmatched practice browser fixtures, six viewport captures and inherited accessibility acceptance remain outstanding."
P36-C02,/import/result,Data trust checks,P2,https://www.untitledui.com/react/components/alerts; https://www.untitledui.com/react/components/notifications,src/app/(app)/import/result/page.tsx,Implemented; partial verification,Implemented; partial verification,"UI-first code applied: explicit missing/unavailable recovery, compact saved-result header, session-scoped receipt counts/review links, all matched block decisions with mobile disclosure, plan/session context retained. TypeScript/scoped lint pass. Browser result fixtures not run in this pass.","UI-first code applied: explicit missing/unavailable recovery, compact saved-result header, session-scoped receipt counts/review links, all matched block decisions with mobile disclosure, plan/session context retained. TypeScript/scoped lint pass. Browser result fixtures not run in this pass.",Counts reconcile with the saved import and excluded rows remain inspectable.,"Result success/partial/permission and matched/unmatched practice browser fixtures, six viewport captures and inherited accessibility acceptance remain outstanding."
P36-C03,/import/result,Planned practice review,P2,https://www.untitledui.com/react/components/tables; https://www.untitledui.com/react/components/paginations,src/app/(app)/import/result/page.tsx,Implemented; partial verification,Implemented; partial verification,"UI-first code applied: explicit missing/unavailable recovery, compact saved-result header, session-scoped receipt counts/review links, all matched block decisions with mobile disclosure, plan/session context retained. TypeScript/scoped lint pass. Browser result fixtures not run in this pass.","UI-first code applied: explicit missing/unavailable recovery, compact saved-result header, session-scoped receipt counts/review links, all matched block decisions with mobile disclosure, plan/session context retained. TypeScript/scoped lint pass. Browser result fixtures not run in this pass.",Unmatched imports do not automatically complete a practice plan.,"Result success/partial/permission and matched/unmatched practice browser fixtures, six viewport captures and inherited accessibility acceptance remain outstanding."
P36-C04,/import/result,Next practice and evidence destinations,P2,https://www.untitledui.com/react/components/section-headers; https://www.untitledui.com/react/components/badges; https://www.untitledui.com/react/components/buttons,src/app/(app)/import/result/page.tsx,Implemented; partial verification,Implemented; partial verification,"UI-first code applied: explicit missing/unavailable recovery, compact saved-result header, session-scoped receipt counts/review links, all matched block decisions with mobile disclosure, plan/session context retained. TypeScript/scoped lint pass. Browser result fixtures not run in this pass.","UI-first code applied: explicit missing/unavailable recovery, compact saved-result header, session-scoped receipt counts/review links, all matched block decisions with mobile disclosure, plan/session context retained. TypeScript/scoped lint pass. Browser result fixtures not run in this pass.",Each destination carries the saved session/plan context.,"Result success/partial/permission and matched/unmatched practice browser fixtures, six viewport captures and inherited accessibility acceptance remain outstanding."
P37-C01,/rapsodo,Connection form and connection state,P2,https://www.untitledui.com/react/components/inputs; https://www.untitledui.com/react/components/select; https://www.untitledui.com/react/components/textarea; https://www.untitledui.com/react/components/buttons,src/app/(app)/rapsodo/page.tsx; src/app/rapsodo/rapsodo-sync-client.tsx,Implemented; partial verification,Implemented; partial verification,"Isolated real-UI mocked-provider fixture, both surfaces at all six requested sizes: rapsodo-fixture-import.log PASS 19.9s. Login error/retry retains credentials; preview club correction survives close/resume; exact remote ID saved once; success receipt includes metadata warning. No real provider calls.","Isolated real-UI mocked-provider fixture, both surfaces at all six requested sizes: rapsodo-fixture-import.log PASS 19.9s. Login error/retry retains credentials; preview club correction survives close/resume; exact remote ID saved once; success receipt includes metadata warning. No real provider calls.",Historical imported Rapsodo files are not labelled as a current live connection.,"Paid advanced Untitled compositions unavailable; accessible local composition. Full acceptance, screen reader, zoom, themes, permissions, large history and shared sticky-bar overlap outstanding. Actual provider/server-shell integration and provider error matrix outstanding; fixture is mocked, not a live cloud integration test."
P37-C02,/rapsodo,Remote-session inbox and sync controls,P2,https://www.untitledui.com/react/components/tables; https://www.untitledui.com/react/components/paginations,src/app/(app)/rapsodo/page.tsx; src/app/rapsodo/rapsodo-sync-client.tsx,Implemented; partial verification,Implemented; partial verification,"Isolated real-UI mocked-provider fixture, both surfaces at all six requested sizes: rapsodo-fixture-import.log PASS 19.9s. Login error/retry retains credentials; preview club correction survives close/resume; exact remote ID saved once; success receipt includes metadata warning. No real provider calls.","Isolated real-UI mocked-provider fixture, both surfaces at all six requested sizes: rapsodo-fixture-import.log PASS 19.9s. Login error/retry retains credentials; preview club correction survives close/resume; exact remote ID saved once; success receipt includes metadata warning. No real provider calls.",Repeated sync does not silently duplicate already imported sessions.,"Paid advanced Untitled compositions unavailable; accessible local composition. Full acceptance, screen reader, zoom, themes, permissions, large history and shared sticky-bar overlap outstanding. Actual provider/server-shell integration and provider error matrix outstanding; fixture is mocked, not a live cloud integration test."
P37-C03,/rapsodo,Session preview and review shots,P2,https://www.untitledui.com/react/components/drawers; https://www.untitledui.com/react/components/section-footers,src/app/(app)/rapsodo/page.tsx; src/app/rapsodo/rapsodo-sync-client.tsx,Implemented; partial verification,Implemented; partial verification,"Isolated real-UI mocked-provider fixture, both surfaces at all six requested sizes: rapsodo-fixture-import.log PASS 19.9s. Login error/retry retains credentials; preview club correction survives close/resume; exact remote ID saved once; success receipt includes metadata warning. No real provider calls.","Isolated real-UI mocked-provider fixture, both surfaces at all six requested sizes: rapsodo-fixture-import.log PASS 19.9s. Login error/retry retains credentials; preview club correction survives close/resume; exact remote ID saved once; success receipt includes metadata warning. No real provider calls.",Preview and saved session refer to the same remote session identifier.,"Paid advanced Untitled compositions unavailable; accessible local composition. Full acceptance, screen reader, zoom, themes, permissions, large history and shared sticky-bar overlap outstanding. Actual provider/server-shell integration and provider error matrix outstanding; fixture is mocked, not a live cloud integration test."
P37-C04,/rapsodo,Course import and mapping,P2,https://www.untitledui.com/react/components/inputs; https://www.untitledui.com/react/components/select; https://www.untitledui.com/react/components/textarea; https://www.untitledui.com/react/components/buttons,src/app/(app)/rapsodo/page.tsx; src/app/rapsodo/rapsodo-sync-client.tsx,Implemented; partial verification,Implemented; partial verification,"Isolated real-UI mocked-provider fixture, both surfaces at all six requested sizes: rapsodo-fixture-import.log PASS 19.9s. Login error/retry retains credentials; preview club correction survives close/resume; exact remote ID saved once; success receipt includes metadata warning. No real provider calls.","Isolated real-UI mocked-provider fixture, both surfaces at all six requested sizes: rapsodo-fixture-import.log PASS 19.9s. Login error/retry retains credentials; preview club correction survives close/resume; exact remote ID saved once; success receipt includes metadata warning. No real provider calls.",No course is automatically misidentified just to clear the import flow.,"Paid advanced Untitled compositions unavailable; accessible local composition. Full acceptance, screen reader, zoom, themes, permissions, large history and shared sticky-bar overlap outstanding. Actual provider/server-shell integration and provider error matrix outstanding; fixture is mocked, not a live cloud integration test."
P38-C01,/providers,Connections and Diagnostics tabs,P2,https://www.untitledui.com/react/components/tabs,src/app/(app)/providers/page.tsx; src/components/ui/tabs.tsx,Implemented; partial verification,Implemented; partial verification,"Providers actual isolated account, both surfaces x six requested sizes: providers-browser-controls.log PASS 24.9s. Connection sheet, latest failed job error state, full remote/local session details and correct source link, URL tabs, no horizontal overflow, raw shots unchanged. TypeScript/scoped lint passed. Screenshot review corrected old Ready health badge; providers-browser-health.log PASS25.1s verifies Needs review.","Providers actual isolated account, both surfaces x six requested sizes: providers-browser-controls.log PASS 24.9s. Connection sheet, latest failed job error state, full remote/local session details and correct source link, URL tabs, no horizontal overflow, raw shots unchanged. TypeScript/scoped lint passed. Screenshot review corrected old Ready health badge; providers-browser-health.log PASS25.1s verifies Needs review.",No authorised provider operation is lost behind a desktop handoff.,"Paid advanced Untitled examples unavailable; local accessible composition. No per-stage backend timeline or operation-specific retry API; latest recorded job shown honestly. Latest 20 ledger coverage explicit, no server pagination available. Live disconnect/error fixture, screen reader, zoom, themes, safe-area and full state matrix outstanding. Earlier script-loading errors absent in passing run; shared runtime investigation remains open."
P38-C02,/providers,Provider connection cards and actions,P2,https://www.untitledui.com/react/components/section-headers; https://www.untitledui.com/react/components/badges; https://www.untitledui.com/react/components/buttons,src/app/(app)/providers/page.tsx; src/app/providers/provider-connection-actions.tsx,Implemented; partial verification,Implemented; partial verification,"Providers actual isolated account, both surfaces x six requested sizes: providers-browser-controls.log PASS 24.9s. Connection sheet, latest failed job error state, full remote/local session details and correct source link, URL tabs, no horizontal overflow, raw shots unchanged. TypeScript/scoped lint passed. Screenshot review corrected old Ready health badge; providers-browser-health.log PASS25.1s verifies Needs review.","Providers actual isolated account, both surfaces x six requested sizes: providers-browser-controls.log PASS 24.9s. Connection sheet, latest failed job error state, full remote/local session details and correct source link, URL tabs, no horizontal overflow, raw shots unchanged. TypeScript/scoped lint passed. Screenshot review corrected old Ready health badge; providers-browser-health.log PASS25.1s verifies Needs review.",Disconnecting explains scope and does not delete historical imported sessions.,"Paid advanced Untitled examples unavailable; local accessible composition. No per-stage backend timeline or operation-specific retry API; latest recorded job shown honestly. Latest 20 ledger coverage explicit, no server pagination available. Live disconnect/error fixture, screen reader, zoom, themes, safe-area and full state matrix outstanding. Earlier script-loading errors absent in passing run; shared runtime investigation remains open."
P38-C03,/providers,Provider session ledger,P2,https://www.untitledui.com/react/components/tables; https://www.untitledui.com/react/components/paginations,src/app/(app)/providers/page.tsx,Implemented; partial verification,Implemented; partial verification,"Providers actual isolated account, both surfaces x six requested sizes: providers-browser-controls.log PASS 24.9s. Connection sheet, latest failed job error state, full remote/local session details and correct source link, URL tabs, no horizontal overflow, raw shots unchanged. TypeScript/scoped lint passed. Screenshot review corrected old Ready health badge; providers-browser-health.log PASS25.1s verifies Needs review.","Providers actual isolated account, both surfaces x six requested sizes: providers-browser-controls.log PASS 24.9s. Connection sheet, latest failed job error state, full remote/local session details and correct source link, URL tabs, no horizontal overflow, raw shots unchanged. TypeScript/scoped lint passed. Screenshot review corrected old Ready health badge; providers-browser-health.log PASS25.1s verifies Needs review.",Imported history and current connection health remain distinct.,"Paid advanced Untitled examples unavailable; local accessible composition. No per-stage backend timeline or operation-specific retry API; latest recorded job shown honestly. Latest 20 ledger coverage explicit, no server pagination available. Live disconnect/error fixture, screen reader, zoom, themes, safe-area and full state matrix outstanding. Earlier script-loading errors absent in passing run; shared runtime investigation remains open."
P38-C04,/providers,Health checks and operation timeline,P2,https://www.untitledui.com/react/components/progress-steps; https://www.untitledui.com/react/components/progress-indicators,src/app/(app)/providers/page.tsx; src/components/app/operation-stepper.tsx; src/components/app/status-timeline.tsx,Implemented; partial verification,Implemented; partial verification,"Providers actual isolated account, both surfaces x six requested sizes: providers-browser-controls.log PASS 24.9s. Connection sheet, latest failed job error state, full remote/local session details and correct source link, URL tabs, no horizontal overflow, raw shots unchanged. TypeScript/scoped lint passed. Screenshot review corrected old Ready health badge; providers-browser-health.log PASS25.1s verifies Needs review.","Providers actual isolated account, both surfaces x six requested sizes: providers-browser-controls.log PASS 24.9s. Connection sheet, latest failed job error state, full remote/local session details and correct source link, URL tabs, no horizontal overflow, raw shots unchanged. TypeScript/scoped lint passed. Screenshot review corrected old Ready health badge; providers-browser-health.log PASS25.1s verifies Needs review.",Failed steps are not styled as completed; retry targets the correct operation.,"Paid advanced Untitled examples unavailable; local accessible composition. No per-stage backend timeline or operation-specific retry API; latest recorded job shown honestly. Latest 20 ledger coverage explicit, no server pagination available. Live disconnect/error fixture, screen reader, zoom, themes, safe-area and full state matrix outstanding. Earlier script-loading errors absent in passing run; shared runtime investigation remains open."
P39-C01,/companion-runtime/import,Import a session source actions,P2,https://www.untitledui.com/react/components/section-headers; https://www.untitledui.com/react/components/badges; https://www.untitledui.com/react/components/buttons,src/app/(app)/companion-runtime/import/page.tsx; src/app/(app)/import/import-companion-page.tsx,Implemented; partial verification,Implemented; partial verification,"Direct companion runtime routes at 1440x900,1280x800,390x844,360x800,1023/1024: companion-import-browser.log PASS 22.0s. Actual owned saved-session source/link, CSV source action, canonical full five-shot preview, sample save disabled, workflow switch retains preview, no page overflow, raw shots unchanged. Reuses previously implemented P35 full importer and guided workflow; no duplicate rewrite.","Direct companion runtime routes at 1440x900,1280x800,390x844,360x800,1023/1024: companion-import-browser.log PASS 22.0s. Actual owned saved-session source/link, CSV source action, canonical full five-shot preview, sample save disabled, workflow switch retains preview, no page overflow, raw shots unchanged. Reuses previously implemented P35 full importer and guided workflow; no duplicate rewrite.",Each action opens the intended companion runtime flow with return context preserved.,"Screen reader/zoom/themes/physical Files picker and safe-area matrix outstanding. This route-specific run uses preview-only sample; full save/retry/uncertain-club proof remains covered only by earlier importer fixtures, not a new exhaustive direct-runtime matrix. Practice-plan return context and error combinations require further acceptance."
P39-C02,/companion-runtime/import,Recent imports,P2,https://www.untitledui.com/react/components/section-headers; https://www.untitledui.com/react/components/badges; https://www.untitledui.com/react/components/buttons,src/app/(app)/companion-runtime/import/page.tsx; src/app/(app)/import/import-companion-page.tsx,Implemented; partial verification,Implemented; partial verification,"Direct companion runtime routes at 1440x900,1280x800,390x844,360x800,1023/1024: companion-import-browser.log PASS 22.0s. Actual owned saved-session source/link, CSV source action, canonical full five-shot preview, sample save disabled, workflow switch retains preview, no page overflow, raw shots unchanged. Reuses previously implemented P35 full importer and guided workflow; no duplicate rewrite.","Direct companion runtime routes at 1440x900,1280x800,390x844,360x800,1023/1024: companion-import-browser.log PASS 22.0s. Actual owned saved-session source/link, CSV source action, canonical full five-shot preview, sample save disabled, workflow switch retains preview, no page overflow, raw shots unchanged. Reuses previously implemented P35 full importer and guided workflow; no duplicate rewrite.",Reopen uses a valid saved result/session ID.,"Screen reader/zoom/themes/physical Files picker and safe-area matrix outstanding. This route-specific run uses preview-only sample; full save/retry/uncertain-club proof remains covered only by earlier importer fixtures, not a new exhaustive direct-runtime matrix. Practice-plan return context and error combinations require further acceptance."
P40-C01,/companion-runtime/import/csv,Choose range CSV and file state,P2,https://www.untitledui.com/react/components/file-uploaders,src/app/(app)/companion-runtime/import/csv/page.tsx; src/app/import/companion-range-import.tsx,Implemented; partial verification,Implemented; partial verification,"Direct companion runtime routes at 1440x900,1280x800,390x844,360x800,1023/1024: companion-import-browser.log PASS 22.0s. Actual owned saved-session source/link, CSV source action, canonical full five-shot preview, sample save disabled, workflow switch retains preview, no page overflow, raw shots unchanged. Reuses previously implemented P35 full importer and guided workflow; no duplicate rewrite.","Direct companion runtime routes at 1440x900,1280x800,390x844,360x800,1023/1024: companion-import-browser.log PASS 22.0s. Actual owned saved-session source/link, CSV source action, canonical full five-shot preview, sample save disabled, workflow switch retains preview, no page overflow, raw shots unchanged. Reuses previously implemented P35 full importer and guided workflow; no duplicate rewrite.",Supported files parse through the existing importer; a retry retains valid selections.,"Screen reader/zoom/themes/physical Files picker and safe-area matrix outstanding. This route-specific run uses preview-only sample; full save/retry/uncertain-club proof remains covered only by earlier importer fixtures, not a new exhaustive direct-runtime matrix. Practice-plan return context and error combinations require further acceptance."
P40-C02,/companion-runtime/import/csv,Confirm uncertain clubs and parsed measurements,P2,https://www.untitledui.com/react/components/inputs; https://www.untitledui.com/react/components/select; https://www.untitledui.com/react/components/textarea; https://www.untitledui.com/react/components/buttons,src/app/(app)/companion-runtime/import/csv/page.tsx; src/app/import/companion-range-import.tsx,Implemented; partial verification,Implemented; partial verification,"Direct companion runtime routes at 1440x900,1280x800,390x844,360x800,1023/1024: companion-import-browser.log PASS 22.0s. Actual owned saved-session source/link, CSV source action, canonical full five-shot preview, sample save disabled, workflow switch retains preview, no page overflow, raw shots unchanged. Reuses previously implemented P35 full importer and guided workflow; no duplicate rewrite.","Direct companion runtime routes at 1440x900,1280x800,390x844,360x800,1023/1024: companion-import-browser.log PASS 22.0s. Actual owned saved-session source/link, CSV source action, canonical full five-shot preview, sample save disabled, workflow switch retains preview, no page overflow, raw shots unchanged. Reuses previously implemented P35 full importer and guided workflow; no duplicate rewrite.",Uncertain clubs cannot be silently defaulted to Driver.,"Screen reader/zoom/themes/physical Files picker and safe-area matrix outstanding. This route-specific run uses preview-only sample; full save/retry/uncertain-club proof remains covered only by earlier importer fixtures, not a new exhaustive direct-runtime matrix. Practice-plan return context and error combinations require further acceptance."
P40-C03,/companion-runtime/import/csv,Review and save import,P2,https://www.untitledui.com/react/components/progress-steps; https://www.untitledui.com/react/components/progress-indicators,src/app/(app)/companion-runtime/import/csv/page.tsx; src/app/import/companion-range-import.tsx,Implemented; partial verification,Implemented; partial verification,"Direct companion runtime routes at 1440x900,1280x800,390x844,360x800,1023/1024: companion-import-browser.log PASS 22.0s. Actual owned saved-session source/link, CSV source action, canonical full five-shot preview, sample save disabled, workflow switch retains preview, no page overflow, raw shots unchanged. Reuses previously implemented P35 full importer and guided workflow; no duplicate rewrite.","Direct companion runtime routes at 1440x900,1280x800,390x844,360x800,1023/1024: companion-import-browser.log PASS 22.0s. Actual owned saved-session source/link, CSV source action, canonical full five-shot preview, sample save disabled, workflow switch retains preview, no page overflow, raw shots unchanged. Reuses previously implemented P35 full importer and guided workflow; no duplicate rewrite.",Save creates the correct session once and opens its actual result.,"Screen reader/zoom/themes/physical Files picker and safe-area matrix outstanding. This route-specific run uses preview-only sample; full save/retry/uncertain-club proof remains covered only by earlier importer fixtures, not a new exhaustive direct-runtime matrix. Practice-plan return context and error combinations require further acceptance."
P41-C01,/companion-runtime/import/result,Saved import outcome and session story,P2,https://www.untitledui.com/react/components/page-headers; https://www.untitledui.com/react/components/section-headers,src/app/(app)/companion-runtime/import/result/page.tsx,Implemented; partial verification,Implemented; partial verification,"companion-result-browser.log PASS25.9s: six direct companion-runtime widths, actual owned 3-shot result, source measurements, full evidence sheet, exclusion cancel, missing-ID history recovery; raw shots unchanged. TypeScript passed. Reuses canonical permission-bound review/club correction components.","companion-result-browser.log PASS25.9s: six direct companion-runtime widths, actual owned 3-shot result, source measurements, full evidence sheet, exclusion cancel, missing-ID history recovery; raw shots unchanged. TypeScript passed. Reuses canonical permission-bound review/club correction components.",Missing identifiers recover to import history; no fake result is shown.,"Acceptance still requires actual keep/exclude/relabel outcome/reconciliation, flagged-shot combinations, cross-user result denial, full accessibility/zoom/themes/keyboard-safe footer. This browser run cancels exclusion and does not claim a persisted review mutation."
P41-C02,/companion-runtime/import/result,Imported evidence and review actions,P2,https://www.untitledui.com/react/components/section-headers; https://www.untitledui.com/react/components/badges; https://www.untitledui.com/react/components/buttons,src/app/(app)/companion-runtime/import/result/page.tsx; src/app/sessions/mobile-session-story.tsx,Implemented; partial verification,Implemented; partial verification,"companion-result-browser.log PASS25.9s: six direct companion-runtime widths, actual owned 3-shot result, source measurements, full evidence sheet, exclusion cancel, missing-ID history recovery; raw shots unchanged. TypeScript passed. Reuses canonical permission-bound review/club correction components.","companion-result-browser.log PASS25.9s: six direct companion-runtime widths, actual owned 3-shot result, source measurements, full evidence sheet, exclusion cancel, missing-ID history recovery; raw shots unchanged. TypeScript passed. Reuses canonical permission-bound review/club correction components.",Results reconcile with the canonical /import/result and session record.,"Acceptance still requires actual keep/exclude/relabel outcome/reconciliation, flagged-shot combinations, cross-user result denial, full accessibility/zoom/themes/keyboard-safe footer. This browser run cancels exclusion and does not claim a persisted review mutation."
P42-C01,/companion-runtime/rapsodo,Connect and sync state,P2,https://www.untitledui.com/react/components/inputs; https://www.untitledui.com/react/components/select; https://www.untitledui.com/react/components/textarea; https://www.untitledui.com/react/components/buttons,src/app/(app)/companion-runtime/rapsodo/page.tsx; src/app/rapsodo/rapsodo-companion-client.tsx,Implemented; partial verification,Implemented; partial verification,"rapsodo-companion-fixture.log PASS19.7s, both surface styles x six widths. Failed connection retains credentials; course selection opens canonical full mobile scorecard review; correction survives close/reopen; mock save once with exact remote ID and practicePlanId. Types and scoped lint pass. Range preview state remains mounted and thrown save errors retain choices.","rapsodo-companion-fixture.log PASS19.7s, both surface styles x six widths. Failed connection retains credentials; course selection opens canonical full mobile scorecard review; correction survives close/reopen; mock save once with exact remote ID and practicePlanId. Types and scoped lint pass. Range preview state remains mounted and thrown save errors retain choices.","Secrets never appear in feedback, URLs or logs.","Mocked provider only; actual runtime route connection/full provider errors, quick-range exclusion retention browser matrix, scored-hole save variants, accessibility/zoom/themes/physical keyboard remain outstanding. No live account import claimed. Canonical course flow removes previous desktop handoff; quick-range guarded catch follow-up typechecked but not separately browser-exercised."
P42-C02,/companion-runtime/rapsodo,Session inbox,P2,https://www.untitledui.com/react/components/section-headers; https://www.untitledui.com/react/components/badges; https://www.untitledui.com/react/components/buttons,src/app/(app)/companion-runtime/rapsodo/page.tsx; src/app/rapsodo/rapsodo-companion-client.tsx,Implemented; partial verification,Implemented; partial verification,"rapsodo-companion-fixture.log PASS19.7s, both surface styles x six widths. Failed connection retains credentials; course selection opens canonical full mobile scorecard review; correction survives close/reopen; mock save once with exact remote ID and practicePlanId. Types and scoped lint pass. Range preview state remains mounted and thrown save errors retain choices.","rapsodo-companion-fixture.log PASS19.7s, both surface styles x six widths. Failed connection retains credentials; course selection opens canonical full mobile scorecard review; correction survives close/reopen; mock save once with exact remote ID and practicePlanId. Types and scoped lint pass. Range preview state remains mounted and thrown save errors retain choices.",Sync and import retries preserve deduplication.,"Mocked provider only; actual runtime route connection/full provider errors, quick-range exclusion retention browser matrix, scored-hole save variants, accessibility/zoom/themes/physical keyboard remain outstanding. No live account import claimed. Canonical course flow removes previous desktop handoff; quick-range guarded catch follow-up typechecked but not separately browser-exercised."
P42-C03,/companion-runtime/rapsodo,Preview and review shots,P2,https://www.untitledui.com/react/components/drawers; https://www.untitledui.com/react/components/section-footers,src/app/(app)/companion-runtime/rapsodo/page.tsx; src/app/rapsodo/rapsodo-companion-preview.tsx; src/app/rapsodo/rapsodo-companion-client.tsx,Implemented; partial verification,Implemented; partial verification,"rapsodo-companion-fixture.log PASS19.7s, both surface styles x six widths. Failed connection retains credentials; course selection opens canonical full mobile scorecard review; correction survives close/reopen; mock save once with exact remote ID and practicePlanId. Types and scoped lint pass. Range preview state remains mounted and thrown save errors retain choices.","rapsodo-companion-fixture.log PASS19.7s, both surface styles x six widths. Failed connection retains credentials; course selection opens canonical full mobile scorecard review; correction survives close/reopen; mock save once with exact remote ID and practicePlanId. Types and scoped lint pass. Range preview state remains mounted and thrown save errors retain choices.",All confirmed choices survive preview close/reopen and save to the intended session.,"Mocked provider only; actual runtime route connection/full provider errors, quick-range exclusion retention browser matrix, scored-hole save variants, accessibility/zoom/themes/physical keyboard remain outstanding. No live account import claimed. Canonical course flow removes previous desktop handoff; quick-range guarded catch follow-up typechecked but not separately browser-exercised."
P43-C01,/rounds,Scoring story and round actions,P2,https://www.untitledui.com/react/components/page-headers; https://www.untitledui.com/react/components/section-headers,src/app/(app)/rounds/page.tsx; src/app/rounds/rounds-scoring-index.tsx; src/app/rounds/rounds-mobile-list.tsx,Implemented; partial verification,Implemented; partial verification,"rounds-browser-ready.log PASS14.8s: both surfaces at six widths, first scoring point with real/simulator separation and matching hole count, desktop source/search URL persistence through reload, no horizontal overflow, owned shots unchanged. Existing canonical round review links and previous mobile redesign preserved. Types/scoped lint passed before small source-label/Import-action follow-up; final types recorded separately.","rounds-browser-ready.log PASS14.8s: both surfaces at six widths, first scoring point with real/simulator separation and matching hole count, desktop source/search URL persistence through reload, no horizontal overflow, owned shots unchanged. Existing canonical round review links and previous mobile redesign preserved. Types/scoped lint passed before small source-label/Import-action follow-up; final types recorded separately.","A first round is labelled a first point, not an improvement over an invented baseline.","Full canonical review navigation/Back selection and preview parity, mobile filter draft/reload keyboard interactions, long history, full AT/zoom/theme matrix outstanding. Small final source-label/Import-action follow-up typechecked, screenshot rerun pending. Existing rounds-workspace not used by current page; no fabricated preview rewrite."
P43-C02,/rounds,Scoring trend,P2,https://www.untitledui.com/react/components/line-bar-charts,src/app/(app)/rounds/page.tsx; src/app/rounds/rounds-scoring-index.tsx,Implemented; partial verification,Implemented; partial verification,"rounds-browser-ready.log PASS14.8s: both surfaces at six widths, first scoring point with real/simulator separation and matching hole count, desktop source/search URL persistence through reload, no horizontal overflow, owned shots unchanged. Existing canonical round review links and previous mobile redesign preserved. Types/scoped lint passed before small source-label/Import-action follow-up; final types recorded separately.","rounds-browser-ready.log PASS14.8s: both surfaces at six widths, first scoring point with real/simulator separation and matching hole count, desktop source/search URL persistence through reload, no horizontal overflow, owned shots unchanged. Existing canonical round review links and previous mobile redesign preserved. Types/scoped lint passed before small source-label/Import-action follow-up; final types recorded separately.",Real and simulator scopes remain explicit.,"Full canonical review navigation/Back selection and preview parity, mobile filter draft/reload keyboard interactions, long history, full AT/zoom/theme matrix outstanding. Small final source-label/Import-action follow-up typechecked, screenshot rerun pending. Existing rounds-workspace not used by current page; no fabricated preview rewrite."
P43-C03,/rounds,Round history list and filters,P2,https://www.untitledui.com/react/components/section-headers; https://www.untitledui.com/react/components/badges; https://www.untitledui.com/react/components/buttons,src/app/(app)/rounds/page.tsx; src/app/rounds/rounds-scoring-index.tsx; src/app/rounds/rounds-mobile-list.tsx,Implemented; partial verification,Implemented; partial verification,"rounds-browser-ready.log PASS14.8s: both surfaces at six widths, first scoring point with real/simulator separation and matching hole count, desktop source/search URL persistence through reload, no horizontal overflow, owned shots unchanged. Existing canonical round review links and previous mobile redesign preserved. Types/scoped lint passed before small source-label/Import-action follow-up; final types recorded separately.","rounds-browser-ready.log PASS14.8s: both surfaces at six widths, first scoring point with real/simulator separation and matching hole count, desktop source/search URL persistence through reload, no horizontal overflow, owned shots unchanged. Existing canonical round review links and previous mobile redesign preserved. Types/scoped lint passed before small source-label/Import-action follow-up; final types recorded separately.",Back from a round restores list state and correct selection.,"Full canonical review navigation/Back selection and preview parity, mobile filter draft/reload keyboard interactions, long history, full AT/zoom/theme matrix outstanding. Small final source-label/Import-action follow-up typechecked, screenshot rerun pending. Existing rounds-workspace not used by current page; no fabricated preview rewrite."
P43-C04,/rounds,"Selected-round preview, where used",P2,https://www.untitledui.com/react/components/drawers; https://www.untitledui.com/react/components/section-footers,src/app/(app)/rounds/page.tsx; src/app/rounds/rounds-workspace.tsx,Implemented; partial verification,Implemented; partial verification,"rounds-browser-ready.log PASS14.8s: both surfaces at six widths, first scoring point with real/simulator separation and matching hole count, desktop source/search URL persistence through reload, no horizontal overflow, owned shots unchanged. Existing canonical round review links and previous mobile redesign preserved. Types/scoped lint passed before small source-label/Import-action follow-up; final types recorded separately.","rounds-browser-ready.log PASS14.8s: both surfaces at six widths, first scoring point with real/simulator separation and matching hole count, desktop source/search URL persistence through reload, no horizontal overflow, owned shots unchanged. Existing canonical round review links and previous mobile redesign preserved. Types/scoped lint passed before small source-label/Import-action follow-up; final types recorded separately.",Preview and full review show the same saved score and status.,"Full canonical review navigation/Back selection and preview parity, mobile filter draft/reload keyboard interactions, long history, full AT/zoom/theme matrix outstanding. Small final source-label/Import-action follow-up typechecked, screenshot rerun pending. Existing rounds-workspace not used by current page; no fabricated preview rewrite."
P44-C01,/rounds/new,"Course, tee and round setup",P2,https://www.untitledui.com/react/components/inputs; https://www.untitledui.com/react/components/select; https://www.untitledui.com/react/components/textarea; https://www.untitledui.com/react/components/buttons,src/app/(app)/rounds/new/page.tsx; src/app/rounds/new/new-round-form.tsx; src/app/rounds/new/mobile-start-round.tsx,Implemented; partial verification,Implemented; partial verification,"Existing full historical-round regression PASS52.5s (add-round-regression.log): desktop/mobile valid single saved rounds, hidden-hole validation, failed-save draft recovery, incompatible-tee confirmation/clear, actual tee facts and scoped axe. New setup matrix PASS4.6s (add-round-browser-fixture.log), both surfaces at six requested sizes: course search preserves selection, mobile course change requires explicit tee, start disabled until chosen, screenshots/no overflow. Existing scorecard workflow preserved.","Existing full historical-round regression PASS52.5s (add-round-regression.log): desktop/mobile valid single saved rounds, hidden-hole validation, failed-save draft recovery, incompatible-tee confirmation/clear, actual tee facts and scoped axe. New setup matrix PASS4.6s (add-round-browser-fixture.log), both surfaces at six requested sizes: course search preserves selection, mobile course change requires explicit tee, start disabled until chosen, screenshots/no overflow. Existing scorecard workflow preserved.",Changing course invalidates an incompatible tee selection explicitly.,"Final wrapped selected-course/tee text added after screenshot review; screenshot refresh pending. Full states/long histories/screen reader/zoom/physical keyboard and private-tee denial browser checks outstanding. Fixture setup failures were missing second course and required hole columns, fixed using isolated owned course; no production data changed."
P44-C02,/rounds/new,Hole-by-hole scorecard entry,P2,https://www.untitledui.com/react/components/tables; https://www.untitledui.com/react/components/paginations,src/app/(app)/rounds/new/page.tsx; src/app/rounds/new/new-round-form.tsx,Implemented; partial verification,Implemented; partial verification,"Existing full historical-round regression PASS52.5s (add-round-regression.log): desktop/mobile valid single saved rounds, hidden-hole validation, failed-save draft recovery, incompatible-tee confirmation/clear, actual tee facts and scoped axe. New setup matrix PASS4.6s (add-round-browser-fixture.log), both surfaces at six requested sizes: course search preserves selection, mobile course change requires explicit tee, start disabled until chosen, screenshots/no overflow. Existing scorecard workflow preserved.","Existing full historical-round regression PASS52.5s (add-round-regression.log): desktop/mobile valid single saved rounds, hidden-hole validation, failed-save draft recovery, incompatible-tee confirmation/clear, actual tee facts and scoped axe. New setup matrix PASS4.6s (add-round-browser-fixture.log), both surfaces at six requested sizes: course search preserves selection, mobile course change requires explicit tee, start disabled until chosen, screenshots/no overflow. Existing scorecard workflow preserved.",Totals update correctly and missing values are not silently converted to zero strokes.,"Final wrapped selected-course/tee text added after screenshot review; screenshot refresh pending. Full states/long histories/screen reader/zoom/physical keyboard and private-tee denial browser checks outstanding. Fixture setup failures were missing second course and required hole columns, fixed using isolated owned course; no production data changed."
P44-C03,/rounds/new,Review and save round,P2,https://www.untitledui.com/react/components/progress-steps; https://www.untitledui.com/react/components/progress-indicators,src/app/(app)/rounds/new/page.tsx; src/app/rounds/new/new-round-form.tsx,Implemented; partial verification,Implemented; partial verification,"Existing full historical-round regression PASS52.5s (add-round-regression.log): desktop/mobile valid single saved rounds, hidden-hole validation, failed-save draft recovery, incompatible-tee confirmation/clear, actual tee facts and scoped axe. New setup matrix PASS4.6s (add-round-browser-fixture.log), both surfaces at six requested sizes: course search preserves selection, mobile course change requires explicit tee, start disabled until chosen, screenshots/no overflow. Existing scorecard workflow preserved.","Existing full historical-round regression PASS52.5s (add-round-regression.log): desktop/mobile valid single saved rounds, hidden-hole validation, failed-save draft recovery, incompatible-tee confirmation/clear, actual tee facts and scoped axe. New setup matrix PASS4.6s (add-round-browser-fixture.log), both surfaces at six requested sizes: course search preserves selection, mobile course change requires explicit tee, start disabled until chosen, screenshots/no overflow. Existing scorecard workflow preserved.",One save creates one round and opens its actual review page.,"Final wrapped selected-course/tee text added after screenshot review; screenshot refresh pending. Full states/long histories/screen reader/zoom/physical keyboard and private-tee denial browser checks outstanding. Fixture setup failures were missing second course and required hole columns, fixed using isolated owned course; no production data changed."
P45-C01,/rounds/[sessionId],Round identity and result,P2,https://www.untitledui.com/react/components/page-headers; https://www.untitledui.com/react/components/section-headers,src/app/(app)/rounds/[sessionId]/page.tsx,Implemented; partial verification,Implemented; partial verification,"Round review existing full UI preserved plus mobile course-link corrections and aligned retained panels. round-review-browser-tabs.log PASS16.0s both surfaces x six sizes: course correction visibility, Evidence/Corrections/Scorecard navigation, mobile unsaved notes retained, original scorecard/CSV unchanged, no overflow. Existing map/live-round/summary regressions11testsPASS508ms. Other specialist/live/share operations not rerun by this matrix.","Round review existing full UI preserved plus mobile course-link corrections and aligned retained panels. round-review-browser-tabs.log PASS16.0s both surfaces x six sizes: course correction visibility, Evidence/Corrections/Scorecard navigation, mobile unsaved notes retained, original scorecard/CSV unchanged, no overflow. Existing map/live-round/summary regressions11testsPASS508ms. Other specialist/live/share operations not rerun by this matrix.","Score, course and status agree with history and the underlying session.","Full acceptance remains: desktop unsaved form preservation across server tab navigation, live/offline conflict matrix, map/3D visual/render-failure states, persisted context correction, share-scope and named deletion execution/cancel/permission matrix, complete AT/zoom/themes. Existing narrow-workbench collapsed/hidden-trigger regression fixed; scoped tab spacing corrected after screenshot. No overall pass claimed."
P45-C02,/rounds/[sessionId],"Summary, Scorecard, Map, Evidence and Corrections",P2,https://www.untitledui.com/react/components/tabs,src/app/(app)/rounds/[sessionId]/page.tsx; src/app/rounds/[sessionId]/round-review-tabs.tsx; src/app/rounds/[sessionId]/lazy-round-review-tabs.tsx,Implemented; partial verification,Implemented; partial verification,"Round review existing full UI preserved plus mobile course-link corrections and aligned retained panels. round-review-browser-tabs.log PASS16.0s both surfaces x six sizes: course correction visibility, Evidence/Corrections/Scorecard navigation, mobile unsaved notes retained, original scorecard/CSV unchanged, no overflow. Existing map/live-round/summary regressions11testsPASS508ms. Other specialist/live/share operations not rerun by this matrix.","Round review existing full UI preserved plus mobile course-link corrections and aligned retained panels. round-review-browser-tabs.log PASS16.0s both surfaces x six sizes: course correction visibility, Evidence/Corrections/Scorecard navigation, mobile unsaved notes retained, original scorecard/CSV unchanged, no overflow. Existing map/live-round/summary regressions11testsPASS508ms. Other specialist/live/share operations not rerun by this matrix.",No correction or evidence task disappears in the mobile version.,"Full acceptance remains: desktop unsaved form preservation across server tab navigation, live/offline conflict matrix, map/3D visual/render-failure states, persisted context correction, share-scope and named deletion execution/cancel/permission matrix, complete AT/zoom/themes. Existing narrow-workbench collapsed/hidden-trigger regression fixed; scoped tab spacing corrected after screenshot. No overall pass claimed."
P45-C03,/rounds/[sessionId],Scorecard and scoring breakdown,P2,https://www.untitledui.com/react/components/tables; https://www.untitledui.com/react/components/paginations,src/app/(app)/rounds/[sessionId]/page.tsx,Implemented; partial verification,Implemented; partial verification,"Round review existing full UI preserved plus mobile course-link corrections and aligned retained panels. round-review-browser-tabs.log PASS16.0s both surfaces x six sizes: course correction visibility, Evidence/Corrections/Scorecard navigation, mobile unsaved notes retained, original scorecard/CSV unchanged, no overflow. Existing map/live-round/summary regressions11testsPASS508ms. Other specialist/live/share operations not rerun by this matrix.","Round review existing full UI preserved plus mobile course-link corrections and aligned retained panels. round-review-browser-tabs.log PASS16.0s both surfaces x six sizes: course correction visibility, Evidence/Corrections/Scorecard navigation, mobile unsaved notes retained, original scorecard/CSV unchanged, no overflow. Existing map/live-round/summary regressions11testsPASS508ms. Other specialist/live/share operations not rerun by this matrix.",Front/back/total scores reconcile and unsupported fields remain unavailable.,"Full acceptance remains: desktop unsaved form preservation across server tab navigation, live/offline conflict matrix, map/3D visual/render-failure states, persisted context correction, share-scope and named deletion execution/cancel/permission matrix, complete AT/zoom/themes. Existing narrow-workbench collapsed/hidden-trigger regression fixed; scoped tab spacing corrected after screenshot. No overall pass claimed."
P45-C04,/rounds/[sessionId],Live hole entry and offline editing,P2,https://www.untitledui.com/react/components/inputs; https://www.untitledui.com/react/components/select; https://www.untitledui.com/react/components/textarea; https://www.untitledui.com/react/components/buttons,src/app/(app)/rounds/[sessionId]/page.tsx; src/app/rounds/mobile-live-round.tsx; src/components/offline-round-edit-form.tsx; src/app/rounds/[sessionId]/lazy-offline-round-edit-form.tsx,Implemented; partial verification,Implemented; partial verification,"Round review existing full UI preserved plus mobile course-link corrections and aligned retained panels. round-review-browser-tabs.log PASS16.0s both surfaces x six sizes: course correction visibility, Evidence/Corrections/Scorecard navigation, mobile unsaved notes retained, original scorecard/CSV unchanged, no overflow. Existing map/live-round/summary regressions11testsPASS508ms. Other specialist/live/share operations not rerun by this matrix.","Round review existing full UI preserved plus mobile course-link corrections and aligned retained panels. round-review-browser-tabs.log PASS16.0s both surfaces x six sizes: course correction visibility, Evidence/Corrections/Scorecard navigation, mobile unsaved notes retained, original scorecard/CSV unchanged, no overflow. Existing map/live-round/summary regressions11testsPASS508ms. Other specialist/live/share operations not rerun by this matrix.",Reconnect resolves queued edits through existing conflict handling without silent loss.,"Full acceptance remains: desktop unsaved form preservation across server tab navigation, live/offline conflict matrix, map/3D visual/render-failure states, persisted context correction, share-scope and named deletion execution/cancel/permission matrix, complete AT/zoom/themes. Existing narrow-workbench collapsed/hidden-trigger regression fixed; scoped tab spacing corrected after screenshot. No overall pass claimed."
P45-C05,/rounds/[sessionId],Course and hole map,P2,https://www.untitledui.com/react/components/section-headers; https://www.untitledui.com/react/components/select; https://www.untitledui.com/react/components/tooltips,src/app/(app)/rounds/[sessionId]/page.tsx; src/app/rounds/[sessionId]/lazy-round-shot-map.tsx; src/app/rounds/mobile-round-shot-map.tsx,Implemented; partial verification,Implemented; partial verification,"Round review existing full UI preserved plus mobile course-link corrections and aligned retained panels. round-review-browser-tabs.log PASS16.0s both surfaces x six sizes: course correction visibility, Evidence/Corrections/Scorecard navigation, mobile unsaved notes retained, original scorecard/CSV unchanged, no overflow. Existing map/live-round/summary regressions11testsPASS508ms. Other specialist/live/share operations not rerun by this matrix.","Round review existing full UI preserved plus mobile course-link corrections and aligned retained panels. round-review-browser-tabs.log PASS16.0s both surfaces x six sizes: course correction visibility, Evidence/Corrections/Scorecard navigation, mobile unsaved notes retained, original scorecard/CSV unchanged, no overflow. Existing map/live-round/summary regressions11testsPASS508ms. Other specialist/live/share operations not rerun by this matrix.",Estimated paths never acquire measured-shot labels after migration.,"Full acceptance remains: desktop unsaved form preservation across server tab navigation, live/offline conflict matrix, map/3D visual/render-failure states, persisted context correction, share-scope and named deletion execution/cancel/permission matrix, complete AT/zoom/themes. Existing narrow-workbench collapsed/hidden-trigger regression fixed; scoped tab spacing corrected after screenshot. No overall pass claimed."
P45-C06,/rounds/[sessionId],"Course, tee and handicap context corrections",P2,https://www.untitledui.com/react/components/inputs; https://www.untitledui.com/react/components/select; https://www.untitledui.com/react/components/textarea; https://www.untitledui.com/react/components/buttons,src/app/(app)/rounds/[sessionId]/page.tsx; src/app/rounds/[sessionId]/lazy-round-edit-select.tsx,Implemented; partial verification,Implemented; partial verification,"Round review existing full UI preserved plus mobile course-link corrections and aligned retained panels. round-review-browser-tabs.log PASS16.0s both surfaces x six sizes: course correction visibility, Evidence/Corrections/Scorecard navigation, mobile unsaved notes retained, original scorecard/CSV unchanged, no overflow. Existing map/live-round/summary regressions11testsPASS508ms. Other specialist/live/share operations not rerun by this matrix.","Round review existing full UI preserved plus mobile course-link corrections and aligned retained panels. round-review-browser-tabs.log PASS16.0s both surfaces x six sizes: course correction visibility, Evidence/Corrections/Scorecard navigation, mobile unsaved notes retained, original scorecard/CSV unchanged, no overflow. Existing map/live-round/summary regressions11testsPASS508ms. Other specialist/live/share operations not rerun by this matrix.",Correcting context recalculates only the intended round and downstream estimates.,"Full acceptance remains: desktop unsaved form preservation across server tab navigation, live/offline conflict matrix, map/3D visual/render-failure states, persisted context correction, share-scope and named deletion execution/cancel/permission matrix, complete AT/zoom/themes. Existing narrow-workbench collapsed/hidden-trigger regression fixed; scoped tab spacing corrected after screenshot. No overall pass claimed."
P45-C07,/rounds/[sessionId],Evidence and correction history,P2,https://www.untitledui.com/react/components/tables; https://www.untitledui.com/react/components/paginations,src/app/(app)/rounds/[sessionId]/page.tsx; src/app/rounds/[sessionId]/round-corrections-panel.tsx,Implemented; partial verification,Implemented; partial verification,"Round review existing full UI preserved plus mobile course-link corrections and aligned retained panels. round-review-browser-tabs.log PASS16.0s both surfaces x six sizes: course correction visibility, Evidence/Corrections/Scorecard navigation, mobile unsaved notes retained, original scorecard/CSV unchanged, no overflow. Existing map/live-round/summary regressions11testsPASS508ms. Other specialist/live/share operations not rerun by this matrix.","Round review existing full UI preserved plus mobile course-link corrections and aligned retained panels. round-review-browser-tabs.log PASS16.0s both surfaces x six sizes: course correction visibility, Evidence/Corrections/Scorecard navigation, mobile unsaved notes retained, original scorecard/CSV unchanged, no overflow. Existing map/live-round/summary regressions11testsPASS508ms. Other specialist/live/share operations not rerun by this matrix.",Raw source information remains inspectable after corrections.,"Full acceptance remains: desktop unsaved form preservation across server tab navigation, live/offline conflict matrix, map/3D visual/render-failure states, persisted context correction, share-scope and named deletion execution/cancel/permission matrix, complete AT/zoom/themes. Existing narrow-workbench collapsed/hidden-trigger regression fixed; scoped tab spacing corrected after screenshot. No overall pass claimed."
P45-C08,/rounds/[sessionId],Learning summary and handicap effect,P2,https://www.untitledui.com/react/components/metrics; https://www.untitledui.com/react/components/tooltips,src/app/(app)/rounds/[sessionId]/page.tsx; src/app/rounds/mobile-round-handicap-effect.tsx,Implemented; partial verification,Implemented; partial verification,"Round review existing full UI preserved plus mobile course-link corrections and aligned retained panels. round-review-browser-tabs.log PASS16.0s both surfaces x six sizes: course correction visibility, Evidence/Corrections/Scorecard navigation, mobile unsaved notes retained, original scorecard/CSV unchanged, no overflow. Existing map/live-round/summary regressions11testsPASS508ms. Other specialist/live/share operations not rerun by this matrix.","Round review existing full UI preserved plus mobile course-link corrections and aligned retained panels. round-review-browser-tabs.log PASS16.0s both surfaces x six sizes: course correction visibility, Evidence/Corrections/Scorecard navigation, mobile unsaved notes retained, original scorecard/CSV unchanged, no overflow. Existing map/live-round/summary regressions11testsPASS508ms. Other specialist/live/share operations not rerun by this matrix.",Unofficial estimates and data-limited conclusions stay labelled.,"Full acceptance remains: desktop unsaved form preservation across server tab navigation, live/offline conflict matrix, map/3D visual/render-failure states, persisted context correction, share-scope and named deletion execution/cancel/permission matrix, complete AT/zoom/themes. Existing narrow-workbench collapsed/hidden-trigger regression fixed; scoped tab spacing corrected after screenshot. No overall pass claimed."
P45-C09,/rounds/[sessionId],Round sharing and shot deletion controls,P2,https://www.untitledui.com/react/components/modals; https://www.untitledui.com/react/components/buttons,src/app/(app)/rounds/[sessionId]/page.tsx; src/app/rounds/[sessionId]/round-corrections-panel.tsx,Implemented; partial verification,Implemented; partial verification,"Round review existing full UI preserved plus mobile course-link corrections and aligned retained panels. round-review-browser-tabs.log PASS16.0s both surfaces x six sizes: course correction visibility, Evidence/Corrections/Scorecard navigation, mobile unsaved notes retained, original scorecard/CSV unchanged, no overflow. Existing map/live-round/summary regressions11testsPASS508ms. Other specialist/live/share operations not rerun by this matrix.","Round review existing full UI preserved plus mobile course-link corrections and aligned retained panels. round-review-browser-tabs.log PASS16.0s both surfaces x six sizes: course correction visibility, Evidence/Corrections/Scorecard navigation, mobile unsaved notes retained, original scorecard/CSV unchanged, no overflow. Existing map/live-round/summary regressions11testsPASS508ms. Other specialist/live/share operations not rerun by this matrix.",Sharing reveals only allowed data; cancelling deletion changes nothing.,"Full acceptance remains: desktop unsaved form preservation across server tab navigation, live/offline conflict matrix, map/3D visual/render-failure states, persisted context correction, share-scope and named deletion execution/cancel/permission matrix, complete AT/zoom/themes. Existing narrow-workbench collapsed/hidden-trigger regression fixed; scoped tab spacing corrected after screenshot. No overall pass claimed."
P46-C01,/courses,Course search and filters,P2,https://www.untitledui.com/react/components/filter-bars; https://www.untitledui.com/react/components/drawers; https://www.untitledui.com/react/components/date-pickers,src/app/(app)/courses/page.tsx; src/app/courses/course-library.tsx,Implemented; partial verification,Implemented; partial verification,"Course library URL search/location/multi-filter/view state; staged drawer Apply/Reset; full identity and canonical links. course-library-browser.log PASS 1.0m at 1440x900,1280x800,1024x800 on both surfaces.","Same complete controls at 390x844,360x800,1023x800; draft reset/apply/no-match recovery, reload search and canonical IDs checked. P46 screenshots in output/playwright/ui-upgrade/course-library-browser; 390 inspected.",Search preserves the canonical course IDs and does not duplicate names into new records.,"Full favourite mutation/error/permission, loading/network failure, keyboard/AT/zoom/theme matrices outstanding. Existing fixed companion navigation overlap visible in full-page capture; shared acceptance remains open. Paid filter/table examples unavailable; existing accessible local controls retained."
P46-C02,/courses,Course results and previews,P2,https://www.untitledui.com/react/components/section-headers; https://www.untitledui.com/react/components/badges; https://www.untitledui.com/react/components/buttons,src/app/(app)/courses/page.tsx; src/app/courses/course-library.tsx,Implemented; partial verification,Implemented; partial verification,"Course library URL search/location/multi-filter/view state; staged drawer Apply/Reset; full identity and canonical links. course-library-browser.log PASS 1.0m at 1440x900,1280x800,1024x800 on both surfaces.","Same complete controls at 390x844,360x800,1023x800; draft reset/apply/no-match recovery, reload search and canonical IDs checked. P46 screenshots in output/playwright/ui-upgrade/course-library-browser; 390 inspected.",Course identity and readiness are consistent between list and detail.,"Full favourite mutation/error/permission, loading/network failure, keyboard/AT/zoom/theme matrices outstanding. Existing fixed companion navigation overlap visible in full-page capture; shared acceptance remains open. Paid filter/table examples unavailable; existing accessible local controls retained."
P46-C03,/courses,"Loading, no matches and new course action",P2,https://www.untitledui.com/react/components/empty-states; https://www.untitledui.com/react/components/loading-indicators; https://www.untitledui.com/react/components/alerts,src/app/(app)/courses/page.tsx; src/components/app/app-empty-state.tsx,Implemented; partial verification,Implemented; partial verification,"Course library URL search/location/multi-filter/view state; staged drawer Apply/Reset; full identity and canonical links. course-library-browser.log PASS 1.0m at 1440x900,1280x800,1024x800 on both surfaces.","Same complete controls at 390x844,360x800,1023x800; draft reset/apply/no-match recovery, reload search and canonical IDs checked. P46 screenshots in output/playwright/ui-upgrade/course-library-browser; 390 inspected.",Clear filters and Add/import course lead to the appropriate flow.,"Full favourite mutation/error/permission, loading/network failure, keyboard/AT/zoom/theme matrices outstanding. Existing fixed companion navigation overlap visible in full-page capture; shared acceptance remains open. Paid filter/table examples unavailable; existing accessible local controls retained."
P47-C01,/courses/new,Google course search and import,P2,https://www.untitledui.com/react/components/inputs; https://www.untitledui.com/react/components/select; https://www.untitledui.com/react/components/textarea; https://www.untitledui.com/react/components/buttons,src/app/(app)/courses/new/page.tsx; src/app/courses/google-course-importer.tsx,Implemented; partial verification,Implemented; partial verification,"Retained source tabs, draft-safe form wrapper preserving framework redirect, Google HTTP error/retry and exact selected place, OSM stale lookup protection/cancel/retry/unknown geometry warning. add-course-browser-ready.log PASS11.3s both surfaces x6sizes.","Complete /courses/new companion capability. Required validation focus, source-tab draft retention, canonical Google/OSM IDs, zero provider writes and no overflow tested at390x844,360x800,1023x800 plus desktop sizes. 360 screenshot inspected; shortened header after review (typecheck only). Follow-up P49 browser verifies actual manual creation -> exact saved course editor and tee; course-editor-browser-tabs.log PASS21.9s.",Import uses the selected canonical place and does not silently choose a similarly named course.,"Actual browser save rejection/retry remains outstanding. Exact new-course/tee navigation and complete mobile hole editor now verified by P49 matrix. Full provider-write, permission, geometry race, AT/zoom/theme checks remain. Fixed companion bar visibly overlays Country/tee area in full-page capture. Numeric server validation follow-up owned by backend agent; no full acceptance."
P47-C02,/courses/new,Manual course and first tee setup,P2,https://www.untitledui.com/react/components/inputs; https://www.untitledui.com/react/components/select; https://www.untitledui.com/react/components/textarea; https://www.untitledui.com/react/components/buttons,src/app/(app)/courses/new/page.tsx,Implemented; partial verification,Implemented; partial verification,"Retained source tabs, draft-safe form wrapper preserving framework redirect, Google HTTP error/retry and exact selected place, OSM stale lookup protection/cancel/retry/unknown geometry warning. add-course-browser-ready.log PASS11.3s both surfaces x6sizes.","Complete /courses/new companion capability. Required validation focus, source-tab draft retention, canonical Google/OSM IDs, zero provider writes and no overflow tested at390x844,360x800,1023x800 plus desktop sizes. 360 screenshot inspected; shortened header after review (typecheck only). Follow-up P49 browser verifies actual manual creation -> exact saved course editor and tee; course-editor-browser-tabs.log PASS21.9s.",Required values and units are validated before creating the course.,"Actual browser save rejection/retry remains outstanding. Exact new-course/tee navigation and complete mobile hole editor now verified by P49 matrix. Full provider-write, permission, geometry race, AT/zoom/theme checks remain. Fixed companion bar visibly overlays Country/tee area in full-page capture. Numeric server validation follow-up owned by backend agent; no full acceptance."
P47-C03,/courses/new,OpenStreetMap geometry import,P2,https://www.untitledui.com/react/components/inputs; https://www.untitledui.com/react/components/select; https://www.untitledui.com/react/components/textarea; https://www.untitledui.com/react/components/buttons,src/app/(app)/courses/new/page.tsx; src/app/courses/osm-course-importer.tsx,Implemented; partial verification,Implemented; partial verification,"Retained source tabs, draft-safe form wrapper preserving framework redirect, Google HTTP error/retry and exact selected place, OSM stale lookup protection/cancel/retry/unknown geometry warning. add-course-browser-ready.log PASS11.3s both surfaces x6sizes.","Complete /courses/new companion capability. Required validation focus, source-tab draft retention, canonical Google/OSM IDs, zero provider writes and no overflow tested at390x844,360x800,1023x800 plus desktop sizes. 360 screenshot inspected; shortened header after review (typecheck only). Follow-up P49 browser verifies actual manual creation -> exact saved course editor and tee; course-editor-browser-tabs.log PASS21.9s.",Incomplete imported geometry remains labelled and correctable.,"Actual browser save rejection/retry remains outstanding. Exact new-course/tee navigation and complete mobile hole editor now verified by P49 matrix. Full provider-write, permission, geometry race, AT/zoom/theme checks remain. Fixed companion bar visibly overlays Country/tee area in full-page capture. Numeric server validation follow-up owned by backend agent; no full acceptance."
P47-C04,/courses/new,Setup guidance and next mapping action,P2,https://www.untitledui.com/react/components/section-headers; https://www.untitledui.com/react/components/content-dividers,src/app/(app)/courses/new/page.tsx; src/components/premium.tsx,Implemented; partial verification,Implemented; partial verification,"Retained source tabs, draft-safe form wrapper preserving framework redirect, Google HTTP error/retry and exact selected place, OSM stale lookup protection/cancel/retry/unknown geometry warning. add-course-browser-ready.log PASS11.3s both surfaces x6sizes.","Complete /courses/new companion capability. Required validation focus, source-tab draft retention, canonical Google/OSM IDs, zero provider writes and no overflow tested at390x844,360x800,1023x800 plus desktop sizes. 360 screenshot inspected; shortened header after review (typecheck only). Follow-up P49 browser verifies actual manual creation -> exact saved course editor and tee; course-editor-browser-tabs.log PASS21.9s.","Successful creation links to the exact created course and tee, not a generic course list.","Actual browser save rejection/retry remains outstanding. Exact new-course/tee navigation and complete mobile hole editor now verified by P49 matrix. Full provider-write, permission, geometry race, AT/zoom/theme checks remain. Fixed companion bar visibly overlays Country/tee area in full-page capture. Numeric server validation follow-up owned by backend agent; no full acceptance."
P48-C01,/courses/[courseId],"Course identity, tabs and favourite action",P2,https://www.untitledui.com/react/components/page-headers; https://www.untitledui.com/react/components/section-headers,src/app/(app)/courses/[courseId]/page.tsx; src/app/courses/course-favourite-button.tsx,Implemented; partial verification,Implemented; partial verification,"Compact identity, exact readiness action, tee/source facts, semantic newest-first round table with existing roundHistoryScore, actual favourite pending/error recovery, existing twin/preview preserved. course-detail-browser.log PASS23.3s both surfaces x6sizes, actual isolated favourite save/remove and raw round unchanged.","Complete exact course-detail companion route, full round disclosure/source/status/score and no-match twin fallback; six-size matrix including390x844,360x800,1023/1024px. P48 screenshots under output/playwright/ui-upgrade/course-detail-browser.",Favourite changes target the correct course and show pending/error state.,"Positive Course Twin launch/render/data-quality and map failure paths unverified; full favourite rejection/permission, AT/zoom/theme matrices outstanding. Course setup and records destinations still require remaining page migration. Fixed companion bar overlap remains shared defect. No full acceptance claim."
P48-C02,/courses/[courseId],"Course overview, facts and map preview",P2,https://www.untitledui.com/react/components/section-headers; https://www.untitledui.com/react/components/select; https://www.untitledui.com/react/components/tooltips,src/app/(app)/courses/[courseId]/page.tsx; src/app/courses/course-library.tsx,Implemented; partial verification,Implemented; partial verification,"Compact identity, exact readiness action, tee/source facts, semantic newest-first round table with existing roundHistoryScore, actual favourite pending/error recovery, existing twin/preview preserved. course-detail-browser.log PASS23.3s both surfaces x6sizes, actual isolated favourite save/remove and raw round unchanged.","Complete exact course-detail companion route, full round disclosure/source/status/score and no-match twin fallback; six-size matrix including390x844,360x800,1023/1024px. P48 screenshots under output/playwright/ui-upgrade/course-detail-browser.",Unknown geometry is not drawn as a complete mapped course.,"Positive Course Twin launch/render/data-quality and map failure paths unverified; full favourite rejection/permission, AT/zoom/theme matrices outstanding. Course setup and records destinations still require remaining page migration. Fixed companion bar overlap remains shared defect. No full acceptance claim."
P48-C03,/courses/[courseId],Round readiness and next action,P2,https://www.untitledui.com/react/components/section-headers; https://www.untitledui.com/react/components/badges; https://www.untitledui.com/react/components/buttons,src/app/(app)/courses/[courseId]/page.tsx,Implemented; partial verification,Implemented; partial verification,"Compact identity, exact readiness action, tee/source facts, semantic newest-first round table with existing roundHistoryScore, actual favourite pending/error recovery, existing twin/preview preserved. course-detail-browser.log PASS23.3s both surfaces x6sizes, actual isolated favourite save/remove and raw round unchanged.","Complete exact course-detail companion route, full round disclosure/source/status/score and no-match twin fallback; six-size matrix including390x844,360x800,1023/1024px. P48 screenshots under output/playwright/ui-upgrade/course-detail-browser.",The action matches actual readiness and existing permissions.,"Positive Course Twin launch/render/data-quality and map failure paths unverified; full favourite rejection/permission, AT/zoom/theme matrices outstanding. Course setup and records destinations still require remaining page migration. Fixed companion bar overlap remains shared defect. No full acceptance claim."
P48-C04,/courses/[courseId],Recent rounds and course history,P2,https://www.untitledui.com/react/components/tables; https://www.untitledui.com/react/components/paginations,src/app/(app)/courses/[courseId]/page.tsx,Implemented; partial verification,Implemented; partial verification,"Compact identity, exact readiness action, tee/source facts, semantic newest-first round table with existing roundHistoryScore, actual favourite pending/error recovery, existing twin/preview preserved. course-detail-browser.log PASS23.3s both surfaces x6sizes, actual isolated favourite save/remove and raw round unchanged.","Complete exact course-detail companion route, full round disclosure/source/status/score and no-match twin fallback; six-size matrix including390x844,360x800,1023/1024px. P48 screenshots under output/playwright/ui-upgrade/course-detail-browser.",No rounds from another course are mixed into the history.,"Positive Course Twin launch/render/data-quality and map failure paths unverified; full favourite rejection/permission, AT/zoom/theme matrices outstanding. Course setup and records destinations still require remaining page migration. Fixed companion bar overlap remains shared defect. No full acceptance claim."
P48-C05,/courses/[courseId],Course Twin readiness and launch,P2,https://www.untitledui.com/react/components/section-headers; https://www.untitledui.com/react/components/badges; https://www.untitledui.com/react/components/buttons,src/app/(app)/courses/[courseId]/page.tsx,Implemented; partial verification,Implemented; partial verification,"Compact identity, exact readiness action, tee/source facts, semantic newest-first round table with existing roundHistoryScore, actual favourite pending/error recovery, existing twin/preview preserved. course-detail-browser.log PASS23.3s both surfaces x6sizes, actual isolated favourite save/remove and raw round unchanged.","Complete exact course-detail companion route, full round disclosure/source/status/score and no-match twin fallback; six-size matrix including390x844,360x800,1023/1024px. P48 screenshots under output/playwright/ui-upgrade/course-detail-browser.",The launch opens the selected course's twin and retains its data-quality label.,"Positive Course Twin launch/render/data-quality and map failure paths unverified; full favourite rejection/permission, AT/zoom/theme matrices outstanding. Course setup and records destinations still require remaining page migration. Fixed companion bar overlap remains shared defect. No full acceptance claim."
P49-C01,/courses/[courseId]/holes,Course editor identity and sections,P2,https://www.untitledui.com/react/components/tabs,src/app/(app)/courses/[courseId]/holes/page.tsx; src/components/ui/tabs.tsx; src/components/premium.tsx,Implemented; partial verification,Implemented; partial verification,"Retained controlled tabs; active tee query and per-tee counts; map per-hole drafts/reset, direct coordinate forms, tee sheet bounds/cancel and readonly geometry. course-editor-browser-tabs.log PASS21.9s owner and foreign-reference accounts, both surfaces x6sizes. Actual single-hole save preserves other hole/tee; manual creation opens exact course and tee.","All five editor sections available at390x844,360x800,1023/1024px; complete controls/draft retention and readonly gates checked. 390 screenshot inspected; table scroll scoped and hole disclosure fields reachable. Source-warning UI implemented; browser warning failure fixture outstanding.",Non-editors remain read-only on every panel.,"Full map pointer/drag/tile-error/AT, save rejection/retry, source-enrichment warning and physical-keyboard/theme/zoom matrix outstanding. Fixed companion bars overlap geometry table/tee-latitude region in full-page capture; focus visibility remains shared defect. Tee-switch draft warning shown; automatic preservation across tee GET navigation not claimed."
P49-C02,/courses/[courseId]/holes,Visual tee/green point editor,P2,https://www.untitledui.com/react/components/section-headers; https://www.untitledui.com/react/components/select; https://www.untitledui.com/react/components/tooltips,src/app/(app)/courses/[courseId]/holes/page.tsx; src/app/courses/[courseId]/holes/course-hole-map-editor.tsx,Implemented; partial verification,Implemented; partial verification,"Retained controlled tabs; active tee query and per-tee counts; map per-hole drafts/reset, direct coordinate forms, tee sheet bounds/cancel and readonly geometry. course-editor-browser-tabs.log PASS21.9s owner and foreign-reference accounts, both surfaces x6sizes. Actual single-hole save preserves other hole/tee; manual creation opens exact course and tee.","All five editor sections available at390x844,360x800,1023/1024px; complete controls/draft retention and readonly gates checked. 390 screenshot inspected; table scroll scoped and hole disclosure fields reachable. Source-warning UI implemented; browser warning failure fixture outstanding.",Selecting/dragging the map cannot accidentally save another hole's geometry.,"Full map pointer/drag/tile-error/AT, save rejection/retry, source-enrichment warning and physical-keyboard/theme/zoom matrix outstanding. Fixed companion bars overlap geometry table/tee-latitude region in full-page capture; focus visibility remains shared defect. Tee-switch draft warning shown; automatic preservation across tee GET navigation not claimed."
P49-C03,/courses/[courseId]/holes,Tee-set editor,P2,https://www.untitledui.com/react/components/inputs; https://www.untitledui.com/react/components/select; https://www.untitledui.com/react/components/textarea; https://www.untitledui.com/react/components/buttons,src/app/(app)/courses/[courseId]/holes/page.tsx; src/app/courses/[courseId]/holes/course-tee-editor-sheet.tsx,Implemented; partial verification,Implemented; partial verification,"Retained controlled tabs; active tee query and per-tee counts; map per-hole drafts/reset, direct coordinate forms, tee sheet bounds/cancel and readonly geometry. course-editor-browser-tabs.log PASS21.9s owner and foreign-reference accounts, both surfaces x6sizes. Actual single-hole save preserves other hole/tee; manual creation opens exact course and tee.","All five editor sections available at390x844,360x800,1023/1024px; complete controls/draft retention and readonly gates checked. 390 screenshot inspected; table scroll scoped and hole disclosure fields reachable. Source-warning UI implemented; browser warning failure fixture outstanding.",Changing tee context preserves the correct hole mappings and calculation metadata.,"Full map pointer/drag/tile-error/AT, save rejection/retry, source-enrichment warning and physical-keyboard/theme/zoom matrix outstanding. Fixed companion bars overlap geometry table/tee-latitude region in full-page capture; focus visibility remains shared defect. Tee-switch draft warning shown; automatic preservation across tee GET navigation not claimed."
P49-C04,/courses/[courseId]/holes,Hole geometry form and register,P2,https://www.untitledui.com/react/components/tables; https://www.untitledui.com/react/components/paginations,src/app/(app)/courses/[courseId]/holes/page.tsx,Implemented; partial verification,Implemented; partial verification,"Retained controlled tabs; active tee query and per-tee counts; map per-hole drafts/reset, direct coordinate forms, tee sheet bounds/cancel and readonly geometry. course-editor-browser-tabs.log PASS21.9s owner and foreign-reference accounts, both surfaces x6sizes. Actual single-hole save preserves other hole/tee; manual creation opens exact course and tee.","All five editor sections available at390x844,360x800,1023/1024px; complete controls/draft retention and readonly gates checked. 390 screenshot inspected; table scroll scoped and hole disclosure fields reachable. Source-warning UI implemented; browser warning failure fixture outstanding.",Saved coordinate order and units remain compatible with existing maps.,"Full map pointer/drag/tile-error/AT, save rejection/retry, source-enrichment warning and physical-keyboard/theme/zoom matrix outstanding. Fixed companion bars overlap geometry table/tee-latitude region in full-page capture; focus visibility remains shared defect. Tee-switch draft warning shown; automatic preservation across tee GET navigation not claimed."
P49-C05,/courses/[courseId]/holes,Imported course context and geometry status,P2,https://www.untitledui.com/react/components/alerts; https://www.untitledui.com/react/components/notifications,src/app/(app)/courses/[courseId]/holes/page.tsx; src/app/courses/[courseId]/holes/google-course-context-panel.tsx,Implemented; partial verification,Implemented; partial verification,"Retained controlled tabs; active tee query and per-tee counts; map per-hole drafts/reset, direct coordinate forms, tee sheet bounds/cancel and readonly geometry. course-editor-browser-tabs.log PASS21.9s owner and foreign-reference accounts, both surfaces x6sizes. Actual single-hole save preserves other hole/tee; manual creation opens exact course and tee.","All five editor sections available at390x844,360x800,1023/1024px; complete controls/draft retention and readonly gates checked. 390 screenshot inspected; table scroll scoped and hole disclosure fields reachable. Source-warning UI implemented; browser warning failure fixture outstanding.",An incomplete import cannot appear fully mapped merely because the request succeeded.,"Full map pointer/drag/tile-error/AT, save rejection/retry, source-enrichment warning and physical-keyboard/theme/zoom matrix outstanding. Fixed companion bars overlap geometry table/tee-latitude region in full-page capture; focus visibility remains shared defect. Tee-switch draft warning shown; automatic preservation across tee GET navigation not claimed."
P49-C06,/courses/[courseId]/holes,Read-only geometry preview,P2,https://www.untitledui.com/react/components/section-headers; https://www.untitledui.com/react/components/select; https://www.untitledui.com/react/components/tooltips,src/app/(app)/courses/[courseId]/holes/page.tsx,Implemented; partial verification,Implemented; partial verification,"Retained controlled tabs; active tee query and per-tee counts; map per-hole drafts/reset, direct coordinate forms, tee sheet bounds/cancel and readonly geometry. course-editor-browser-tabs.log PASS21.9s owner and foreign-reference accounts, both surfaces x6sizes. Actual single-hole save preserves other hole/tee; manual creation opens exact course and tee.","All five editor sections available at390x844,360x800,1023/1024px; complete controls/draft retention and readonly gates checked. 390 screenshot inspected; table scroll scoped and hole disclosure fields reachable. Source-warning UI implemented; browser warning failure fixture outstanding.",No edit affordance is enabled for read-only accounts.,"Full map pointer/drag/tile-error/AT, save rejection/retry, source-enrichment warning and physical-keyboard/theme/zoom matrix outstanding. Fixed companion bars overlap geometry table/tee-latitude region in full-page capture; focus visibility remains shared defect. Tee-switch draft warning shown; automatic preservation across tee GET navigation not claimed."
P49-C07,/courses/[courseId]/holes,Records and linked rounds,P2,https://www.untitledui.com/react/components/section-headers; https://www.untitledui.com/react/components/badges; https://www.untitledui.com/react/components/buttons,src/app/(app)/courses/[courseId]/holes/page.tsx; src/components/ui/tabs.tsx; src/components/premium.tsx,Implemented; partial verification,Implemented; partial verification,"Retained controlled tabs; active tee query and per-tee counts; map per-hole drafts/reset, direct coordinate forms, tee sheet bounds/cancel and readonly geometry. course-editor-browser-tabs.log PASS21.9s owner and foreign-reference accounts, both surfaces x6sizes. Actual single-hole save preserves other hole/tee; manual creation opens exact course and tee.","All five editor sections available at390x844,360x800,1023/1024px; complete controls/draft retention and readonly gates checked. 390 screenshot inspected; table scroll scoped and hole disclosure fields reachable. Source-warning UI implemented; browser warning failure fixture outstanding.",Each destination retains course identity and existing access rules.,"Full map pointer/drag/tile-error/AT, save rejection/retry, source-enrichment warning and physical-keyboard/theme/zoom matrix outstanding. Fixed companion bars overlap geometry table/tee-latitude region in full-page capture; focus visibility remains shared defect. Tee-switch draft warning shown; automatic preservation across tee GET navigation not claimed."
P50-C01,/courses/[courseId]/shot-pattern,Hole and club setup,P2,https://www.untitledui.com/react/components/filter-bars; https://www.untitledui.com/react/components/drawers; https://www.untitledui.com/react/components/date-pickers,src/app/(app)/courses/[courseId]/shot-pattern/page.tsx,Implemented; partial verification,Implemented; partial verification,"Map/coordinates/math preserved; setup Apply/Reset/cancel snapshot, search, current-request-only projection, explicit retry/unknown target, measured sample/assumption labels, full evidence. shot-pattern-browser-clearance.log PASS34.0s both surfaces x6sizes;13projection/target/signaturetestsPASS203ms.","Full companion route; map no longer clips summary/data fallback, setup reachable under narrow workbench, complete hole/club disclosure rows. Actual fixed-nav interception reproduced then page bottom clearance fixed; final click matrix passes.390 screenshot inspected. Synthetic raw shot evidence unchanged.",Changing hole or club updates the same underlying projection scope.,"Full API failure/retry/delayed-response and map tile/render-failure matrices, touch/drag/AT/zoom/themes outstanding. Other shared sticky-header/bar overlays remain visible in full-page capture; this evidence-control interception fixed only. Positive sufficient-shot fixture and exhaustive advanced-setting acceptance remain open."
P50-C02,/courses/[courseId]/shot-pattern,Measured dispersion over the hole,P2,https://www.untitledui.com/react/components/section-headers; https://www.untitledui.com/react/components/select; https://www.untitledui.com/react/components/tooltips,src/app/(app)/courses/[courseId]/shot-pattern/page.tsx; src/components/maps/shot-pattern-map.tsx,Implemented; partial verification,Implemented; partial verification,"Map/coordinates/math preserved; setup Apply/Reset/cancel snapshot, search, current-request-only projection, explicit retry/unknown target, measured sample/assumption labels, full evidence. shot-pattern-browser-clearance.log PASS34.0s both surfaces x6sizes;13projection/target/signaturetestsPASS203ms.","Full companion route; map no longer clips summary/data fallback, setup reachable under narrow workbench, complete hole/club disclosure rows. Actual fixed-nav interception reproduced then page bottom clearance fixed; final click matrix passes.390 screenshot inspected. Synthetic raw shot evidence unchanged.",Projection does not claim an actual tracked shot or guaranteed landing.,"Full API failure/retry/delayed-response and map tile/render-failure matrices, touch/drag/AT/zoom/themes outstanding. Other shared sticky-header/bar overlays remain visible in full-page capture; this evidence-control interception fixed only. Positive sufficient-shot fixture and exhaustive advanced-setting acceptance remain open."
P50-C03,/courses/[courseId]/shot-pattern,Hole and club evidence tables,P2,https://www.untitledui.com/react/components/tables; https://www.untitledui.com/react/components/paginations,src/app/(app)/courses/[courseId]/shot-pattern/page.tsx,Implemented; partial verification,Implemented; partial verification,"Map/coordinates/math preserved; setup Apply/Reset/cancel snapshot, search, current-request-only projection, explicit retry/unknown target, measured sample/assumption labels, full evidence. shot-pattern-browser-clearance.log PASS34.0s both surfaces x6sizes;13projection/target/signaturetestsPASS203ms.","Full companion route; map no longer clips summary/data fallback, setup reachable under narrow workbench, complete hole/club disclosure rows. Actual fixed-nav interception reproduced then page bottom clearance fixed; final click matrix passes.390 screenshot inspected. Synthetic raw shot evidence unchanged.",Missing geometry or insufficient shots produce a repair state instead of a fabricated pattern.,"Full API failure/retry/delayed-response and map tile/render-failure matrices, touch/drag/AT/zoom/themes outstanding. Other shared sticky-header/bar overlays remain visible in full-page capture; this evidence-control interception fixed only. Positive sufficient-shot fixture and exhaustive advanced-setting acceptance remain open."
P50-C04,/courses/[courseId]/shot-pattern,Missing geometry and loading states,P2,https://www.untitledui.com/react/components/empty-states; https://www.untitledui.com/react/components/loading-indicators; https://www.untitledui.com/react/components/alerts,src/app/(app)/courses/[courseId]/shot-pattern/page.tsx,Implemented; partial verification,Implemented; partial verification,"Map/coordinates/math preserved; setup Apply/Reset/cancel snapshot, search, current-request-only projection, explicit retry/unknown target, measured sample/assumption labels, full evidence. shot-pattern-browser-clearance.log PASS34.0s both surfaces x6sizes;13projection/target/signaturetestsPASS203ms.","Full companion route; map no longer clips summary/data fallback, setup reachable under narrow workbench, complete hole/club disclosure rows. Actual fixed-nav interception reproduced then page bottom clearance fixed; final click matrix passes.390 screenshot inspected. Synthetic raw shot evidence unchanged.",No endless spinner or blank map is accepted as complete.,"Full API failure/retry/delayed-response and map tile/render-failure matrices, touch/drag/AT/zoom/themes outstanding. Other shared sticky-header/bar overlays remain visible in full-page capture; this evidence-control interception fixed only. Positive sufficient-shot fixture and exhaustive advanced-setting acceptance remain open."
P51-C01,/courses/strategy,Pre/post-round mode and setup,P2,https://www.untitledui.com/react/components/filter-bars; https://www.untitledui.com/react/components/drawers; https://www.untitledui.com/react/components/date-pickers,src/app/(app)/courses/strategy/page.tsx; src/app/play/play-selection-controls.tsx; src/app/play/play-setup-drawer.tsx,Implemented; partial verification,Implemented; partial verification,"Course Strategy pre/post context, searchable setup Apply/Reset, measured evidence and saved reflections. course-strategy-browser-scorecard.log PASS18.4s: both surfaces at1440x900,1280x800,390x844,360x800,1023x800,1024x800; real isolated reflection saves and unchanged measured shots/raw scorecard. 11 postround/roundlearning tests PASS184ms. Screenshot390 inspected.","Course Strategy pre/post context, searchable setup Apply/Reset, measured evidence and saved reflections. course-strategy-browser-scorecard.log PASS18.4s: both surfaces at1440x900,1280x800,390x844,360x800,1023x800,1024x800; real isolated reflection saves and unchanged measured shots/raw scorecard. 11 postround/roundlearning tests PASS184ms. Screenshot390 inspected.",Mode changes preserve compatible context and do not mutate completed rounds.,"Full trusted-bag hole navigation, save failure/permission recovery, physical keyboard, screen reader, zoom/theme and shared fixed-bar overlap acceptance outstanding. UI implementation is not full acceptance."
P51-C02,/courses/strategy,Hole strategy and club choice,P2,https://www.untitledui.com/react/components/section-headers; https://www.untitledui.com/react/components/select; https://www.untitledui.com/react/components/tooltips,src/app/(app)/courses/strategy/page.tsx; src/app/courses/strategy/digital-caddie-book.tsx; src/app/courses/strategy/hole-strategy-visual.tsx,Implemented; partial verification,Implemented; partial verification,"Course Strategy pre/post context, searchable setup Apply/Reset, measured evidence and saved reflections. course-strategy-browser-scorecard.log PASS18.4s: both surfaces at1440x900,1280x800,390x844,360x800,1023x800,1024x800; real isolated reflection saves and unchanged measured shots/raw scorecard. 11 postround/roundlearning tests PASS184ms. Screenshot390 inspected.","Course Strategy pre/post context, searchable setup Apply/Reset, measured evidence and saved reflections. course-strategy-browser-scorecard.log PASS18.4s: both surfaces at1440x900,1280x800,390x844,360x800,1023x800,1024x800; real isolated reflection saves and unchanged measured shots/raw scorecard. 11 postround/roundlearning tests PASS184ms. Screenshot390 inspected.",Recommendations use trusted bag values and actual geometry; assumptions are visible.,"Full trusted-bag hole navigation, save failure/permission recovery, physical keyboard, screen reader, zoom/theme and shared fixed-bar overlap acceptance outstanding. UI implementation is not full acceptance."
P51-C03,/courses/strategy,Conditions and readiness brief,P2,https://www.untitledui.com/react/components/section-headers; https://www.untitledui.com/react/components/badges; https://www.untitledui.com/react/components/buttons,src/app/(app)/courses/strategy/page.tsx,Implemented; partial verification,Implemented; partial verification,"Course Strategy pre/post context, searchable setup Apply/Reset, measured evidence and saved reflections. course-strategy-browser-scorecard.log PASS18.4s: both surfaces at1440x900,1280x800,390x844,360x800,1023x800,1024x800; real isolated reflection saves and unchanged measured shots/raw scorecard. 11 postround/roundlearning tests PASS184ms. Screenshot390 inspected.","Course Strategy pre/post context, searchable setup Apply/Reset, measured evidence and saved reflections. course-strategy-browser-scorecard.log PASS18.4s: both surfaces at1440x900,1280x800,390x844,360x800,1023x800,1024x800; real isolated reflection saves and unchanged measured shots/raw scorecard. 11 postround/roundlearning tests PASS184ms. Screenshot390 inspected.",Unknown weather/conditions are not shown as recorded facts.,"Full trusted-bag hole navigation, save failure/permission recovery, physical keyboard, screen reader, zoom/theme and shared fixed-bar overlap acceptance outstanding. UI implementation is not full acceptance."
P51-C04,/courses/strategy,Post-round reflection form,P2,https://www.untitledui.com/react/components/inputs; https://www.untitledui.com/react/components/select; https://www.untitledui.com/react/components/textarea; https://www.untitledui.com/react/components/buttons,src/app/(app)/courses/strategy/page.tsx,Implemented; partial verification,Implemented; partial verification,"Course Strategy pre/post context, searchable setup Apply/Reset, measured evidence and saved reflections. course-strategy-browser-scorecard.log PASS18.4s: both surfaces at1440x900,1280x800,390x844,360x800,1023x800,1024x800; real isolated reflection saves and unchanged measured shots/raw scorecard. 11 postround/roundlearning tests PASS184ms. Screenshot390 inspected.","Course Strategy pre/post context, searchable setup Apply/Reset, measured evidence and saved reflections. course-strategy-browser-scorecard.log PASS18.4s: both surfaces at1440x900,1280x800,390x844,360x800,1023x800,1024x800; real isolated reflection saves and unchanged measured shots/raw scorecard. 11 postround/roundlearning tests PASS184ms. Screenshot390 inspected.",A subjective reflection never overwrites measured shot evidence.,"Full trusted-bag hole navigation, save failure/permission recovery, physical keyboard, screen reader, zoom/theme and shared fixed-bar overlap acceptance outstanding. UI implementation is not full acceptance."
P51-C05,/courses/strategy,Post-round results and next decision,P2,https://www.untitledui.com/react/components/tables; https://www.untitledui.com/react/components/paginations,src/app/(app)/courses/strategy/page.tsx,Implemented; partial verification,Implemented; partial verification,"Course Strategy pre/post context, searchable setup Apply/Reset, measured evidence and saved reflections. course-strategy-browser-scorecard.log PASS18.4s: both surfaces at1440x900,1280x800,390x844,360x800,1023x800,1024x800; real isolated reflection saves and unchanged measured shots/raw scorecard. 11 postround/roundlearning tests PASS184ms. Screenshot390 inspected.","Course Strategy pre/post context, searchable setup Apply/Reset, measured evidence and saved reflections. course-strategy-browser-scorecard.log PASS18.4s: both surfaces at1440x900,1280x800,390x844,360x800,1023x800,1024x800; real isolated reflection saves and unchanged measured shots/raw scorecard. 11 postround/roundlearning tests PASS184ms. Screenshot390 inspected.",Results remain scoped to the selected completed round.,"Full trusted-bag hole navigation, save failure/permission recovery, physical keyboard, screen reader, zoom/theme and shared fixed-bar overlap acceptance outstanding. UI implementation is not full acceptance."
P52-C01,/course-twins,Course catalogue and quality labels,P2,https://www.untitledui.com/react/components/section-headers; https://www.untitledui.com/react/components/badges; https://www.untitledui.com/react/components/buttons,src/app/(app)/course-twins/page.tsx; src/app/course-twins/course-twin-catalogue.tsx,Implemented; partial verification,Implemented; partial verification,"Complete shared catalogue on both surfaces: real supplied previews, readable full quality warnings, all present grades, exact runtime and mapped-hole fallback links. course-twins-browser.log PASS3.5s isolated fixture both surfaces x6required sizes, image404 fallback, long text, grade/search/reset and no horizontal overflow.390 screenshot inspected; tsc/scoped lint pass.","Complete shared catalogue on both surfaces: real supplied previews, readable full quality warnings, all present grades, exact runtime and mapped-hole fallback links. course-twins-browser.log PASS3.5s isolated fixture both surfaces x6required sizes, image404 fallback, long text, grade/search/reset and no horizontal overflow.390 screenshot inspected; tsc/scoped lint pass.",Grade B and other quality descriptions preserve existing meaning.,"Actual authenticated shell and positive 3D runtime, permission/service-error retry and loading boundary browser checks, physical keyboard/AT/zoom/theme remain outstanding. Fixture uses synthetic preview and lacks production font loading. Paid templates unavailable; local accessible cards/disclosures use existing adapters. No full acceptance claim."
P52-C02,/course-twins,Twin launch and unsupported state,P2,https://www.untitledui.com/react/components/empty-states; https://www.untitledui.com/react/components/loading-indicators; https://www.untitledui.com/react/components/alerts,src/app/(app)/course-twins/page.tsx; src/app/course-twins/course-twin-catalogue.tsx,Implemented; partial verification,Implemented; partial verification,"Complete shared catalogue on both surfaces: real supplied previews, readable full quality warnings, all present grades, exact runtime and mapped-hole fallback links. course-twins-browser.log PASS3.5s isolated fixture both surfaces x6required sizes, image404 fallback, long text, grade/search/reset and no horizontal overflow.390 screenshot inspected; tsc/scoped lint pass.","Complete shared catalogue on both surfaces: real supplied previews, readable full quality warnings, all present grades, exact runtime and mapped-hole fallback links. course-twins-browser.log PASS3.5s isolated fixture both surfaces x6required sizes, image404 fallback, long text, grade/search/reset and no horizontal overflow.390 screenshot inspected; tsc/scoped lint pass.",No inaccessible blank canvas or false ready state.,"Actual authenticated shell and positive 3D runtime, permission/service-error retry and loading boundary browser checks, physical keyboard/AT/zoom/theme remain outstanding. Fixture uses synthetic preview and lacks production font loading. Paid templates unavailable; local accessible cards/disclosures use existing adapters. No full acceptance claim."
P53-C01,/play,Course and tee selection,P2,https://www.untitledui.com/react/components/inputs; https://www.untitledui.com/react/components/select; https://www.untitledui.com/react/components/textarea; https://www.untitledui.com/react/components/buttons,src/app/(app)/play/page.tsx; src/app/play/play-selection-controls.tsx; src/app/play/lazy-play-setup-drawer.tsx,Not started,Not started,,,"Selected course/tee carries through to strategy, twin and round creation.",
P53-C02,/play,Selected-course brief and preview,P2,https://www.untitledui.com/react/components/section-headers; https://www.untitledui.com/react/components/select; https://www.untitledui.com/react/components/tooltips,src/app/(app)/play/page.tsx; src/app/play/mobile-course-preview.tsx,Not started,Not started,,,Unknown or unmapped course data stays clearly labelled.,
P53-C03,/play,Readiness checklist,P2,https://www.untitledui.com/react/components/progress-steps; https://www.untitledui.com/react/components/progress-indicators,src/app/(app)/play/page.tsx,Not started,Not started,,,Readiness state reflects actual prerequisites.,
P53-C04,/play,"Opening plan, long holes and trusted clubs",P2,https://www.untitledui.com/react/components/section-headers; https://www.untitledui.com/react/components/badges; https://www.untitledui.com/react/components/buttons,src/app/(app)/play/page.tsx,Not started,Not started,,,Recommendations use the selected course and trusted measurements.,
P53-C05,/play,Current round and resume action,P2,https://www.untitledui.com/react/components/page-headers; https://www.untitledui.com/react/components/section-headers,src/app/(app)/play/page.tsx,Not started,Not started,,,Opening Play does not replace or duplicate an active round.,
P54-C01,/play/[courseId],3D canvas and accessible fallback,P2,https://www.untitledui.com/react/components/section-headers; https://www.untitledui.com/react/components/select; https://www.untitledui.com/react/components/tooltips,src/app/(app)/play/[courseId]/page.tsx; src/app/play/[courseId]/course-twin-runtime.tsx; src/app/play/[courseId]/course-twin-scene.tsx,Not started,Not started,,,"WebGL failure, reduced motion and paused rendering still expose an accessible hole plan.",
P54-C02,/play/[courseId],"Course, hole, camera and layer controls",P2,https://www.untitledui.com/react/components/filter-bars; https://www.untitledui.com/react/components/drawers; https://www.untitledui.com/react/components/date-pickers,src/app/(app)/play/[courseId]/page.tsx; src/app/play/[courseId]/course-twin-scene.tsx; src/app/play/[courseId]/course-twin-runtime.tsx,Not started,Not started,,,Controls preserve runtime state and never alter the underlying course data unintentionally.,
P54-C03,/play/[courseId],Hole plan and measured-shot evidence,P2,https://www.untitledui.com/react/components/drawers; https://www.untitledui.com/react/components/section-footers,src/app/(app)/play/[courseId]/page.tsx; src/app/play/[courseId]/course-twin-mobile-plan.tsx; src/app/play/[courseId]/course-twin-mobile-overhead.tsx,Not started,Not started,,,"Estimated strategy, real replay and virtual play remain clearly distinguished.",
P54-C04,/play/[courseId],Runtime status and communication feedback,P2,https://www.untitledui.com/react/components/alerts; https://www.untitledui.com/react/components/notifications,src/app/(app)/play/[courseId]/page.tsx; src/app/play/[courseId]/course-twin-comms.tsx,Not started,Not started,,,A failed operation cannot appear as a saved virtual-round state.,
P55-C01,/course-records,Record-board title and proof context,P2,https://www.untitledui.com/react/components/page-headers; https://www.untitledui.com/react/components/section-headers,src/app/(app)/course-records/page.tsx; src/components/features/feature-panels.tsx,Not started,Not started,,,"Users can tell which course, category and period a record covers.",
P55-C02,/course-records,Course record board,P2,https://www.untitledui.com/react/components/tables; https://www.untitledui.com/react/components/paginations,src/app/(app)/course-records/page.tsx,Not started,Not started,,,Scores and proof labels use canonical verified record data.,
P55-C03,/course-records,Proof requirements and next action,P2,https://www.untitledui.com/react/components/section-headers; https://www.untitledui.com/react/components/badges; https://www.untitledui.com/react/components/buttons,src/app/(app)/course-records/page.tsx; src/components/product-polish.tsx,Not started,Not started,,,Requirements are accurate to current app rules and not invented by the redesign.,
P56-C01,/courses/[courseId]/records,Course-specific record table,P2,https://www.untitledui.com/react/components/tables; https://www.untitledui.com/react/components/paginations,src/app/(app)/courses/[courseId]/records/page.tsx,Not started,Not started,,,Records are restricted to the selected course.,
P56-C02,/courses/[courseId]/records,Record scopes and period navigation,P2,https://www.untitledui.com/react/components/tabs,src/app/(app)/courses/[courseId]/records/page.tsx,Not started,Not started,,,Back/Forward and shared links reproduce the selected board.,
P56-C03,/courses/[courseId]/records,Category summary and submit actions,P2,https://www.untitledui.com/react/components/section-headers; https://www.untitledui.com/react/components/badges; https://www.untitledui.com/react/components/buttons,src/app/(app)/courses/[courseId]/records/page.tsx; src/components/premium.tsx,Not started,Not started,,,Submit opens the correct category ID with eligibility intact.,
P57-C01,/course-records/[recordId],"Record identity, champion and personal best",P2,https://www.untitledui.com/react/components/page-headers; https://www.untitledui.com/react/components/section-headers,src/app/(app)/course-records/[recordId]/page.tsx; src/components/premium.tsx; src/components/ui/card.tsx,Not started,Not started,,,Gross/net/other categories and proof status are never conflated.,
P57-C02,/course-records/[recordId],Select saved round and submit attempt,P2,https://www.untitledui.com/react/components/inputs; https://www.untitledui.com/react/components/select; https://www.untitledui.com/react/components/textarea; https://www.untitledui.com/react/components/buttons,src/app/(app)/course-records/[recordId]/page.tsx; src/components/ui/select.tsx; src/app/course-records/[recordId]/record-submit-button.tsx,Not started,Not started,,,The submitted result derives from the chosen eligible saved round and targets the correct category.,
P57-C03,/course-records/[recordId],Scorecard proof review,P2,https://www.untitledui.com/react/components/file-uploaders,src/app/(app)/course-records/[recordId]/page.tsx; src/components/scorecard-proof-uploader.tsx,Not started,Not started,,,Proof links to the intended attempt and is not labelled verified before verification.,
P57-C04,/course-records/[recordId],Verified board and attempt history,P2,https://www.untitledui.com/react/components/tables; https://www.untitledui.com/react/components/paginations,src/app/(app)/course-records/[recordId]/page.tsx,Not started,Not started,,,Pending attempts do not appear as verified champions.,
P57-C05,/course-records/[recordId],"Submitted, failed and ineligible feedback",P2,https://www.untitledui.com/react/components/alerts; https://www.untitledui.com/react/components/notifications,src/app/(app)/course-records/[recordId]/page.tsx,Not started,Not started,,,Repeated clicks do not create unintended duplicate attempts.,
P58-C01,/challenges,"Active, available and completed views",P2,https://www.untitledui.com/react/components/tabs,src/app/(app)/challenges/page.tsx,Not started,Not started,,,A completed challenge cannot remain presented as currently active after status updates.,
P58-C02,/challenges,Current challenge progress,P2,https://www.untitledui.com/react/components/section-headers; https://www.untitledui.com/react/components/badges; https://www.untitledui.com/react/components/buttons,src/app/(app)/challenges/page.tsx,Not started,Not started,,,"Completion/progress derives from qualifying imports, not simply participation.",
P58-C03,/challenges,Available challenge directory,P2,https://www.untitledui.com/react/components/section-headers; https://www.untitledui.com/react/components/badges; https://www.untitledui.com/react/components/buttons,src/app/(app)/challenges/page.tsx,Not started,Not started,,,Ineligible or closed challenges have meaningful disabled explanations.,
P58-C04,/challenges,Completed challenge history,P2,https://www.untitledui.com/react/components/section-headers; https://www.untitledui.com/react/components/badges; https://www.untitledui.com/react/components/buttons,src/app/(app)/challenges/page.tsx,Not started,Not started,,,Final results are not mixed with live provisional standings.,
P58-C05,/challenges,Create challenge form,P2,https://www.untitledui.com/react/components/inputs; https://www.untitledui.com/react/components/select; https://www.untitledui.com/react/components/textarea; https://www.untitledui.com/react/components/buttons,src/app/(app)/challenges/page.tsx,Not started,Not started,,,Privacy and scoring choices persist exactly and no invitations are sent merely by opening the form.,
P58-C06,/challenges,Challenge rules sheet,P2,https://www.untitledui.com/react/components/drawers; https://www.untitledui.com/react/components/section-footers,src/app/(app)/challenges/page.tsx,Not started,Not started,,,Displayed rules match the challenge's actual calculation and eligibility.,
P59-C01,/challenges/[challengeId],Challenge identity and section navigation,P2,https://www.untitledui.com/react/components/page-headers; https://www.untitledui.com/react/components/section-headers,src/app/(app)/challenges/[challengeId]/page.tsx; src/components/premium.tsx,Not started,Not started,,,No section is omitted from the companion experience.,
P59-C02,/challenges/[challengeId],Podium and standings,P2,https://www.untitledui.com/react/components/tables; https://www.untitledui.com/react/components/paginations,src/app/(app)/challenges/[challengeId]/page.tsx,Not started,Not started,,,Low-wins/high-wins rules and ties match the existing scoring logic.,
P59-C03,/challenges/[challengeId],Your imported result and command board,P2,https://www.untitledui.com/react/components/metrics; https://www.untitledui.com/react/components/tooltips,src/app/(app)/challenges/[challengeId]/page.tsx; src/components/ui/card.tsx,Not started,Not started,,,Imported result and leaderboard values reconcile.,
P59-C04,/challenges/[challengeId],Join and leave challenge,P2,https://www.untitledui.com/react/components/modals; https://www.untitledui.com/react/components/buttons,src/app/(app)/challenges/[challengeId]/page.tsx; src/app/challenges/challenge-join-dialog.tsx; src/app/challenges/challenge-leave-dialog.tsx,Not started,Not started,,,Cancelling is inert and submitted actions are scoped to this challenge.,
P59-C05,/challenges/[challengeId],Invite friends,P2,https://www.untitledui.com/react/components/inputs; https://www.untitledui.com/react/components/select; https://www.untitledui.com/react/components/textarea; https://www.untitledui.com/react/components/buttons,src/app/(app)/challenges/[challengeId]/page.tsx,Not started,Not started,,,Invitation controls preserve existing permissions and never grant account-data access.,
P59-C06,/challenges/[challengeId],Attempt and verification ledger,P2,https://www.untitledui.com/react/components/tables; https://www.untitledui.com/react/components/paginations,src/app/(app)/challenges/[challengeId]/page.tsx,Not started,Not started,,,Nonqualifying attempts are explained and not silently ranked.,
P59-C07,/challenges/[challengeId],Challenge chat and comments,P2,https://www.untitledui.com/react/components/messaging; https://www.untitledui.com/react/components/drawers,src/app/(app)/challenges/[challengeId]/page.tsx; src/components/ui/input.tsx; src/components/ui/button.tsx,Not started,Not started,,,Sending is explicit; pending/failed comments do not appear permanently delivered without confirmation.,
P60-C01,/tournaments,Event status tabs and course scope,P2,https://www.untitledui.com/react/components/tabs,src/app/(app)/tournaments/page.tsx,Not started,Not started,,,The course-tournaments alias opens the correctly filtered event list.,
P60-C02,/tournaments,Tournament directory,P2,https://www.untitledui.com/react/components/tables; https://www.untitledui.com/react/components/paginations,src/app/(app)/tournaments/page.tsx,Not started,Not started,,,Closed/completed events do not present active entry actions.,
P60-C03,/tournaments,Event summaries and empty views,P2,https://www.untitledui.com/react/components/metrics; https://www.untitledui.com/react/components/tooltips,src/app/(app)/tournaments/page.tsx,Not started,Not started,,,Counts agree with the selected event filter.,
P61-C01,/tournaments/[tournamentId],Event identity and primary action,P2,https://www.untitledui.com/react/components/page-headers; https://www.untitledui.com/react/components/section-headers,src/app/(app)/tournaments/[tournamentId]/page.tsx,Not started,Not started,,,"Not entered, entered, submitted and completed states have distinct correct actions.",
P61-C02,/tournaments/[tournamentId],Round submission progress,P2,https://www.untitledui.com/react/components/progress-steps; https://www.untitledui.com/react/components/progress-indicators,src/app/(app)/tournaments/[tournamentId]/page.tsx; src/components/app/operation-stepper.tsx,Not started,Not started,,,Zero submitted of one renders 0% completion; active-step styling is independent of percentage.,
P61-C03,/tournaments/[tournamentId],Tournament entry form,P2,https://www.untitledui.com/react/components/inputs; https://www.untitledui.com/react/components/select; https://www.untitledui.com/react/components/textarea; https://www.untitledui.com/react/components/buttons,src/app/(app)/tournaments/[tournamentId]/page.tsx; src/components/tournament-entry-modal.tsx,Not started,Not started,,,Entry only occurs on explicit submission and preserves current eligibility rules.,
P61-C04,/tournaments/[tournamentId],Rules and event conditions,P2,https://www.untitledui.com/react/components/drawers; https://www.untitledui.com/react/components/section-footers,src/app/(app)/tournaments/[tournamentId]/page.tsx,Not started,Not started,,,The /rules alias opens rules rather than just the event overview.,
P61-C05,/tournaments/[tournamentId],Submit tournament round,P2,https://www.untitledui.com/react/components/inputs; https://www.untitledui.com/react/components/select; https://www.untitledui.com/react/components/textarea; https://www.untitledui.com/react/components/buttons,src/app/(app)/tournaments/[tournamentId]/page.tsx,Not started,Not started,,,The /submit and /rounds aliases open the intended submission state; no duplicate round submission.,
P61-C06,/tournaments/[tournamentId],Tournament scorecard proof,P2,https://www.untitledui.com/react/components/file-uploaders,src/app/(app)/tournaments/[tournamentId]/page.tsx; src/components/scorecard-proof-uploader.tsx,Not started,Not started,,,Proof remains tied to the correct tournament round and is not prematurely marked verified.,
P61-C07,/tournaments/[tournamentId],Event standings,P2,https://www.untitledui.com/react/components/tables; https://www.untitledui.com/react/components/paginations,src/app/(app)/tournaments/[tournamentId]/page.tsx; src/components/mobile-sports.tsx,Not started,Not started,,,The /leaderboard alias opens tab=board and rankings reflect actual completed submissions.,
P61-C08,/tournaments/[tournamentId],Withdraw from tournament,P2,https://www.untitledui.com/react/components/modals; https://www.untitledui.com/react/components/buttons,src/app/(app)/tournaments/[tournamentId]/page.tsx; src/app/tournaments/tournament-withdraw-dialog.tsx,Not started,Not started,,,Cancellation does nothing and a failed withdrawal leaves the previous state visible.,
P62-C01,/leaderboard,"Result, scope and period controls",P2,https://www.untitledui.com/react/components/filter-bars; https://www.untitledui.com/react/components/drawers; https://www.untitledui.com/react/components/date-pickers,src/app/(app)/leaderboard/page.tsx; src/app/leaderboard/leaderboard-controls.tsx,Not started,Not started,,,Copied URLs reproduce the same authorised standings.,
P62-C02,/leaderboard,Player ranking board,P2,https://www.untitledui.com/react/components/tables; https://www.untitledui.com/react/components/paginations,src/app/(app)/leaderboard/page.tsx; src/app/leaderboard/mobile-leaderboard.tsx,Not started,Not started,,,No artificial up/down movement is shown without historical ranking evidence.,
P62-C03,/leaderboard,Challenge boards,P2,https://www.untitledui.com/react/components/tables; https://www.untitledui.com/react/components/paginations,src/app/(app)/leaderboard/page.tsx,Not started,Not started,,,Different challenge units/scoring directions remain explicit.,
P62-C04,/leaderboard,Course champion boards,P2,https://www.untitledui.com/react/components/tables; https://www.untitledui.com/react/components/paginations,src/app/(app)/leaderboard/page.tsx,Not started,Not started,,,Unverified attempts do not become course champions in presentation.,
P62-C05,/leaderboard,Tournament leader boards,P2,https://www.untitledui.com/react/components/tables; https://www.untitledui.com/react/components/paginations,src/app/(app)/leaderboard/page.tsx,Not started,Not started,,,Partial participation is not labelled a completed tournament result.,
P63-C01,/achievements,"Level, XP and next unlock summary",P2,https://www.untitledui.com/react/components/metrics; https://www.untitledui.com/react/components/tooltips,src/app/(app)/achievements/page.tsx; src/app/achievements/achievements-client.tsx,Not started,Not started,,,Large counts such as four-digit numerators render without clipping at every required width.,
P63-C02,/achievements,Trophy cabinet and latest achievements,P2,https://www.untitledui.com/react/components/section-headers; https://www.untitledui.com/react/components/badges; https://www.untitledui.com/react/components/buttons,src/app/(app)/achievements/page.tsx; src/app/achievements/achievements-client.tsx; src/components/visuals/achievement-artwork.tsx,Not started,Not started,,,Artwork meaning is available as text and locked/unlocked states do not rely on colour alone.,
P63-C03,/achievements,Achievement catalogue and filters,P2,https://www.untitledui.com/react/components/filter-bars; https://www.untitledui.com/react/components/drawers; https://www.untitledui.com/react/components/date-pickers,src/app/(app)/achievements/page.tsx; src/app/achievements/achievements-client.tsx,Not started,Not started,,,Filtering does not change actual earned XP or unlock state.,
P63-C04,/achievements,Unlock evidence ledger,P2,https://www.untitledui.com/react/components/tables; https://www.untitledui.com/react/components/paginations,src/app/(app)/achievements/page.tsx; src/app/achievements/achievements-client.tsx; src/app/achievements/achievement-unlock-ledger.tsx,Not started,Not started,,,XP totals reconcile with the actual ledger and no duplicate unlock is introduced.,
P63-C05,/achievements,Unlock calendar,P2,https://www.untitledui.com/react/components/calendars; https://www.untitledui.com/react/components/activity-feeds,src/app/(app)/achievements/page.tsx; src/app/achievements/achievements-client.tsx,Not started,Not started,,,Empty days do not imply failed activity or lost streaks unless such a rule exists.,
P63-C06,/achievements,Optional achievement sharing,P2,https://www.untitledui.com/react/components/modals; https://www.untitledui.com/react/components/buttons,src/app/(app)/achievements/page.tsx,Not started,Not started,,,Private measurements are not added to the share output without the existing permitted scope.,
P64-C01,/friends,"Friends, requests and discovery navigation",P2,https://www.untitledui.com/react/components/tabs,src/app/(app)/friends/page.tsx; src/app/friends/friends-tabs.tsx,Not started,Not started,,,Pending requests and accepted friendships remain distinct.,
P64-C02,/friends,People search and grouped directory,P2,https://www.untitledui.com/react/components/filter-bars; https://www.untitledui.com/react/components/drawers; https://www.untitledui.com/react/components/date-pickers,src/app/(app)/friends/page.tsx; src/app/friends/people-directory.tsx,Not started,Not started,,,Search never exposes fields outside the existing visibility model.,
P64-C03,/friends,Friendship and relationship actions,P2,https://www.untitledui.com/react/components/modals; https://www.untitledui.com/react/components/buttons,src/app/(app)/friends/page.tsx,Not started,Not started,,,Each action targets the correct person and state changes only after server confirmation.,
P64-C04,/friends,Invite a friend,P2,https://www.untitledui.com/react/components/inputs; https://www.untitledui.com/react/components/select; https://www.untitledui.com/react/components/textarea; https://www.untitledui.com/react/components/buttons,src/app/(app)/friends/page.tsx; src/app/friends/friend-invite-dialog.tsx,Not started,Not started,,,No invite is sent merely by opening or previewing the form.,
P65-C01,/groups,"My groups, discover and invitations",P2,https://www.untitledui.com/react/components/tabs,src/app/(app)/groups/page.tsx; src/app/groups/group-directory-tabs.tsx,Not started,Not started,,,Direct tab links and Back/Forward retain the intended directory view.,
P65-C02,/groups,Group directory rows,P2,https://www.untitledui.com/react/components/section-headers; https://www.untitledui.com/react/components/badges; https://www.untitledui.com/react/components/buttons,src/app/(app)/groups/page.tsx,Not started,Not started,,,Private group detail remains protected until authorised.,
P65-C03,/groups,Group invitation inbox,P2,https://www.untitledui.com/react/components/section-headers; https://www.untitledui.com/react/components/badges; https://www.untitledui.com/react/components/buttons,src/app/(app)/groups/page.tsx,Not started,Not started,,,Accepting/declining affects only the named invitation.,
P65-C04,/groups,Create group,P2,https://www.untitledui.com/react/components/inputs; https://www.untitledui.com/react/components/select; https://www.untitledui.com/react/components/textarea; https://www.untitledui.com/react/components/buttons,src/app/(app)/groups/page.tsx; src/app/groups/group-create-sheet.tsx,Not started,Not started,,,Saved visibility matches the selected option and no members are invited implicitly.,
P66-C01,/groups/[groupSlug],Group identity and section tabs,P2,https://www.untitledui.com/react/components/tabs,src/app/(app)/groups/[groupSlug]/page.tsx; src/app/groups/group-section-tabs.tsx,Not started,Not started,,,The selected groupSlug persists across all actions and tabs.,
P66-C02,/groups/[groupSlug],"About, current challenge and next event",P2,https://www.untitledui.com/react/components/section-headers; https://www.untitledui.com/react/components/badges; https://www.untitledui.com/react/components/buttons,src/app/(app)/groups/[groupSlug]/page.tsx,Not started,Not started,,,Linked events/challenges belong to the selected group context.,
P66-C03,/groups/[groupSlug],Group activity stream,P2,https://www.untitledui.com/react/components/activity-feeds; https://www.untitledui.com/react/components/dropdowns,src/app/(app)/groups/[groupSlug]/page.tsx,Not started,Not started,,,No private activity from another group appears.,
P66-C04,/groups/[groupSlug],Create group post,P2,https://www.untitledui.com/react/components/inputs; https://www.untitledui.com/react/components/select; https://www.untitledui.com/react/components/textarea; https://www.untitledui.com/react/components/buttons,src/app/(app)/groups/[groupSlug]/page.tsx,Not started,Not started,,,Publishing is explicit; private drafts are not shown as delivered posts.,
P66-C05,/groups/[groupSlug],Members and membership management,P2,https://www.untitledui.com/react/components/tables; https://www.untitledui.com/react/components/paginations,src/app/(app)/groups/[groupSlug]/page.tsx; src/app/groups/group-members-dialog.tsx,Not started,Not started,,,Role restrictions remain enforced by the server.,
P66-C06,/groups/[groupSlug],"Leave, delete and other group danger actions",P2,https://www.untitledui.com/react/components/modals; https://www.untitledui.com/react/components/buttons,src/app/(app)/groups/[groupSlug]/page.tsx; src/app/groups/group-danger-actions.tsx,Not started,Not started,,,No group-wide deletion is presented as simply leaving a group.,
P67-C01,/feed,Feed scope and activity filters,P2,https://www.untitledui.com/react/components/filter-bars; https://www.untitledui.com/react/components/drawers; https://www.untitledui.com/react/components/date-pickers,src/app/(app)/feed/page.tsx; src/app/feed/feed-filter-controls.tsx,Not started,Not started,,,Filtering does not turn the feed into an unexplained ranked algorithm.,
P67-C02,/feed,Activity stream and per-item actions,P2,https://www.untitledui.com/react/components/activity-feeds; https://www.untitledui.com/react/components/dropdowns,src/app/(app)/feed/page.tsx; src/components/social/feed-card-list.tsx,Not started,Not started,,,"Visibility, ordering and original event identity remain intact.",
P67-C03,/feed,Status update composer,P2,https://www.untitledui.com/react/components/inputs; https://www.untitledui.com/react/components/select; https://www.untitledui.com/react/components/textarea; https://www.untitledui.com/react/components/buttons,src/app/(app)/feed/page.tsx; src/app/feed/status-update-composer.tsx,Not started,Not started,,,No message is published without the user's explicit submit action.,
P67-C04,/feed,Network context and empty feed,P2,https://www.untitledui.com/react/components/section-headers; https://www.untitledui.com/react/components/badges; https://www.untitledui.com/react/components/buttons,src/app/(app)/feed/page.tsx,Not started,Not started,,,An empty network offers a real next action rather than fake sample activity.,
P68-C01,/social-intelligence,Generate weekly or challenge recap,P2,https://www.untitledui.com/react/components/inputs; https://www.untitledui.com/react/components/select; https://www.untitledui.com/react/components/textarea; https://www.untitledui.com/react/components/buttons,src/app/(app)/social-intelligence/page.tsx,Not started,Not started,,,Generated summaries retain the actual source scope and do not invent results.,
P68-C02,/social-intelligence,Saved recap list and detail,P2,https://www.untitledui.com/react/components/section-headers; https://www.untitledui.com/react/components/badges; https://www.untitledui.com/react/components/buttons,src/app/(app)/social-intelligence/page.tsx; src/components/ui/card.tsx,Not started,Not started,,,Reopening a recap retains its original content and evidence context.,
P68-C03,/social-intelligence,Report activity or comment,P2,https://www.untitledui.com/react/components/inputs; https://www.untitledui.com/react/components/select; https://www.untitledui.com/react/components/textarea; https://www.untitledui.com/react/components/buttons,src/app/(app)/social-intelligence/page.tsx,Not started,Not started,,,A report is submitted only by explicit action and is scoped to the correct item.,
P68-C04,/social-intelligence,Safety and moderation ledger,P2,https://www.untitledui.com/react/components/tables; https://www.untitledui.com/react/components/paginations,src/app/(app)/social-intelligence/page.tsx,Not started,Not started,,,Moderator-only data/actions stay protected; status labels reflect the real workflow.,
P69-C01,/profile,"Identity, avatar and public visibility",P2,https://www.untitledui.com/react/components/avatars; https://www.untitledui.com/react/components/badges; https://www.untitledui.com/react/components/dropdowns,src/app/(app)/profile/page.tsx,Not started,Not started,,,Profile identity and visibility agree with the saved account state.,
P69-C02,/profile,"Overview, achievements, records and sharing sections",P2,https://www.untitledui.com/react/components/tabs,src/app/(app)/profile/page.tsx; src/app/profile/profile-section-tabs.tsx,Not started,Not started,,,Each section preserves its data and actions on mobile.,
P69-C03,/profile,Game overview and recent activity,P2,https://www.untitledui.com/react/components/metrics; https://www.untitledui.com/react/components/tooltips,src/app/(app)/profile/page.tsx,Not started,Not started,,,Only supported summary data appears; missing values are unavailable.,
P69-C04,/profile,Profile achievement collection,P2,https://www.untitledui.com/react/components/section-headers; https://www.untitledui.com/react/components/badges; https://www.untitledui.com/react/components/buttons,src/app/(app)/profile/page.tsx,Not started,Not started,,,Unlocked counts agree with /achievements.,
P69-C05,/profile,Profile record collection,P2,https://www.untitledui.com/react/components/tables; https://www.untitledui.com/react/components/paginations,src/app/(app)/profile/page.tsx,Not started,Not started,,,Only actual earned/verified status is displayed.,
P69-C06,/profile,Edit profile details,P2,https://www.untitledui.com/react/components/inputs; https://www.untitledui.com/react/components/select; https://www.untitledui.com/react/components/textarea; https://www.untitledui.com/react/components/buttons,src/app/(app)/profile/page.tsx; src/app/profile/profile-edit-sheet.tsx,Not started,Not started,,,Saved values round-trip and validation errors are attached to the right fields.,
P69-C07,/profile,Avatar and profile media editor,P2,https://www.untitledui.com/react/components/file-uploaders,src/app/(app)/profile/page.tsx; src/app/profile/profile-media-editor.tsx,Not started,Not started,,,Cancelling leaves the previous image intact; upload failures do not blank the avatar.,
P69-C08,/profile,Profile sharing preferences,P2,https://www.untitledui.com/react/components/toggles; https://www.untitledui.com/react/components/inputs,src/app/(app)/profile/page.tsx,Not started,Not started,,,Disabled scopes are absent from the public profile and generated share output.,
P69-C09,/profile,"Share link, preview and QR",P2,https://www.untitledui.com/react/components/modals; https://www.untitledui.com/react/components/buttons,src/app/(app)/profile/page.tsx; src/app/profile/profile-share-dialog.tsx,Not started,Not started,,,The QR resolves to the correct profile; private fields are excluded.,
P70-C01,/profile/[username],Profile identity and relationship,P2,https://www.untitledui.com/react/components/avatars; https://www.untitledui.com/react/components/badges; https://www.untitledui.com/react/components/dropdowns,src/app/(app)/profile/[username]/page.tsx; src/components/premium.tsx; src/components/social/social-avatar.tsx,Not started,Not started,,,Private profiles and blocked relationships respect existing visibility rules.,
P70-C02,/profile/[username],"Friend, block and other profile actions",P2,https://www.untitledui.com/react/components/modals; https://www.untitledui.com/react/components/buttons,src/app/(app)/profile/[username]/page.tsx,Not started,Not started,,,Every action targets the viewed username/user ID and preserves server permissions.,
P70-C03,/profile/[username],Visible stats and bag comparison,P2,https://www.untitledui.com/react/components/tables; https://www.untitledui.com/react/components/paginations,src/app/(app)/profile/[username]/page.tsx,Not started,Not started,,,No hidden raw shot/session information leaks through table expansion or exports.,
P70-C04,/profile/[username],Visible activity ledger and feed,P2,https://www.untitledui.com/react/components/activity-feeds; https://www.untitledui.com/react/components/dropdowns,src/app/(app)/profile/[username]/page.tsx; src/components/social/feed-card-list.tsx,Not started,Not started,,,The feed never broadens access beyond the profile's approved scope.,
P71-C01,/settings,Settings section navigation,P2,https://www.untitledui.com/react/components/sidebar-navigations,src/app/(app)/settings/page.tsx,Not started,Not started,,,"General, Appearance, Privacy, Sharing, Notifications, Connected data, Billing and Danger zone remain reachable.",
P71-C02,/settings,Account details and preferred units,P2,https://www.untitledui.com/react/components/inputs; https://www.untitledui.com/react/components/select; https://www.untitledui.com/react/components/textarea; https://www.untitledui.com/react/components/buttons,src/app/(app)/settings/page.tsx,Not started,Not started,,,Unit changes update display consistently without rewriting stored physical measurements.,
P71-C03,/settings,Dashboard shortcuts,P2,https://www.untitledui.com/react/components/toggles; https://www.untitledui.com/react/components/inputs,src/app/(app)/settings/page.tsx,Not started,Not started,,,Saved pins agree with dashboard navigation.,
P71-C04,/settings,Theme and information density,P2,https://www.untitledui.com/react/components/inputs; https://www.untitledui.com/react/components/select; https://www.untitledui.com/react/components/textarea; https://www.untitledui.com/react/components/buttons,src/app/(app)/settings/page.tsx; src/components/theme-preference-select.tsx,Not started,Not started,,,Cancelling preview restores prior appearance and supported dark/light modes remain legible.,
P71-C05,/settings,Visibility defaults and current access,P2,https://www.untitledui.com/react/components/toggles; https://www.untitledui.com/react/components/inputs,src/app/(app)/settings/page.tsx,Not started,Not started,,,Public profile visibility never implies account-level access.,
P71-C06,/settings,Account access table,P2,https://www.untitledui.com/react/components/tables; https://www.untitledui.com/react/components/paginations,src/app/(app)/settings/page.tsx,Not started,Not started,,,Owner data remains scoped and role changes are authorised.,
P71-C07,/settings,"Invite coach, viewer or editor",P2,https://www.untitledui.com/react/components/inputs; https://www.untitledui.com/react/components/select; https://www.untitledui.com/react/components/textarea; https://www.untitledui.com/react/components/buttons,src/app/(app)/settings/page.tsx; src/app/settings/settings-access-actions.tsx,Not started,Not started,,,Creating an invitation never grants broader access than the selected existing role.,
P71-C08,/settings,Category delivery and in-app preferences,P2,https://www.untitledui.com/react/components/toggles; https://www.untitledui.com/react/components/inputs,src/app/(app)/settings/page.tsx,Not started,Not started,,,Settings here and /settings/notifications remain synchronised.,
P71-C09,/settings,"Data sources, health and account export",P2,https://www.untitledui.com/react/components/section-headers; https://www.untitledui.com/react/components/badges; https://www.untitledui.com/react/components/buttons,src/app/(app)/settings/page.tsx; src/components/features/feature-panels.tsx,Not started,Not started,,,Export uses the existing authorised endpoint and includes only user-owned data.,
P71-C10,/settings,Offline saved data and cache management,P2,https://www.untitledui.com/react/components/section-headers; https://www.untitledui.com/react/components/badges; https://www.untitledui.com/react/components/buttons,src/app/(app)/settings/page.tsx; src/app/settings/offline-storage-panel.tsx,Not started,Not started,,,Clearing cache follows existing protections and does not silently delete unsynced edits.,
P71-C11,/settings,Membership and billing entry,P2,https://www.untitledui.com/react/components/section-headers; https://www.untitledui.com/react/components/badges; https://www.untitledui.com/react/components/buttons,src/app/(app)/settings/page.tsx,Not started,Not started,,,The displayed plan agrees with actual entitlement state.,
P71-C12,/settings,Unsaved changes and save feedback,P2,https://www.untitledui.com/react/components/alerts; https://www.untitledui.com/react/components/notifications,src/app/(app)/settings/page.tsx; src/app/settings/settings-dirty-form.tsx; src/app/settings/settings-status-toast.tsx,Not started,Not started,,,A failed save retains values; a successful save clears dirty state exactly once.,
P71-C13,/settings,Reset golf data,P2,https://www.untitledui.com/react/components/modals; https://www.untitledui.com/react/components/buttons,src/app/(app)/settings/page.tsx; src/components/app/confirm-submit-button.tsx,Not started,Not started,,,Both existing confirmations remain required; no live reset is performed during visual verification.,
P71-C14,/settings,Delete account permanently,P2,https://www.untitledui.com/react/components/modals; https://www.untitledui.com/react/components/buttons,src/app/(app)/settings/page.tsx; src/components/app/confirm-submit-button.tsx,Not started,Not started,,,Server authentication and deletion protections are unchanged; verify using authorised fixtures only.,
P72-C01,/settings/notifications,Delivery by notification category,P2,https://www.untitledui.com/react/components/inputs; https://www.untitledui.com/react/components/select; https://www.untitledui.com/react/components/textarea; https://www.untitledui.com/react/components/buttons,src/app/(app)/settings/notifications/page.tsx; src/components/ui/select.tsx,Not started,Not started,,,Delivery values agree with the Settings notifications section.,
P72-C02,/settings/notifications,In-app notification categories,P2,https://www.untitledui.com/react/components/toggles; https://www.untitledui.com/react/components/inputs,src/app/(app)/settings/notifications/page.tsx; src/components/ui/switch.tsx,Not started,Not started,,,Disabled categories stop appearing according to the existing preference logic.,
P72-C03,/settings/notifications,Preference explanation and feedback,P2,https://www.untitledui.com/react/components/alerts; https://www.untitledui.com/react/components/notifications,src/app/(app)/settings/notifications/page.tsx; src/components/premium.tsx; src/components/ui/alert.tsx,Not started,Not started,,,The UI never promises push/email delivery that the product does not implement.,
P73-C01,/settings/invitations/[token],Invitation identity and access scope,P2,https://www.untitledui.com/react/components/page-headers; https://www.untitledui.com/react/components/section-headers,src/app/(app)/settings/invitations/[token]/page.tsx; src/components/premium.tsx,Not started,Not started,,,The token is validated server-side and does not expose unrelated account data.,
P73-C02,/settings/invitations/[token],Accept invitation and invalid states,P2,https://www.untitledui.com/react/components/modals; https://www.untitledui.com/react/components/buttons,src/app/(app)/settings/invitations/[token]/page.tsx; src/components/ui/button.tsx; src/components/ui/alert.tsx,Not started,Not started,,,Acceptance creates only the intended membership; invalid tokens never bypass checks.,
P74-C01,/shared/[userId],Shared player identity and role context,P2,https://www.untitledui.com/react/components/page-headers; https://www.untitledui.com/react/components/section-headers,src/app/(app)/shared/[userId]/page.tsx; src/components/premium.tsx,Not started,Not started,,,This route does not impersonate the owner or turn a read-only overview into mutation access.,
P74-C02,/shared/[userId],Permitted account summary,P2,https://www.untitledui.com/react/components/metrics; https://www.untitledui.com/react/components/tooltips,src/app/(app)/shared/[userId]/page.tsx; src/components/premium.tsx,Not started,Not started,,,Data remains scoped to the authorised shared owner.,
P74-C03,/shared/[userId],Recent shared sessions,P2,https://www.untitledui.com/react/components/tables; https://www.untitledui.com/react/components/paginations,src/app/(app)/shared/[userId]/page.tsx; src/components/ui/table.tsx,Not started,Not started,,,Unauthorised or revoked access returns an explicit safe state.,
P75-C01,/billing,Current plan and entitlement,P2,https://www.untitledui.com/react/components/metrics; https://www.untitledui.com/react/components/tooltips,src/app/(app)/billing/page.tsx,Not started,Not started,,,Temporary provider failure is not shown as a lost paid entitlement.,
P75-C02,/billing,Free versus Full comparison,P2,https://www.untitledui.com/react/components/tables; https://www.untitledui.com/react/components/radio-groups; https://www.untitledui.com/react/components/buttons,src/app/(app)/billing/page.tsx; src/components/ui/table.tsx,Not started,Not started,,,"No prices, limits or promises are invented by the visual migration.",
P75-C03,/billing,Plan and checkout selection,P2,https://www.untitledui.com/react/components/inputs; https://www.untitledui.com/react/components/select; https://www.untitledui.com/react/components/textarea; https://www.untitledui.com/react/components/buttons,src/app/(app)/billing/page.tsx,Not started,Not started,,,Opening or reviewing a plan does not initiate a charge; test payment flows in an authorised test environment.,
P75-C04,/billing,Manage subscription,P2,https://www.untitledui.com/react/components/modals; https://www.untitledui.com/react/components/buttons,src/app/(app)/billing/page.tsx; src/app/billing/billing-manage-dialog.tsx,Not started,Not started,,,No optimistic success is shown before the billing provider confirms the change.,
P75-C05,/billing,Billing history and receipts,P2,https://www.untitledui.com/react/components/tables; https://www.untitledui.com/react/components/paginations,src/app/(app)/billing/page.tsx,Not started,Not started,,,Currencies and amounts are exact and no private billing data crosses accounts.,
P75-C06,/billing,Plan explanations and service state,P2,https://www.untitledui.com/react/components/section-headers; https://www.untitledui.com/react/components/content-dividers,src/app/(app)/billing/page.tsx,Not started,Not started,,,The product UI explains what the user can do without exposing configuration instructions.,
P76-C01,/admin,Admin navigation and account context,P2,https://www.untitledui.com/react/components/sidebar-navigations,src/app/(admin)/admin/page.tsx; src/app/admin/admin-components.tsx,Not started,Not started,,,Admin permissions remain server-enforced on every route and action.,
P76-C02,/admin,Operational health overview,P2,https://www.untitledui.com/react/components/metrics; https://www.untitledui.com/react/components/tooltips,src/app/(admin)/admin/page.tsx; src/app/admin/admin-overview-components.tsx,Not started,Not started,,,Unknown/unavailable health is never shown as healthy.,
P76-C03,/admin,Priority queues and operations panels,P2,https://www.untitledui.com/react/components/tables; https://www.untitledui.com/react/components/paginations,src/app/(admin)/admin/page.tsx; src/app/admin/admin-overview-components.tsx,Not started,Not started,,,Queue totals and destinations agree with canonical admin data.,
P76-C04,/admin,Operations audit history,P2,https://www.untitledui.com/react/components/activity-feeds; https://www.untitledui.com/react/components/dropdowns,src/app/(admin)/admin/page.tsx; src/components/app/status-timeline.tsx,Not started,Not started,,,Sensitive details remain visible only to authorised administrators.,
P76-C05,/admin,Quick admin actions,P2,https://www.untitledui.com/react/components/section-headers; https://www.untitledui.com/react/components/badges; https://www.untitledui.com/react/components/buttons,src/app/(admin)/admin/page.tsx; src/components/ui/button.tsx,Not started,Not started,,,No administrative mutation happens from merely opening a menu.,
P77-C01,/admin/users,User search and account filters,P2,https://www.untitledui.com/react/components/filter-bars; https://www.untitledui.com/react/components/drawers; https://www.untitledui.com/react/components/date-pickers,src/app/(admin)/admin/users/page.tsx; src/components/ui/input.tsx; src/components/ui/select.tsx,Not started,Not started,,,Search results remain admin-only and query state survives detail navigation.,
P77-C02,/admin/users,User account table,P2,https://www.untitledui.com/react/components/tables; https://www.untitledui.com/react/components/paginations,src/app/(admin)/admin/users/page.tsx; src/components/ui/table.tsx,Not started,Not started,,,Actions cannot target a stale previously selected account.,
P77-C03,/admin/users,User access and role actions,P2,https://www.untitledui.com/react/components/modals; https://www.untitledui.com/react/components/buttons,src/app/(admin)/admin/users/page.tsx; src/app/admin/admin-user-actions.tsx,Not started,Not started,,,Role changes remain authorised and do not grant broader access implicitly.,
P77-C04,/admin/users,Account-operation feedback,P2,https://www.untitledui.com/react/components/alerts; https://www.untitledui.com/react/components/notifications,src/app/(admin)/admin/users/page.tsx; src/app/admin/admin-components.tsx,Not started,Not started,,,Failed operations leave the authoritative previous state visible.,
P78-C01,/admin/moderation,Queue filters and selection scope,P2,https://www.untitledui.com/react/components/filter-bars; https://www.untitledui.com/react/components/drawers; https://www.untitledui.com/react/components/date-pickers,src/app/(admin)/admin/moderation/page.tsx; src/components/app/desktop-workbench.tsx,Not started,Not started,,,Bulk actions cannot silently include unseen unselected rows.,
P78-C02,/admin/moderation,User reports queue,P2,https://www.untitledui.com/react/components/tables; https://www.untitledui.com/react/components/paginations,src/app/(admin)/admin/moderation/page.tsx; src/components/ui/table.tsx,Not started,Not started,,,A report remains distinct from an automatically detected moderation event.,
P78-C03,/admin/moderation,Moderation events queue,P2,https://www.untitledui.com/react/components/tables; https://www.untitledui.com/react/components/paginations,src/app/(admin)/admin/moderation/page.tsx; src/components/ui/table.tsx,Not started,Not started,,,Actions and status labels match the actual event workflow.,
P78-C04,/admin/moderation,Individual and bulk decisions,P2,https://www.untitledui.com/react/components/modals; https://www.untitledui.com/react/components/buttons,src/app/(admin)/admin/moderation/page.tsx; src/app/admin/moderation-row-actions.tsx; src/app/admin/admin-bulk-action-submit.tsx,Not started,Not started,,,Partial failure is not reported as total success; no action occurs on selection alone.,
P78-C05,/admin/moderation,Moderation audit history,P2,https://www.untitledui.com/react/components/activity-feeds; https://www.untitledui.com/react/components/dropdowns,src/app/(admin)/admin/moderation/page.tsx; src/components/app/status-timeline.tsx,Not started,Not started,,,Audit history is preserved through the UI migration.,
P79-C01,/admin/billing,Billing overview and plan limits,P2,https://www.untitledui.com/react/components/metrics; https://www.untitledui.com/react/components/tooltips,src/app/(admin)/admin/billing/page.tsx; src/app/admin/admin-components.tsx,Not started,Not started,,,No live pricing/limits are invented or cached as authoritative after errors.,
P79-C02,/admin/billing,Grant lifetime Full,P2,https://www.untitledui.com/react/components/modals; https://www.untitledui.com/react/components/buttons,src/app/(admin)/admin/billing/page.tsx; src/components/ui/input.tsx,Not started,Not started,,,The existing admin gate and explicit confirmation remain; visual tests do not grant real entitlements.,
P79-C03,/admin/billing,Subscriptions table and management,P2,https://www.untitledui.com/react/components/tables; https://www.untitledui.com/react/components/paginations,src/app/(admin)/admin/billing/page.tsx; src/components/ui/table.tsx; src/app/admin/admin-billing-actions.tsx,Not started,Not started,,,Provider failures and app entitlement state remain distinct.,
P79-C04,/admin/billing,Recent entitlement history,P2,https://www.untitledui.com/react/components/activity-feeds; https://www.untitledui.com/react/components/dropdowns,src/app/(admin)/admin/billing/page.tsx; src/components/app/status-timeline.tsx,Not started,Not started,,,Every displayed entitlement transition corresponds to an actual recorded event.,
P80-C01,/admin/challenges,Competition operations summary,P2,https://www.untitledui.com/react/components/metrics; https://www.untitledui.com/react/components/tooltips,src/app/(admin)/admin/challenges/page.tsx; src/app/admin/admin-components.tsx,Not started,Not started,,,Counts match the current admin scope.,
P80-C02,/admin/challenges,Template operations,P2,https://www.untitledui.com/react/components/inputs; https://www.untitledui.com/react/components/select; https://www.untitledui.com/react/components/textarea; https://www.untitledui.com/react/components/buttons,src/app/(admin)/admin/challenges/page.tsx; src/app/admin/admin-challenge-actions.tsx,Not started,Not started,,,Template changes preserve current validation and authorisation.,
P80-C03,/admin/challenges,Challenge boards register,P2,https://www.untitledui.com/react/components/tables; https://www.untitledui.com/react/components/paginations,src/app/(admin)/admin/challenges/page.tsx; src/components/ui/table.tsx,Not started,Not started,,,A selected board is unmistakable before a consequential action.,
P80-C04,/admin/challenges,Board and event management actions,P2,https://www.untitledui.com/react/components/modals; https://www.untitledui.com/react/components/buttons,src/app/(admin)/admin/challenges/page.tsx; src/app/admin/admin-challenge-actions.tsx,Not started,Not started,,,"Existing scoring, eligibility and audit rules remain intact.",
P81-C01,/admin/system-checks,Health summary and needs-attention list,P2,https://www.untitledui.com/react/components/metrics; https://www.untitledui.com/react/components/tooltips,src/app/(admin)/admin/system-checks/page.tsx,Not started,Not started,,,"Unknown, degraded and healthy remain distinct states.",
P81-C02,/admin/system-checks,Health register,P2,https://www.untitledui.com/react/components/tables; https://www.untitledui.com/react/components/paginations,src/app/(admin)/admin/system-checks/page.tsx,Not started,Not started,,,Sensitive operational information remains admin-only.,
P81-C03,/admin/system-checks,Retry failed check,P2,https://www.untitledui.com/react/components/modals; https://www.untitledui.com/react/components/buttons,src/app/(admin)/admin/system-checks/page.tsx; src/app/admin/admin-retry-button.tsx,Not started,Not started,,,A retry only marks success after an actual successful result.,
P81-C04,/admin/system-checks,Check history,P2,https://www.untitledui.com/react/components/activity-feeds; https://www.untitledui.com/react/components/dropdowns,src/app/(admin)/admin/system-checks/page.tsx; src/components/app/status-timeline.tsx,Not started,Not started,,,Historical failures are not erased by a newer successful result.,
P82-C01,/partners,Partner operations overview,P2,https://www.untitledui.com/react/components/metrics; https://www.untitledui.com/react/components/tooltips,src/app/(app)/partners/page.tsx,Not started,Not started,,,Owned and publicly visible partner information remain properly scoped.,
P82-C02,/partners,Create sponsor,P2,https://www.untitledui.com/react/components/inputs; https://www.untitledui.com/react/components/select; https://www.untitledui.com/react/components/textarea; https://www.untitledui.com/react/components/buttons,src/app/(app)/partners/page.tsx; src/components/ui/input.tsx,Not started,Not started,,,Creating a sponsor does not publish unrelated offers or send contact messages.,
P82-C03,/partners,Create partner offer,P2,https://www.untitledui.com/react/components/inputs; https://www.untitledui.com/react/components/select; https://www.untitledui.com/react/components/textarea; https://www.untitledui.com/react/components/buttons,src/app/(app)/partners/page.tsx; src/components/ui/select.tsx; src/components/ui/textarea.tsx,Not started,Not started,,,Offer URLs and sponsorship labels persist correctly.,
P82-C04,/partners,Partner offer cards and destination actions,P2,https://www.untitledui.com/react/components/section-headers; https://www.untitledui.com/react/components/badges; https://www.untitledui.com/react/components/buttons,src/app/(app)/partners/page.tsx; src/components/ui/card.tsx,Not started,Not started,,,Tracking follows the existing explicit click action; no click is recorded merely by rendering a preview.,
P82-C05,/partners,"Campaign, asset and plan requirements",P2,https://www.untitledui.com/react/components/tables; https://www.untitledui.com/react/components/paginations,src/app/(app)/partners/page.tsx,Not started,Not started,,,"Requirements reflect actual configured state, not assumed commercial terms.",
P83-C01,/,Public navigation,P2,https://www.untitledui.com/react/components/sidebar-navigations,src/app/page.tsx; src/components/marketing/marketing-header.tsx; src/components/marketing/marketing-mobile-menu.tsx,Not started,Not started,,,Every navigation link reaches a real section or route and no desktop menu overlaps the mobile menu.,
P83-C02,/,Hero product stage and primary CTA,P2,https://www.untitledui.com/react/components/page-headers; https://www.untitledui.com/react/components/section-headers,src/app/page.tsx; src/components/marketing/hero-product-stage.tsx,Not started,Not started,,,CTA destination is correct and critical copy stays visible with long text/200% zoom.,
P83-C03,/,Page progression and section transitions,P2,https://www.untitledui.com/react/components/section-headers; https://www.untitledui.com/react/components/content-dividers,src/app/page.tsx; src/components/marketing/story-continuity.tsx,Not started,Not started,,,All sections remain reachable without animation or precise scrolling gestures.,
P83-C04,/,Brand promise section,P2,https://www.untitledui.com/react/components/section-headers; https://www.untitledui.com/react/components/content-dividers,src/app/page.tsx; src/components/marketing/cinematic-sections.tsx,Not started,Not started,,,No unsupported product capability or result guarantee is added.,
P83-C05,/,Course Twin showcase,P2,https://www.untitledui.com/react/components/section-headers; https://www.untitledui.com/react/components/select; https://www.untitledui.com/react/components/tooltips,src/app/page.tsx; src/components/marketing/lazy-marketing-sections.tsx,Not started,Not started,,,No heavy animation is required to understand the feature or continue the page.,
P83-C06,/,Practice showcase,P2,https://www.untitledui.com/react/components/section-headers; https://www.untitledui.com/react/components/content-dividers,src/app/page.tsx; src/components/marketing/cinematic-sections.tsx,Not started,Not started,,,The demonstration does not imply unsupported automatic outcomes.,
P83-C07,/,Product screenshots and tour,P2,https://www.untitledui.com/react/components/section-headers; https://www.untitledui.com/react/components/badges; https://www.untitledui.com/react/components/buttons,src/app/page.tsx; src/components/marketing/cinematic-sections.tsx,Not started,Not started,,,Image alt text and product captions describe the actual shown feature.,
P83-C08,/,Feature grid,P2,https://www.untitledui.com/react/components/section-headers; https://www.untitledui.com/react/components/badges; https://www.untitledui.com/react/components/buttons,src/app/page.tsx; src/components/marketing/cinematic-sections.tsx,Not started,Not started,,,No placeholder links or generic unrelated SaaS features.,
P83-C09,/,Privacy and trust section,P2,https://www.untitledui.com/react/components/section-headers; https://www.untitledui.com/react/components/content-dividers,src/app/page.tsx; src/components/marketing/privacy-trust-section.tsx,Not started,Not started,,,"Do not invent certification, encryption guarantees or compliance claims.",
P83-C10,/,Public pricing section,P2,https://www.untitledui.com/react/components/tables; https://www.untitledui.com/react/components/radio-groups; https://www.untitledui.com/react/components/buttons,src/app/page.tsx; src/components/marketing/pricing-section.tsx,Not started,Not started,,,Public and private pricing agree; no purchase occurs from merely choosing a preview option.,
P83-C11,/,Beta access or join CTA,P2,https://www.untitledui.com/react/components/inputs; https://www.untitledui.com/react/components/select; https://www.untitledui.com/react/components/textarea; https://www.untitledui.com/react/components/buttons,src/app/page.tsx; src/components/marketing/beta-access-section.tsx,Not started,Not started,,,Do not add an email collection or subscription endpoint that does not exist.,
P83-C12,/,FAQ,P2,https://www.untitledui.com/react/components/section-headers; https://www.untitledui.com/react/components/content-dividers,src/app/page.tsx; src/components/marketing/lazy-marketing-sections.tsx,Not started,Not started,,,Visible FAQ answers agree with the page's FAQ structured data.,
P83-C13,/,Footer and policy links,P2,https://www.untitledui.com/react/components/section-headers; https://www.untitledui.com/react/components/badges; https://www.untitledui.com/react/components/buttons,src/app/page.tsx; src/components/marketing/marketing-footer.tsx,Not started,Not started,,,All footer links resolve and no duplicate contradictory brand names are introduced.,
P84-C01,/login,Authentication brand and product context,P2,https://www.untitledui.com/react/components/page-headers; https://www.untitledui.com/react/components/section-headers,src/app/login/page.tsx; src/components/brand-mark.tsx,Not started,Not started,,,The intended destination/return path remains visible or preserved.,
P84-C02,/login,Email/password and supported sign-in modes,P2,https://www.untitledui.com/react/components/inputs; https://www.untitledui.com/react/components/select; https://www.untitledui.com/react/components/textarea; https://www.untitledui.com/react/components/buttons,src/app/login/page.tsx; src/app/login/login-form.tsx,Not started,Not started,,,Successful sign-in preserves the safe return path; failures do not erase useful input or expose secrets.,
P84-C03,/login,"Authentication loading, errors and recovery",P2,https://www.untitledui.com/react/components/alerts; https://www.untitledui.com/react/components/notifications,src/app/login/page.tsx; src/app/login/login-form.tsx; src/components/ui/alert.tsx,Not started,Not started,,,No misleading success appears before authentication is confirmed.,
P84-C04,/login,Account-data and privacy explanation,P2,https://www.untitledui.com/react/components/section-headers; https://www.untitledui.com/react/components/content-dividers,src/app/login/page.tsx; src/components/premium.tsx,Not started,Not started,,,Copy matches actual data handling and does not expose configuration details.,
P85-C01,/welcome,First trusted insight and resume state,P2,https://www.untitledui.com/react/components/page-headers; https://www.untitledui.com/react/components/section-headers,src/app/(app)/welcome/page.tsx; src/app/(app)/welcome/welcome-workbench-page.tsx; src/app/(app)/welcome/welcome-companion-page.tsx,Not started,Not started,,,Returning users resume real saved progress; ?resume=1 remains meaningful.,
P85-C02,/welcome,Setup checklist and import path,P2,https://www.untitledui.com/react/components/progress-steps; https://www.untitledui.com/react/components/progress-indicators,src/app/(app)/welcome/page.tsx; src/app/(app)/welcome/welcome-workbench-page.tsx; src/app/(app)/welcome/welcome-companion-page.tsx,Not started,Not started,,,Opening a step does not mark it complete and historical state is not fabricated.,
P85-C03,/welcome,"Skip, continue and completion actions",P2,https://www.untitledui.com/react/components/section-headers; https://www.untitledui.com/react/components/badges; https://www.untitledui.com/react/components/buttons,src/app/(app)/welcome/page.tsx; src/app/(app)/welcome/welcome-workbench-page.tsx; src/app/(app)/welcome/welcome-companion-page.tsx,Not started,Not started,,,Skipping optional setup does not disable core golf functionality.,
P86-C01,/privacy,Data-notice title and navigation,P2,https://www.untitledui.com/react/components/page-headers; https://www.untitledui.com/react/components/section-headers,src/app/privacy/page.tsx; src/components/premium.tsx,Not started,Not started,,,The route remains available in public and signed-in contexts as intended.,
P86-C02,/privacy,Data categories and privacy explanations,P2,https://www.untitledui.com/react/components/section-headers; https://www.untitledui.com/react/components/content-dividers,src/app/privacy/page.tsx; src/components/premium.tsx,Not started,Not started,,,No NEXT_PUBLIC_* or DATABASE_URL setup instructions appear as ordinary privacy copy; factual claims are checked against implementation and approved policy.,
P86-C03,/privacy,"Export, deletion and practical controls",P2,https://www.untitledui.com/react/components/section-headers; https://www.untitledui.com/react/components/badges; https://www.untitledui.com/react/components/buttons,src/app/privacy/page.tsx; src/components/ui/button.tsx; src/components/ui/card.tsx,Not started,Not started,,,The notice does not imply data is deleted merely by following a link.,
P87-C01,/offline,Connection status and saved resources,P2,https://www.untitledui.com/react/components/alerts; https://www.untitledui.com/react/components/notifications,src/app/offline/page.tsx; src/app/offline/offline-companion.tsx,Not started,Not started,,,Unsaved/unavailable resources are not shown as ready; cached data age is visible.,
P87-C02,/offline,Saved practice and Quick Range,P2,https://www.untitledui.com/react/components/progress-steps; https://www.untitledui.com/react/components/progress-indicators,src/app/offline/page.tsx; src/app/practice/active-range-mode.tsx; src/app/practice/quick-range/quick-range-session.tsx,Not started,Not started,,,Reconnect does not overwrite local progress without the existing conflict process.,
P87-C03,/offline,Saved strategy and bag reference,P2,https://www.untitledui.com/react/components/section-headers; https://www.untitledui.com/react/components/select; https://www.untitledui.com/react/components/tooltips,src/app/offline/page.tsx; src/app/courses/strategy/mobile-hole-strategy.tsx; src/app/quick-bag/mobile-quick-bag.tsx,Not started,Not started,,,Offline values are never advertised as newly synced live data.,
P87-C04,/offline,Offline live-round draft,P2,https://www.untitledui.com/react/components/inputs; https://www.untitledui.com/react/components/select; https://www.untitledui.com/react/components/textarea; https://www.untitledui.com/react/components/buttons,src/app/offline/page.tsx; src/app/rounds/mobile-live-round.tsx,Not started,Not started,,,Closing/reopening offline restores saved draft data where supported; no silent loss on reconnect.,
P87-C05,/offline,Offline navigation and reconnect,P2,https://www.untitledui.com/react/components/sidebar-navigations,src/app/offline/page.tsx; src/app/offline/offline-navigation.tsx,Not started,Not started,,,Navigation never sends the user into an unexplained blank screen.,
P88-C01,/share/[token],Shared round identity and scope,P2,https://www.untitledui.com/react/components/page-headers; https://www.untitledui.com/react/components/section-headers,src/app/share/[token]/page.tsx; src/app/share/[token]/shared-round-workbench.tsx; src/app/share/[token]/shared-round-companion.tsx,Not started,Not started,,,Only the token-authorised frozen/current scope supported by the existing link is exposed.,
P88-C02,/share/[token],Shared scorecard and round details,P2,https://www.untitledui.com/react/components/tables; https://www.untitledui.com/react/components/paginations,src/app/share/[token]/page.tsx; src/app/share/[token]/shared-round-workbench.tsx; src/app/share/[token]/shared-round-companion.tsx,Not started,Not started,,,Totals reconcile and no edit/delete controls appear for public visitors.,
P88-C03,/share/[token],"Expired, revoked or missing shared round",P2,https://www.untitledui.com/react/components/empty-states; https://www.untitledui.com/react/components/loading-indicators; https://www.untitledui.com/react/components/alerts,src/app/share/[token]/page.tsx; src/app/share/[token]/shared-round-workbench.tsx; src/app/share/[token]/shared-round-companion.tsx,Not started,Not started,,,Invalid tokens never bypass server validation.,
P89-C01,/share/course-twin/[token],Shared twin identity and access scope,P2,https://www.untitledui.com/react/components/page-headers; https://www.untitledui.com/react/components/section-headers,src/app/share/course-twin/[token]/page.tsx; src/app/play/[courseId]/course-twin-runtime.tsx,Not started,Not started,,,Token permissions remain enforced and private runtime controls are absent.,
P89-C02,/share/course-twin/[token],Shared 3D/2D runtime,P2,https://www.untitledui.com/react/components/section-headers; https://www.untitledui.com/react/components/select; https://www.untitledui.com/react/components/tooltips,src/app/share/course-twin/[token]/page.tsx; src/app/play/[courseId]/course-twin-runtime.tsx; src/app/play/[courseId]/course-twin-scene.tsx,Not started,Not started,,,No private shot or round data outside the share scope enters the scene or detail panels.,
P89-C03,/share/course-twin/[token],Unavailable link and runtime recovery,P2,https://www.untitledui.com/react/components/empty-states; https://www.untitledui.com/react/components/loading-indicators; https://www.untitledui.com/react/components/alerts,src/app/share/course-twin/[token]/page.tsx; src/app/play/[courseId]/course-twin-comms.tsx,Not started,Not started,,,Retry never circumvents token validation.,
P90-C01,/share/report/[token],Password-protected report gate,P2,https://www.untitledui.com/react/components/inputs; https://www.untitledui.com/react/components/select; https://www.untitledui.com/react/components/textarea; https://www.untitledui.com/react/components/buttons,src/app/share/report/[token]/page.tsx; src/app/share/report/[token]/shared-coach-report-workbench.tsx; src/app/share/report/[token]/shared-coach-report-companion.tsx; src/app/share/report/[token]/shared-coach-report-password-form.tsx,Not started,Not started,,,Password and token validation remain server-side; no report data appears before access is granted.,
P90-C02,/share/report/[token],"Report identity, scope and evidence",P2,https://www.untitledui.com/react/components/section-headers; https://www.untitledui.com/react/components/content-dividers,src/app/share/report/[token]/page.tsx,Not started,Not started,,,The report shows only selected report data; private coach notes and later unrelated data remain excluded.,
P90-C03,/share/report/[token],"Revoked, expired and unavailable report",P2,https://www.untitledui.com/react/components/empty-states; https://www.untitledui.com/react/components/loading-indicators; https://www.untitledui.com/react/components/alerts,src/app/share/report/[token]/page.tsx; src/app/share/report/[token]/shared-coach-report-workbench.tsx; src/app/share/report/[token]/shared-coach-report-companion.tsx,Not started,Not started,,,Revocation/expiry cannot be bypassed through a alternate component or client-rendered cache.,
P91-C01,/companion/handoff,Surface handoff and preserved destination,P1,https://www.untitledui.com/react/components/section-headers; https://www.untitledui.com/react/components/badges; https://www.untitledui.com/react/components/buttons,src/app/(app)/companion/handoff/page.tsx; src/components/app/app-surface-link.tsx,Not started,Not started,,,"Switching surfaces preserves next, compareClub, compareMeasure and other valid query context without redirect loops.",
P91-C02,/companion/handoff,Useful fallback actions,P1,https://www.untitledui.com/react/components/empty-states; https://www.untitledui.com/react/components/loading-indicators; https://www.untitledui.com/react/components/alerts,src/app/(app)/companion/handoff/page.tsx,Not started,Not started,,,No unavailable route is silently omitted from the completion tracker.,
P92-C01,/companion/summary,Route-specific summary and next action,P2,https://www.untitledui.com/react/components/section-headers; https://www.untitledui.com/react/components/badges; https://www.untitledui.com/react/components/buttons,src/app/(app)/companion/summary/page.tsx,Not started,Not started,,,Summary content and destination correspond to the original requested route and selected entity.,
P92-C02,/companion/summary,Full-detail navigation and supporting context,P2,https://www.untitledui.com/react/components/section-headers; https://www.untitledui.com/react/components/badges; https://www.untitledui.com/react/components/buttons,src/app/(app)/companion/summary/page.tsx; src/components/app/app-surface-link.tsx; src/components/analysis/driver-development-panel.tsx,Not started,Not started,,,The summary is not used as proof that the deeper mobile workflow has been completed.,
P93-C01,/courses/[courseId]/records/[recordId],Canonical destination and selected component,P2,https://www.untitledui.com/react/components/tabs,src/app/(app)/courses/[courseId]/records/[recordId]/page.tsx,Not started,Not started,,,"Direct navigation, reload and Back/Forward reach the correct canonical task; invalid IDs still respect access/not-found handling.",
P94-C01,/courses/[courseId]/tournaments,Canonical destination and selected component,P2,https://www.untitledui.com/react/components/tabs,src/app/(app)/courses/[courseId]/tournaments/page.tsx,Not started,Not started,,,"Direct navigation, reload and Back/Forward reach the correct canonical task; invalid IDs still respect access/not-found handling.",
P95-C01,/tournaments/[tournamentId]/leaderboard,Canonical destination and selected component,P2,https://www.untitledui.com/react/components/tabs,src/app/(app)/tournaments/[tournamentId]/leaderboard/page.tsx,Not started,Not started,,,"Direct navigation, reload and Back/Forward reach the correct canonical task; invalid IDs still respect access/not-found handling.",
P96-C01,/tournaments/[tournamentId]/rounds,Canonical destination and selected component,P2,https://www.untitledui.com/react/components/tabs,src/app/(app)/tournaments/[tournamentId]/rounds/page.tsx,Not started,Not started,,,"Direct navigation, reload and Back/Forward reach the correct canonical task; invalid IDs still respect access/not-found handling.",
P97-C01,/tournaments/[tournamentId]/rules,Canonical destination and selected component,P2,https://www.untitledui.com/react/components/tabs,src/app/(app)/tournaments/[tournamentId]/rules/page.tsx,Not started,Not started,,,"Direct navigation, reload and Back/Forward reach the correct canonical task; invalid IDs still respect access/not-found handling.",
P98-C01,/tournaments/[tournamentId]/submit,Canonical destination and selected component,P2,https://www.untitledui.com/react/components/tabs,src/app/(app)/tournaments/[tournamentId]/submit/page.tsx,Not started,Not started,,,"Direct navigation, reload and Back/Forward reach the correct canonical task; invalid IDs still respect access/not-found handling.",
